#usda 1.0
(
    defaultPrim = "World"
    upAxis = "Y"
    metersPerUnit = 1.0
)

def Xform "World"
{
    def Mesh "Baseplate"
    {
        point3f[] points = [(0.7300000190734863, -0.3330000042915344, -1.0499999523162842), (0.7300000190734863, -0.31299999356269836, -1.0499999523162842), (0.7300000190734863, -0.3330000042915344, 1.0499999523162842), (0.7300000190734863, -0.31299999356269836, 1.0499999523162842), (-0.7300000190734863, -0.31299999356269836, -1.0499999523162842), (-0.7300000190734863, -0.3330000042915344, -1.0499999523162842), (-0.7300000190734863, -0.3330000042915344, 1.0499999523162842), (-0.7300000190734863, -0.31299999356269836, 1.0499999523162842)]
        int[] faceVertexCounts = [3, 3, 3, 3, 3, 3, 3, 3, 3, 3, 3, 3]
        int[] faceVertexIndices = [0, 1, 2, 2, 1, 3, 4, 5, 6, 4, 6, 7, 5, 4, 0, 0, 4, 1, 7, 6, 2, 7, 2, 3, 2, 6, 0, 0, 6, 5, 7, 3, 1, 7, 1, 4]
        float3[] extent = [(-0.7300000190734863, -0.3330000042915344, -1.0499999523162842), (0.7300000190734863, -0.31299999356269836, 1.0499999523162842)]
        uniform token subdivisionScheme = "none"
        bool physics:collisionEnabled = false
        color3f[] primvars:displayColor = [(0.5803921818733215, 0.6313725709915161, 0.6784313917160034)]
    }
    def Mesh "LowerRailL"
    {
        point3f[] points = [(0.7300000190734863, -0.31299999356269836, -1.0499999523162842), (0.7300000190734863, -0.2529999911785126, -1.0499999523162842), (0.7300000190734863, -0.31299999356269836, 1.0499999523162842), (0.7300000190734863, -0.2529999911785126, 1.0499999523162842), (0.6499999761581421, -0.2529999911785126, -1.0499999523162842), (0.6499999761581421, -0.31299999356269836, -1.0499999523162842), (0.6499999761581421, -0.31299999356269836, 1.0499999523162842), (0.6499999761581421, -0.2529999911785126, 1.0499999523162842)]
        int[] faceVertexCounts = [3, 3, 3, 3, 3, 3, 3, 3, 3, 3, 3, 3]
        int[] faceVertexIndices = [0, 1, 2, 2, 1, 3, 4, 5, 6, 4, 6, 7, 5, 4, 0, 0, 4, 1, 7, 6, 2, 7, 2, 3, 2, 6, 0, 0, 6, 5, 7, 3, 1, 7, 1, 4]
        float3[] extent = [(0.6499999761581421, -0.31299999356269836, -1.0499999523162842), (0.7300000190734863, -0.2529999911785126, 1.0499999523162842)]
        uniform token subdivisionScheme = "none"
        bool physics:collisionEnabled = false
        color3f[] primvars:displayColor = [(0.5803921818733215, 0.6313725709915161, 0.6784313917160034)]
    }
    def Mesh "UpperRailL"
    {
        point3f[] points = [(0.7300000190734863, -0.013000000268220901, -1.0499999523162842), (0.7300000190734863, 0.04699999839067459, -1.0499999523162842), (0.7300000190734863, -0.013000000268220901, 1.0499999523162842), (0.7300000190734863, 0.04699999839067459, 1.0499999523162842), (0.6499999761581421, 0.04699999839067459, -1.0499999523162842), (0.6499999761581421, -0.013000000268220901, -1.0499999523162842), (0.6499999761581421, -0.013000000268220901, 1.0499999523162842), (0.6499999761581421, 0.04699999839067459, 1.0499999523162842)]
        int[] faceVertexCounts = [3, 3, 3, 3, 3, 3, 3, 3, 3, 3, 3, 3]
        int[] faceVertexIndices = [0, 1, 2, 2, 1, 3, 4, 5, 6, 4, 6, 7, 5, 4, 0, 0, 4, 1, 7, 6, 2, 7, 2, 3, 2, 6, 0, 0, 6, 5, 7, 3, 1, 7, 1, 4]
        float3[] extent = [(0.6499999761581421, -0.013000000268220901, -1.0499999523162842), (0.7300000190734863, 0.04699999839067459, 1.0499999523162842)]
        uniform token subdivisionScheme = "none"
        bool physics:collisionEnabled = false
        color3f[] primvars:displayColor = [(0.5803921818733215, 0.6313725709915161, 0.6784313917160034)]
    }
    def Mesh "PostLF"
    {
        point3f[] points = [(0.7300000190734863, -0.2529999911785126, -1.0499999523162842), (0.7300000190734863, -0.013000000268220901, -1.0499999523162842), (0.7300000190734863, -0.2529999911785126, -0.9700000286102295), (0.7300000190734863, -0.013000000268220901, -0.9700000286102295), (0.6499999761581421, -0.013000000268220901, -1.0499999523162842), (0.6499999761581421, -0.2529999911785126, -1.0499999523162842), (0.6499999761581421, -0.2529999911785126, -0.9700000286102295), (0.6499999761581421, -0.013000000268220901, -0.9700000286102295)]
        int[] faceVertexCounts = [3, 3, 3, 3, 3, 3, 3, 3, 3, 3, 3, 3]
        int[] faceVertexIndices = [0, 1, 2, 2, 1, 3, 4, 5, 6, 4, 6, 7, 5, 4, 0, 0, 4, 1, 7, 6, 2, 7, 2, 3, 2, 6, 0, 0, 6, 5, 7, 3, 1, 7, 1, 4]
        float3[] extent = [(0.6499999761581421, -0.2529999911785126, -1.0499999523162842), (0.7300000190734863, -0.013000000268220901, -0.9700000286102295)]
        uniform token subdivisionScheme = "none"
        bool physics:collisionEnabled = false
        color3f[] primvars:displayColor = [(0.5803921818733215, 0.6313725709915161, 0.6784313917160034)]
    }
    def Mesh "PostLR"
    {
        point3f[] points = [(0.7300000190734863, -0.2529999911785126, 0.9700000286102295), (0.7300000190734863, -0.013000000268220901, 0.9700000286102295), (0.7300000190734863, -0.2529999911785126, 1.0499999523162842), (0.7300000190734863, -0.013000000268220901, 1.0499999523162842), (0.6499999761581421, -0.013000000268220901, 0.9700000286102295), (0.6499999761581421, -0.2529999911785126, 0.9700000286102295), (0.6499999761581421, -0.2529999911785126, 1.0499999523162842), (0.6499999761581421, -0.013000000268220901, 1.0499999523162842)]
        int[] faceVertexCounts = [3, 3, 3, 3, 3, 3, 3, 3, 3, 3, 3, 3]
        int[] faceVertexIndices = [0, 1, 2, 2, 1, 3, 4, 5, 6, 4, 6, 7, 5, 4, 0, 0, 4, 1, 7, 6, 2, 7, 2, 3, 2, 6, 0, 0, 6, 5, 3, 1, 4, 7, 3, 4]
        float3[] extent = [(0.6499999761581421, -0.2529999911785126, 0.9700000286102295), (0.7300000190734863, -0.013000000268220901, 1.0499999523162842)]
        uniform token subdivisionScheme = "none"
        bool physics:collisionEnabled = false
        color3f[] primvars:displayColor = [(0.5803921818733215, 0.6313725709915161, 0.6784313917160034)]
    }
    def Mesh "LowerRailR"
    {
        point3f[] points = [(-0.6499999761581421, -0.31299999356269836, -1.0499999523162842), (-0.6499999761581421, -0.2529999911785126, -1.0499999523162842), (-0.6499999761581421, -0.31299999356269836, 1.0499999523162842), (-0.6499999761581421, -0.2529999911785126, 1.0499999523162842), (-0.7300000190734863, -0.2529999911785126, -1.0499999523162842), (-0.7300000190734863, -0.31299999356269836, -1.0499999523162842), (-0.7300000190734863, -0.31299999356269836, 1.0499999523162842), (-0.7300000190734863, -0.2529999911785126, 1.0499999523162842)]
        int[] faceVertexCounts = [3, 3, 3, 3, 3, 3, 3, 3, 3, 3, 3, 3]
        int[] faceVertexIndices = [0, 1, 2, 2, 1, 3, 4, 5, 6, 4, 6, 7, 5, 4, 0, 0, 4, 1, 7, 6, 2, 7, 2, 3, 2, 6, 0, 0, 6, 5, 7, 3, 1, 7, 1, 4]
        float3[] extent = [(-0.7300000190734863, -0.31299999356269836, -1.0499999523162842), (-0.6499999761581421, -0.2529999911785126, 1.0499999523162842)]
        uniform token subdivisionScheme = "none"
        bool physics:collisionEnabled = false
        color3f[] primvars:displayColor = [(0.5803921818733215, 0.6313725709915161, 0.6784313917160034)]
    }
    def Mesh "UpperRailR"
    {
        point3f[] points = [(-0.6499999761581421, -0.013000000268220901, -1.0499999523162842), (-0.6499999761581421, 0.04699999839067459, -1.0499999523162842), (-0.6499999761581421, -0.013000000268220901, 1.0499999523162842), (-0.6499999761581421, 0.04699999839067459, 1.0499999523162842), (-0.7300000190734863, 0.04699999839067459, -1.0499999523162842), (-0.7300000190734863, -0.013000000268220901, -1.0499999523162842), (-0.7300000190734863, -0.013000000268220901, 1.0499999523162842), (-0.7300000190734863, 0.04699999839067459, 1.0499999523162842)]
        int[] faceVertexCounts = [3, 3, 3, 3, 3, 3, 3, 3, 3, 3, 3, 3]
        int[] faceVertexIndices = [0, 1, 2, 2, 1, 3, 4, 5, 6, 4, 6, 7, 5, 4, 0, 0, 4, 1, 7, 6, 2, 7, 2, 3, 2, 6, 0, 0, 6, 5, 7, 3, 1, 7, 1, 4]
        float3[] extent = [(-0.7300000190734863, -0.013000000268220901, -1.0499999523162842), (-0.6499999761581421, 0.04699999839067459, 1.0499999523162842)]
        uniform token subdivisionScheme = "none"
        bool physics:collisionEnabled = false
        color3f[] primvars:displayColor = [(0.5803921818733215, 0.6313725709915161, 0.6784313917160034)]
    }
    def Mesh "PostRF"
    {
        point3f[] points = [(-0.6499999761581421, -0.2529999911785126, -1.0499999523162842), (-0.6499999761581421, -0.013000000268220901, -1.0499999523162842), (-0.6499999761581421, -0.2529999911785126, -0.9700000286102295), (-0.6499999761581421, -0.013000000268220901, -0.9700000286102295), (-0.7300000190734863, -0.013000000268220901, -1.0499999523162842), (-0.7300000190734863, -0.2529999911785126, -1.0499999523162842), (-0.7300000190734863, -0.2529999911785126, -0.9700000286102295), (-0.7300000190734863, -0.013000000268220901, -0.9700000286102295)]
        int[] faceVertexCounts = [3, 3, 3, 3, 3, 3, 3, 3, 3, 3, 3, 3]
        int[] faceVertexIndices = [0, 1, 2, 2, 1, 3, 4, 5, 6, 4, 6, 7, 5, 4, 0, 0, 4, 1, 7, 6, 2, 7, 2, 3, 2, 6, 0, 0, 6, 5, 7, 3, 1, 7, 1, 4]
        float3[] extent = [(-0.7300000190734863, -0.2529999911785126, -1.0499999523162842), (-0.6499999761581421, -0.013000000268220901, -0.9700000286102295)]
        uniform token subdivisionScheme = "none"
        bool physics:collisionEnabled = false
        color3f[] primvars:displayColor = [(0.5803921818733215, 0.6313725709915161, 0.6784313917160034)]
    }
    def Mesh "PostRR"
    {
        point3f[] points = [(-0.6499999761581421, -0.2529999911785126, 0.9700000286102295), (-0.6499999761581421, -0.013000000268220901, 0.9700000286102295), (-0.6499999761581421, -0.2529999911785126, 1.0499999523162842), (-0.6499999761581421, -0.013000000268220901, 1.0499999523162842), (-0.7300000190734863, -0.013000000268220901, 0.9700000286102295), (-0.7300000190734863, -0.2529999911785126, 0.9700000286102295), (-0.7300000190734863, -0.2529999911785126, 1.0499999523162842), (-0.7300000190734863, -0.013000000268220901, 1.0499999523162842)]
        int[] faceVertexCounts = [3, 3, 3, 3, 3, 3, 3, 3, 3, 3, 3, 3]
        int[] faceVertexIndices = [0, 1, 2, 2, 1, 3, 4, 5, 6, 4, 6, 7, 5, 4, 0, 0, 4, 1, 7, 6, 2, 7, 2, 3, 2, 6, 0, 0, 6, 5, 3, 1, 4, 7, 3, 4]
        float3[] extent = [(-0.7300000190734863, -0.2529999911785126, 0.9700000286102295), (-0.6499999761581421, -0.013000000268220901, 1.0499999523162842)]
        uniform token subdivisionScheme = "none"
        bool physics:collisionEnabled = false
        color3f[] primvars:displayColor = [(0.5803921818733215, 0.6313725709915161, 0.6784313917160034)]
    }
    def Mesh "UpperCrossF"
    {
        point3f[] points = [(0.6499999761581421, -0.013000000268220901, -1.0499999523162842), (0.6499999761581421, 0.04699999839067459, -1.0499999523162842), (0.6499999761581421, -0.013000000268220901, -0.9700000286102295), (0.6499999761581421, 0.04699999839067459, -0.9700000286102295), (-0.6499999761581421, 0.04699999839067459, -1.0499999523162842), (-0.6499999761581421, -0.013000000268220901, -1.0499999523162842), (-0.6499999761581421, -0.013000000268220901, -0.9700000286102295), (-0.6499999761581421, 0.04699999839067459, -0.9700000286102295)]
        int[] faceVertexCounts = [3, 3, 3, 3, 3, 3, 3, 3, 3, 3, 3, 3]
        int[] faceVertexIndices = [0, 1, 2, 2, 1, 3, 4, 5, 6, 4, 6, 7, 5, 4, 0, 0, 4, 1, 7, 6, 2, 7, 2, 3, 2, 6, 0, 0, 6, 5, 7, 3, 1, 7, 1, 4]
        float3[] extent = [(-0.6499999761581421, -0.013000000268220901, -1.0499999523162842), (0.6499999761581421, 0.04699999839067459, -0.9700000286102295)]
        uniform token subdivisionScheme = "none"
        bool physics:collisionEnabled = false
        color3f[] primvars:displayColor = [(0.5803921818733215, 0.6313725709915161, 0.6784313917160034)]
    }
    def Mesh "UpperCrossR"
    {
        point3f[] points = [(0.6499999761581421, -0.013000000268220901, 0.9700000286102295), (0.6499999761581421, 0.04699999839067459, 0.9700000286102295), (0.6499999761581421, -0.013000000268220901, 1.0499999523162842), (0.6499999761581421, 0.04699999839067459, 1.0499999523162842), (-0.6499999761581421, 0.04699999839067459, 0.9700000286102295), (-0.6499999761581421, -0.013000000268220901, 0.9700000286102295), (-0.6499999761581421, -0.013000000268220901, 1.0499999523162842), (-0.6499999761581421, 0.04699999839067459, 1.0499999523162842)]
        int[] faceVertexCounts = [3, 3, 3, 3, 3, 3, 3, 3, 3, 3, 3, 3]
        int[] faceVertexIndices = [0, 1, 2, 2, 1, 3, 4, 5, 6, 4, 6, 7, 5, 4, 0, 0, 4, 1, 7, 6, 2, 7, 2, 3, 2, 6, 0, 0, 6, 5, 7, 3, 1, 7, 1, 4]
        float3[] extent = [(-0.6499999761581421, -0.013000000268220901, 0.9700000286102295), (0.6499999761581421, 0.04699999839067459, 1.0499999523162842)]
        uniform token subdivisionScheme = "none"
        bool physics:collisionEnabled = false
        color3f[] primvars:displayColor = [(0.5803921818733215, 0.6313725709915161, 0.6784313917160034)]
    }
    def Mesh "FloorCross0"
    {
        point3f[] points = [(0.6499999761581421, -0.31299999356269836, -0.75), (0.6499999761581421, -0.2529999911785126, -0.75), (0.6499999761581421, -0.31299999356269836, -0.6899999976158142), (0.6499999761581421, -0.2529999911785126, -0.6899999976158142), (-0.6499999761581421, -0.2529999911785126, -0.75), (-0.6499999761581421, -0.31299999356269836, -0.75), (-0.6499999761581421, -0.31299999356269836, -0.6899999976158142), (-0.6499999761581421, -0.2529999911785126, -0.6899999976158142)]
        int[] faceVertexCounts = [3, 3, 3, 3, 3, 3, 3, 3, 3, 3, 3, 3]
        int[] faceVertexIndices = [0, 1, 2, 2, 1, 3, 4, 5, 6, 4, 6, 7, 5, 4, 0, 0, 4, 1, 7, 6, 2, 7, 2, 3, 2, 6, 0, 0, 6, 5, 7, 3, 1, 7, 1, 4]
        float3[] extent = [(-0.6499999761581421, -0.31299999356269836, -0.75), (0.6499999761581421, -0.2529999911785126, -0.6899999976158142)]
        uniform token subdivisionScheme = "none"
        bool physics:collisionEnabled = false
        color3f[] primvars:displayColor = [(0.5803921818733215, 0.6313725709915161, 0.6784313917160034)]
    }
    def Mesh "FloorCross1"
    {
        point3f[] points = [(0.6499999761581421, -0.31299999356269836, -0.029999999329447746), (0.6499999761581421, -0.2529999911785126, -0.029999999329447746), (0.6499999761581421, -0.31299999356269836, 0.029999999329447746), (0.6499999761581421, -0.2529999911785126, 0.029999999329447746), (-0.6499999761581421, -0.2529999911785126, -0.029999999329447746), (-0.6499999761581421, -0.31299999356269836, -0.029999999329447746), (-0.6499999761581421, -0.31299999356269836, 0.029999999329447746), (-0.6499999761581421, -0.2529999911785126, 0.029999999329447746)]
        int[] faceVertexCounts = [3, 3, 3, 3, 3, 3, 3, 3, 3, 3, 3, 3]
        int[] faceVertexIndices = [0, 1, 2, 2, 1, 3, 4, 5, 6, 4, 6, 7, 5, 4, 0, 0, 4, 1, 7, 6, 2, 7, 2, 3, 2, 6, 0, 0, 6, 5, 7, 3, 1, 7, 1, 4]
        float3[] extent = [(-0.6499999761581421, -0.31299999356269836, -0.029999999329447746), (0.6499999761581421, -0.2529999911785126, 0.029999999329447746)]
        uniform token subdivisionScheme = "none"
        bool physics:collisionEnabled = false
        color3f[] primvars:displayColor = [(0.5803921818733215, 0.6313725709915161, 0.6784313917160034)]
    }
    def Mesh "FloorCross2"
    {
        point3f[] points = [(0.6499999761581421, -0.31299999356269836, 0.6899999976158142), (0.6499999761581421, -0.2529999911785126, 0.6899999976158142), (0.6499999761581421, -0.31299999356269836, 0.75), (0.6499999761581421, -0.2529999911785126, 0.75), (-0.6499999761581421, -0.2529999911785126, 0.6899999976158142), (-0.6499999761581421, -0.31299999356269836, 0.6899999976158142), (-0.6499999761581421, -0.31299999356269836, 0.75), (-0.6499999761581421, -0.2529999911785126, 0.75)]
        int[] faceVertexCounts = [3, 3, 3, 3, 3, 3, 3, 3, 3, 3, 3, 3]
        int[] faceVertexIndices = [0, 1, 2, 2, 1, 3, 4, 5, 6, 4, 6, 7, 5, 4, 0, 0, 4, 1, 7, 6, 2, 7, 2, 3, 2, 6, 0, 0, 6, 5, 7, 3, 1, 7, 1, 4]
        float3[] extent = [(-0.6499999761581421, -0.31299999356269836, 0.6899999976158142), (0.6499999761581421, -0.2529999911785126, 0.75)]
        uniform token subdivisionScheme = "none"
        bool physics:collisionEnabled = false
        color3f[] primvars:displayColor = [(0.5803921818733215, 0.6313725709915161, 0.6784313917160034)]
    }
    def Mesh "SkinL"
    {
        point3f[] points = [(0.7379999756813049, -0.31299999356269836, -1.0499999523162842), (0.7379999756813049, 0.04699999839067459, -1.0499999523162842), (0.7379999756813049, -0.31299999356269836, 1.0499999523162842), (0.7379999756813049, 0.04699999839067459, 1.0499999523162842), (0.7300000190734863, 0.04699999839067459, -1.0499999523162842), (0.7300000190734863, -0.31299999356269836, -1.0499999523162842), (0.7300000190734863, -0.31299999356269836, 1.0499999523162842), (0.7300000190734863, 0.04699999839067459, 1.0499999523162842)]
        int[] faceVertexCounts = [3, 3, 3, 3, 3, 3, 3, 3, 3, 3, 3, 3]
        int[] faceVertexIndices = [0, 1, 2, 2, 1, 3, 4, 5, 6, 4, 6, 7, 5, 4, 0, 0, 4, 1, 7, 6, 2, 7, 2, 3, 0, 2, 5, 2, 6, 5, 3, 1, 4, 7, 3, 4]
        float3[] extent = [(0.7300000190734863, -0.31299999356269836, -1.0499999523162842), (0.7379999756813049, 0.04699999839067459, 1.0499999523162842)]
        uniform token subdivisionScheme = "none"
        bool physics:collisionEnabled = false
        color3f[] primvars:displayColor = [(0.8588235378265381, 0.8784313797950745, 0.8784313797950745)]
    }
    def Mesh "SkinR"
    {
        point3f[] points = [(-0.7300000190734863, -0.31299999356269836, -1.0499999523162842), (-0.7300000190734863, 0.04699999839067459, -1.0499999523162842), (-0.7300000190734863, -0.31299999356269836, 1.0499999523162842), (-0.7300000190734863, 0.04699999839067459, 1.0499999523162842), (-0.7379999756813049, 0.04699999839067459, -1.0499999523162842), (-0.7379999756813049, -0.31299999356269836, -1.0499999523162842), (-0.7379999756813049, -0.31299999356269836, 1.0499999523162842), (-0.7379999756813049, 0.04699999839067459, 1.0499999523162842)]
        int[] faceVertexCounts = [3, 3, 3, 3, 3, 3, 3, 3, 3, 3, 3, 3]
        int[] faceVertexIndices = [0, 1, 2, 2, 1, 3, 4, 5, 6, 4, 6, 7, 5, 4, 0, 0, 4, 1, 7, 6, 2, 7, 2, 3, 0, 2, 5, 2, 6, 5, 3, 1, 4, 7, 3, 4]
        float3[] extent = [(-0.7379999756813049, -0.31299999356269836, -1.0499999523162842), (-0.7300000190734863, 0.04699999839067459, 1.0499999523162842)]
        uniform token subdivisionScheme = "none"
        bool physics:collisionEnabled = false
        color3f[] primvars:displayColor = [(0.8588235378265381, 0.8784313797950745, 0.8784313797950745)]
    }
    def Mesh "SkinFront"
    {
        point3f[] points = [(0.7300000190734863, -0.31299999356269836, -1.0579999685287476), (0.7300000190734863, 0.04699999839067459, -1.0579999685287476), (0.7300000190734863, -0.31299999356269836, -1.0499999523162842), (0.7300000190734863, 0.04699999839067459, -1.0499999523162842), (-0.7300000190734863, 0.04699999839067459, -1.0579999685287476), (-0.7300000190734863, -0.31299999356269836, -1.0579999685287476), (-0.7300000190734863, -0.31299999356269836, -1.0499999523162842), (-0.7300000190734863, 0.04699999839067459, -1.0499999523162842)]
        int[] faceVertexCounts = [3, 3, 3, 3, 3, 3, 3, 3, 3, 3, 3, 3]
        int[] faceVertexIndices = [0, 1, 2, 2, 1, 3, 4, 5, 6, 4, 6, 7, 5, 4, 0, 0, 4, 1, 7, 6, 2, 7, 2, 3, 2, 6, 0, 0, 6, 5, 7, 3, 1, 7, 1, 4]
        float3[] extent = [(-0.7300000190734863, -0.31299999356269836, -1.0579999685287476), (0.7300000190734863, 0.04699999839067459, -1.0499999523162842)]
        uniform token subdivisionScheme = "none"
        bool physics:collisionEnabled = false
        color3f[] primvars:displayColor = [(0.8588235378265381, 0.8784313797950745, 0.8784313797950745)]
    }
    def Mesh "SkinRear"
    {
        point3f[] points = [(0.7300000190734863, -0.31299999356269836, 1.0499999523162842), (0.7300000190734863, 0.04699999839067459, 1.0499999523162842), (0.7300000190734863, -0.31299999356269836, 1.0579999685287476), (0.7300000190734863, 0.04699999839067459, 1.0579999685287476), (-0.7300000190734863, 0.04699999839067459, 1.0499999523162842), (-0.7300000190734863, -0.31299999356269836, 1.0499999523162842), (-0.7300000190734863, -0.31299999356269836, 1.0579999685287476), (-0.7300000190734863, 0.04699999839067459, 1.0579999685287476)]
        int[] faceVertexCounts = [3, 3, 3, 3, 3, 3, 3, 3, 3, 3, 3, 3]
        int[] faceVertexIndices = [0, 1, 2, 2, 1, 3, 4, 5, 6, 4, 6, 7, 5, 4, 0, 0, 4, 1, 7, 6, 2, 7, 2, 3, 2, 6, 0, 0, 6, 5, 7, 3, 1, 7, 1, 4]
        float3[] extent = [(-0.7300000190734863, -0.31299999356269836, 1.0499999523162842), (0.7300000190734863, 0.04699999839067459, 1.0579999685287476)]
        uniform token subdivisionScheme = "none"
        bool physics:collisionEnabled = false
        color3f[] primvars:displayColor = [(0.8588235378265381, 0.8784313797950745, 0.8784313797950745)]
    }
    def Mesh "TopDeck"
    {
        point3f[] points = [(0.7300000190734863, 0.04699999839067459, -1.0499999523162842), (0.7300000190734863, 0.06300000101327896, -1.0499999523162842), (0.7300000190734863, 0.04699999839067459, 1.0499999523162842), (0.7300000190734863, 0.06300000101327896, 1.0499999523162842), (-0.7300000190734863, 0.06300000101327896, -1.0499999523162842), (-0.7300000190734863, 0.04699999839067459, -1.0499999523162842), (-0.7300000190734863, 0.04699999839067459, 1.0499999523162842), (-0.7300000190734863, 0.06300000101327896, 1.0499999523162842)]
        int[] faceVertexCounts = [3, 3, 3, 3, 3, 3, 3, 3, 3, 3, 3, 3]
        int[] faceVertexIndices = [0, 1, 2, 2, 1, 3, 4, 5, 6, 4, 6, 7, 5, 4, 0, 0, 4, 1, 7, 6, 2, 7, 2, 3, 2, 6, 0, 0, 6, 5, 7, 3, 1, 7, 1, 4]
        float3[] extent = [(-0.7300000190734863, 0.04699999839067459, -1.0499999523162842), (0.7300000190734863, 0.06300000101327896, 1.0499999523162842)]
        uniform token subdivisionScheme = "none"
        bool physics:collisionEnabled = false
        color3f[] primvars:displayColor = [(0.8588235378265381, 0.8784313797950745, 0.8784313797950745)]
    }
    def Mesh "BatteryTray"
    {
        point3f[] points = [(0.5799999833106995, -0.2529999911785126, -0.5400000214576721), (0.5799999833106995, -0.23800000548362732, -0.5400000214576721), (0.5799999833106995, -0.2529999911785126, 0.36000001430511475), (0.5799999833106995, -0.23800000548362732, 0.36000001430511475), (-0.07000000029802322, -0.23800000548362732, -0.5400000214576721), (-0.07000000029802322, -0.2529999911785126, -0.5400000214576721), (-0.07000000029802322, -0.2529999911785126, 0.36000001430511475), (-0.07000000029802322, -0.23800000548362732, 0.36000001430511475)]
        int[] faceVertexCounts = [3, 3, 3, 3, 3, 3, 3, 3, 3, 3, 3, 3]
        int[] faceVertexIndices = [0, 1, 2, 2, 1, 3, 4, 5, 6, 4, 6, 7, 5, 4, 0, 0, 4, 1, 7, 6, 2, 7, 2, 3, 0, 2, 5, 2, 6, 5, 3, 1, 4, 7, 3, 4]
        float3[] extent = [(-0.07000000029802322, -0.2529999911785126, -0.5400000214576721), (0.5799999833106995, -0.23800000548362732, 0.36000001430511475)]
        uniform token subdivisionScheme = "none"
        bool physics:collisionEnabled = false
        color3f[] primvars:displayColor = [(0.5803921818733215, 0.6313725709915161, 0.6784313917160034)]
    }
    def Mesh "BatteryEnclosure"
    {
        point3f[] points = [(0.5720000267028809, -0.23800000548362732, 0.35199999809265137), (0.5720000267028809, -0.23800000548362732, -0.5320000052452087), (0.5720000267028809, -0.017999999225139618, 0.35199999809265137), (0.5720000267028809, -0.017999999225139618, -0.5320000052452087), (0.2669999897480011, -0.23800000548362732, -0.5320000052452087), (0.2669999897480011, -0.23800000548362732, 0.35199999809265137), (0.2669999897480011, -0.017999999225139618, 0.35199999809265137), (0.2669999897480011, -0.017999999225139618, -0.5320000052452087)]
        int[] faceVertexCounts = [3, 3, 3, 3, 3, 3, 3, 3, 3, 3, 3, 3]
        int[] faceVertexIndices = [0, 1, 2, 1, 3, 2, 4, 5, 6, 7, 4, 6, 1, 4, 3, 4, 7, 3, 6, 5, 0, 6, 0, 2, 0, 5, 1, 1, 5, 4, 6, 2, 3, 6, 3, 7]
        float3[] extent = [(0.2669999897480011, -0.23800000548362732, -0.5320000052452087), (0.5720000267028809, -0.017999999225139618, 0.35199999809265137)]
        uniform token subdivisionScheme = "none"
        bool physics:collisionEnabled = false
        color3f[] primvars:displayColor = [(0.8588235378265381, 0.8784313797950745, 0.8901960849761963)]
    }
    def Mesh "AvionicsTray"
    {
        point3f[] points = [(-0.14000000059604645, -0.2529999911785126, -0.5), (-0.14000000059604645, -0.23800000548362732, -0.5), (-0.14000000059604645, -0.2529999911785126, 0.07999999821186066), (-0.14000000059604645, -0.23800000548362732, 0.07999999821186066), (-0.5600000023841858, -0.23800000548362732, -0.5), (-0.5600000023841858, -0.2529999911785126, -0.5), (-0.5600000023841858, -0.2529999911785126, 0.07999999821186066), (-0.5600000023841858, -0.23800000548362732, 0.07999999821186066)]
        int[] faceVertexCounts = [3, 3, 3, 3, 3, 3, 3, 3, 3, 3, 3, 3]
        int[] faceVertexIndices = [0, 1, 2, 2, 1, 3, 4, 5, 6, 4, 6, 7, 5, 4, 0, 0, 4, 1, 7, 6, 2, 7, 2, 3, 2, 6, 0, 0, 6, 5, 7, 3, 1, 7, 1, 4]
        float3[] extent = [(-0.5600000023841858, -0.2529999911785126, -0.5), (-0.14000000059604645, -0.23800000548362732, 0.07999999821186066)]
        uniform token subdivisionScheme = "none"
        bool physics:collisionEnabled = false
        color3f[] primvars:displayColor = [(0.5803921818733215, 0.6313725709915161, 0.6784313917160034)]
    }
    def Mesh "AvionicsEnclosure"
    {
        point3f[] points = [(-0.14800000190734863, -0.23800000548362732, -0.492000013589859), (-0.14800000190734863, -0.06800000369548798, -0.492000013589859), (-0.14800000190734863, -0.23800000548362732, 0.07199999690055847), (-0.14800000190734863, -0.06800000369548798, 0.07199999690055847), (-0.5519999861717224, -0.06800000369548798, -0.492000013589859), (-0.5519999861717224, -0.23800000548362732, -0.492000013589859), (-0.5519999861717224, -0.23800000548362732, 0.07199999690055847), (-0.5519999861717224, -0.06800000369548798, 0.07199999690055847)]
        int[] faceVertexCounts = [3, 3, 3, 3, 3, 3, 3, 3, 3, 3, 3, 3]
        int[] faceVertexIndices = [0, 1, 2, 2, 1, 3, 4, 5, 6, 4, 6, 7, 5, 4, 0, 0, 4, 1, 7, 6, 2, 7, 2, 3, 0, 2, 5, 2, 6, 5, 7, 3, 1, 7, 1, 4]
        float3[] extent = [(-0.5519999861717224, -0.23800000548362732, -0.492000013589859), (-0.14800000190734863, -0.06800000369548798, 0.07199999690055847)]
        uniform token subdivisionScheme = "none"
        bool physics:collisionEnabled = false
        color3f[] primvars:displayColor = [(0.16078431904315948, 0.1882352977991104, 0.23137255012989044)]
    }
    def Mesh "PowerControllerTray"
    {
        point3f[] points = [(-0.14000000059604645, -0.2529999911785126, 0.30000001192092896), (-0.14000000059604645, -0.23800000548362732, 0.30000001192092896), (-0.14000000059604645, -0.2529999911785126, 0.8799999952316284), (-0.14000000059604645, -0.23800000548362732, 0.8799999952316284), (-0.5600000023841858, -0.23800000548362732, 0.30000001192092896), (-0.5600000023841858, -0.2529999911785126, 0.30000001192092896), (-0.5600000023841858, -0.2529999911785126, 0.8799999952316284), (-0.5600000023841858, -0.23800000548362732, 0.8799999952316284)]
        int[] faceVertexCounts = [3, 3, 3, 3, 3, 3, 3, 3, 3, 3, 3, 3]
        int[] faceVertexIndices = [0, 1, 2, 2, 1, 3, 4, 5, 6, 4, 6, 7, 5, 4, 0, 0, 4, 1, 7, 6, 2, 7, 2, 3, 2, 6, 0, 0, 6, 5, 7, 3, 1, 7, 1, 4]
        float3[] extent = [(-0.5600000023841858, -0.2529999911785126, 0.30000001192092896), (-0.14000000059604645, -0.23800000548362732, 0.8799999952316284)]
        uniform token subdivisionScheme = "none"
        bool physics:collisionEnabled = false
        color3f[] primvars:displayColor = [(0.5803921818733215, 0.6313725709915161, 0.6784313917160034)]
    }
    def Mesh "PowerControllerEnclosure"
    {
        point3f[] points = [(-0.14800000190734863, -0.23800000548362732, 0.30799999833106995), (-0.14800000190734863, -0.11800000071525574, 0.30799999833106995), (-0.14800000190734863, -0.23800000548362732, 0.871999979019165), (-0.14800000190734863, -0.11800000071525574, 0.871999979019165), (-0.5519999861717224, -0.11800000071525574, 0.30799999833106995), (-0.5519999861717224, -0.23800000548362732, 0.30799999833106995), (-0.5519999861717224, -0.23800000548362732, 0.871999979019165), (-0.5519999861717224, -0.11800000071525574, 0.871999979019165)]
        int[] faceVertexCounts = [3, 3, 3, 3, 3, 3, 3, 3, 3, 3, 3, 3]
        int[] faceVertexIndices = [0, 1, 2, 2, 1, 3, 4, 5, 6, 4, 6, 7, 5, 4, 0, 0, 4, 1, 6, 2, 3, 7, 6, 3, 2, 6, 0, 0, 6, 5, 7, 3, 1, 7, 1, 4]
        float3[] extent = [(-0.5519999861717224, -0.23800000548362732, 0.30799999833106995), (-0.14800000190734863, -0.11800000071525574, 0.871999979019165)]
        uniform token subdivisionScheme = "none"
        bool physics:collisionEnabled = false
        color3f[] primvars:displayColor = [(0.09019608050584793, 0.3019607961177826, 0.4588235318660736)]
    }
    def Mesh "PayloadMount0"
    {
        point3f[] points = [(0.5600000023841858, 0.06300000101327896, -0.6000000238418579), (0.5600000023841858, 0.09799999743700027, -0.6000000238418579), (0.5600000023841858, 0.06300000101327896, -0.5199999809265137), (0.5600000023841858, 0.09799999743700027, -0.5199999809265137), (0.47999998927116394, 0.09799999743700027, -0.6000000238418579), (0.47999998927116394, 0.06300000101327896, -0.6000000238418579), (0.47999998927116394, 0.06300000101327896, -0.5199999809265137), (0.47999998927116394, 0.09799999743700027, -0.5199999809265137)]
        int[] faceVertexCounts = [3, 3, 3, 3, 3, 3, 3, 3, 3, 3, 3, 3]
        int[] faceVertexIndices = [0, 1, 2, 2, 1, 3, 4, 5, 6, 4, 6, 7, 5, 4, 0, 0, 4, 1, 7, 6, 2, 7, 2, 3, 2, 6, 0, 0, 6, 5, 7, 3, 1, 7, 1, 4]
        float3[] extent = [(0.47999998927116394, 0.06300000101327896, -0.6000000238418579), (0.5600000023841858, 0.09799999743700027, -0.5199999809265137)]
        uniform token subdivisionScheme = "none"
        bool physics:collisionEnabled = false
        color3f[] primvars:displayColor = [(0.5803921818733215, 0.6313725709915161, 0.6784313917160034)]
    }
    def Mesh "PayloadMount1"
    {
        point3f[] points = [(-0.47999998927116394, 0.06300000101327896, -0.6000000238418579), (-0.47999998927116394, 0.09799999743700027, -0.6000000238418579), (-0.47999998927116394, 0.06300000101327896, -0.5199999809265137), (-0.47999998927116394, 0.09799999743700027, -0.5199999809265137), (-0.5600000023841858, 0.09799999743700027, -0.6000000238418579), (-0.5600000023841858, 0.06300000101327896, -0.6000000238418579), (-0.5600000023841858, 0.06300000101327896, -0.5199999809265137), (-0.5600000023841858, 0.09799999743700027, -0.5199999809265137)]
        int[] faceVertexCounts = [3, 3, 3, 3, 3, 3, 3, 3, 3, 3, 3, 3]
        int[] faceVertexIndices = [0, 1, 2, 2, 1, 3, 4, 5, 6, 4, 6, 7, 5, 4, 0, 0, 4, 1, 7, 6, 2, 7, 2, 3, 2, 6, 0, 0, 6, 5, 7, 3, 1, 7, 1, 4]
        float3[] extent = [(-0.5600000023841858, 0.06300000101327896, -0.6000000238418579), (-0.47999998927116394, 0.09799999743700027, -0.5199999809265137)]
        uniform token subdivisionScheme = "none"
        bool physics:collisionEnabled = false
        color3f[] primvars:displayColor = [(0.5803921818733215, 0.6313725709915161, 0.6784313917160034)]
    }
    def Mesh "PayloadMount2"
    {
        point3f[] points = [(0.5600000023841858, 0.06300000101327896, 0.41999998688697815), (0.5600000023841858, 0.09799999743700027, 0.41999998688697815), (0.5600000023841858, 0.06300000101327896, 0.5), (0.5600000023841858, 0.09799999743700027, 0.5), (0.47999998927116394, 0.09799999743700027, 0.41999998688697815), (0.47999998927116394, 0.06300000101327896, 0.41999998688697815), (0.47999998927116394, 0.06300000101327896, 0.5), (0.47999998927116394, 0.09799999743700027, 0.5)]
        int[] faceVertexCounts = [3, 3, 3, 3, 3, 3, 3, 3, 3, 3, 3, 3]
        int[] faceVertexIndices = [0, 1, 2, 2, 1, 3, 4, 5, 6, 4, 6, 7, 5, 4, 0, 0, 4, 1, 7, 6, 2, 7, 2, 3, 2, 6, 0, 0, 6, 5, 7, 3, 1, 7, 1, 4]
        float3[] extent = [(0.47999998927116394, 0.06300000101327896, 0.41999998688697815), (0.5600000023841858, 0.09799999743700027, 0.5)]
        uniform token subdivisionScheme = "none"
        bool physics:collisionEnabled = false
        color3f[] primvars:displayColor = [(0.5803921818733215, 0.6313725709915161, 0.6784313917160034)]
    }
    def Mesh "PayloadMount3"
    {
        point3f[] points = [(-0.47999998927116394, 0.06300000101327896, 0.41999998688697815), (-0.47999998927116394, 0.09799999743700027, 0.41999998688697815), (-0.47999998927116394, 0.06300000101327896, 0.5), (-0.47999998927116394, 0.09799999743700027, 0.5), (-0.5600000023841858, 0.09799999743700027, 0.41999998688697815), (-0.5600000023841858, 0.06300000101327896, 0.41999998688697815), (-0.5600000023841858, 0.06300000101327896, 0.5), (-0.5600000023841858, 0.09799999743700027, 0.5)]
        int[] faceVertexCounts = [3, 3, 3, 3, 3, 3, 3, 3, 3, 3, 3, 3]
        int[] faceVertexIndices = [0, 1, 2, 2, 1, 3, 4, 5, 6, 4, 6, 7, 5, 4, 0, 0, 4, 1, 7, 6, 2, 7, 2, 3, 2, 6, 0, 0, 6, 5, 7, 3, 1, 7, 1, 4]
        float3[] extent = [(-0.5600000023841858, 0.06300000101327896, 0.41999998688697815), (-0.47999998927116394, 0.09799999743700027, 0.5)]
        uniform token subdivisionScheme = "none"
        bool physics:collisionEnabled = false
        color3f[] primvars:displayColor = [(0.5803921818733215, 0.6313725709915161, 0.6784313917160034)]
    }
    def Mesh "PayloadDeck"
    {
        point3f[] points = [(0.6000000238418579, 0.09799999743700027, -0.6600000262260437), (0.6000000238418579, 0.11299999803304672, -0.6600000262260437), (0.6000000238418579, 0.09799999743700027, 0.5400000214576721), (0.6000000238418579, 0.11299999803304672, 0.5400000214576721), (-0.6000000238418579, 0.11299999803304672, -0.6600000262260437), (-0.6000000238418579, 0.09799999743700027, -0.6600000262260437), (-0.6000000238418579, 0.09799999743700027, 0.5400000214576721), (-0.6000000238418579, 0.11299999803304672, 0.5400000214576721)]
        int[] faceVertexCounts = [3, 3, 3, 3, 3, 3, 3, 3, 3, 3, 3, 3]
        int[] faceVertexIndices = [0, 1, 2, 2, 1, 3, 4, 5, 6, 4, 6, 7, 5, 4, 0, 0, 4, 1, 7, 6, 2, 7, 2, 3, 2, 6, 0, 0, 6, 5, 7, 3, 1, 7, 1, 4]
        float3[] extent = [(-0.6000000238418579, 0.09799999743700027, -0.6600000262260437), (0.6000000238418579, 0.11299999803304672, 0.5400000214576721)]
        uniform token subdivisionScheme = "none"
        bool physics:collisionEnabled = false
        color3f[] primvars:displayColor = [(0.5803921818733215, 0.6313725709915161, 0.6784313917160034)]
    }
    def Mesh "PayloadRail0"
    {
        point3f[] points = [(0.5199999809265137, 0.11299999803304672, -0.6000000238418579), (0.5199999809265137, 0.13099999725818634, -0.6000000238418579), (0.5199999809265137, 0.11299999803304672, 0.47999998927116394), (0.5199999809265137, 0.13099999725818634, 0.47999998927116394), (0.46000000834465027, 0.13099999725818634, -0.6000000238418579), (0.46000000834465027, 0.11299999803304672, -0.6000000238418579), (0.46000000834465027, 0.11299999803304672, 0.47999998927116394), (0.46000000834465027, 0.13099999725818634, 0.47999998927116394)]
        int[] faceVertexCounts = [3, 3, 3, 3, 3, 3, 3, 3, 3, 3, 3, 3]
        int[] faceVertexIndices = [0, 1, 2, 2, 1, 3, 4, 5, 6, 4, 6, 7, 5, 4, 0, 0, 4, 1, 7, 6, 2, 7, 2, 3, 2, 6, 0, 0, 6, 5, 7, 3, 1, 7, 1, 4]
        float3[] extent = [(0.46000000834465027, 0.11299999803304672, -0.6000000238418579), (0.5199999809265137, 0.13099999725818634, 0.47999998927116394)]
        uniform token subdivisionScheme = "none"
        bool physics:collisionEnabled = false
        color3f[] primvars:displayColor = [(0.16078431904315948, 0.1882352977991104, 0.23137255012989044)]
    }
    def Mesh "PayloadRail1"
    {
        point3f[] points = [(-0.46000000834465027, 0.11299999803304672, -0.6000000238418579), (-0.46000000834465027, 0.13099999725818634, -0.6000000238418579), (-0.46000000834465027, 0.11299999803304672, 0.47999998927116394), (-0.46000000834465027, 0.13099999725818634, 0.47999998927116394), (-0.5199999809265137, 0.13099999725818634, -0.6000000238418579), (-0.5199999809265137, 0.11299999803304672, -0.6000000238418579), (-0.5199999809265137, 0.11299999803304672, 0.47999998927116394), (-0.5199999809265137, 0.13099999725818634, 0.47999998927116394)]
        int[] faceVertexCounts = [3, 3, 3, 3, 3, 3, 3, 3, 3, 3, 3, 3]
        int[] faceVertexIndices = [0, 1, 2, 2, 1, 3, 4, 5, 6, 4, 6, 7, 5, 4, 0, 0, 4, 1, 7, 6, 2, 7, 2, 3, 2, 6, 0, 0, 6, 5, 7, 3, 1, 7, 1, 4]
        float3[] extent = [(-0.5199999809265137, 0.11299999803304672, -0.6000000238418579), (-0.46000000834465027, 0.13099999725818634, 0.47999998927116394)]
        uniform token subdivisionScheme = "none"
        bool physics:collisionEnabled = false
        color3f[] primvars:displayColor = [(0.16078431904315948, 0.1882352977991104, 0.23137255012989044)]
    }
    def Mesh "LanderMount0"
    {
        point3f[] points = [(0.4809607267379761, -0.3330000042915344, -0.690245509147644), (0.47999998927116394, -0.3330000042915344, -0.699999988079071), (0.47999998927116394, -0.3529999852180481, -0.699999988079071), (0.4809607267379761, -0.3529999852180481, -0.690245509147644), (0.4838060438632965, -0.3529999852180481, -0.6808658242225647), (0.4838060438632965, -0.3330000042915344, -0.6808658242225647), (0.4884265065193176, -0.3330000042915344, -0.6722214818000793), (0.4884265065193176, -0.3529999852180481, -0.6722214818000793), (0.4946446418762207, -0.3529999852180481, -0.6646446585655212), (0.4946446418762207, -0.3330000042915344, -0.6646446585655212), (0.5022215247154236, -0.3330000042915344, -0.6584265232086182), (0.5022215247154236, -0.3529999852180481, -0.6584265232086182), (0.5108658075332642, -0.3330000042915344, -0.6538060307502747), (0.5108658075332642, -0.3529999852180481, -0.6538060307502747), (0.5202454924583435, -0.3330000042915344, -0.6509607434272766), (0.5202454924583435, -0.3529999852180481, -0.6509607434272766), (0.5299999713897705, -0.3330000042915344, -0.6499999761581421), (0.5299999713897705, -0.3529999852180481, -0.6499999761581421), (0.5397545099258423, -0.3330000042915344, -0.6509607434272766), (0.5397545099258423, -0.3529999852180481, -0.6509607434272766), (0.5491341352462769, -0.3330000042915344, -0.6538060307502747), (0.5491341352462769, -0.3529999852180481, -0.6538060307502747), (0.5577784776687622, -0.3330000042915344, -0.6584265232086182), (0.5577784776687622, -0.3529999852180481, -0.6584265232086182), (0.5653553605079651, -0.3330000042915344, -0.6646446585655212), (0.5653553605079651, -0.3529999852180481, -0.6646446585655212), (0.5715734958648682, -0.3330000042915344, -0.6722214818000793), (0.5715734958648682, -0.3529999852180481, -0.6722214818000793), (0.5761939883232117, -0.3330000042915344, -0.6808658242225647), (0.5761939883232117, -0.3529999852180481, -0.6808658242225647), (0.5790392756462097, -0.3330000042915344, -0.690245509147644), (0.5790392756462097, -0.3529999852180481, -0.690245509147644), (0.5799999833106995, -0.3330000042915344, -0.699999988079071), (0.5799999833106995, -0.3529999852180481, -0.699999988079071), (0.5790392756462097, -0.3330000042915344, -0.7097545266151428), (0.5790392756462097, -0.3529999852180481, -0.7097545266151428), (0.5761939883232117, -0.3330000042915344, -0.7191341519355774), (0.5761939883232117, -0.3529999852180481, -0.7191341519355774), (0.5715734958648682, -0.3330000042915344, -0.7277784943580627), (0.5715734958648682, -0.3529999852180481, -0.7277784943580627), (0.5653553605079651, -0.3330000042915344, -0.7353553175926208), (0.5653553605079651, -0.3529999852180481, -0.7353553175926208), (0.5577784776687622, -0.3330000042915344, -0.7415735125541687), (0.5577784776687622, -0.3529999852180481, -0.7415735125541687), (0.5491341352462769, -0.3529999852180481, -0.7461939454078674), (0.5491341352462769, -0.3330000042915344, -0.7461939454078674), (0.5397545099258423, -0.3529999852180481, -0.7490392327308655), (0.5397545099258423, -0.3330000042915344, -0.7490392327308655), (0.5299999713897705, -0.3330000042915344, -0.75), (0.5299999713897705, -0.3529999852180481, -0.75), (0.5202454924583435, -0.3529999852180481, -0.7490392327308655), (0.5202454924583435, -0.3330000042915344, -0.7490392327308655), (0.5108658075332642, -0.3330000042915344, -0.7461939454078674), (0.5108658075332642, -0.3529999852180481, -0.7461939454078674), (0.5022215247154236, -0.3330000042915344, -0.7415735125541687), (0.5022215247154236, -0.3529999852180481, -0.7415735125541687), (0.4946446418762207, -0.3529999852180481, -0.7353553175926208), (0.4946446418762207, -0.3330000042915344, -0.7353553175926208), (0.4884265065193176, -0.3330000042915344, -0.7277784943580627), (0.4884265065193176, -0.3529999852180481, -0.7277784943580627), (0.4838060438632965, -0.3330000042915344, -0.7191341519355774), (0.4838060438632965, -0.3529999852180481, -0.7191341519355774), (0.4809607267379761, -0.3330000042915344, -0.7097545266151428), (0.4809607267379761, -0.3529999852180481, -0.7097545266151428), (0.5407246351242065, -0.3330000042915344, -0.7089990377426147), (0.5370000004768372, -0.3330000042915344, -0.7121243476867676), (0.5431557297706604, -0.3330000042915344, -0.7047882676124573), (0.5324310660362244, -0.3330000042915344, -0.713787317276001), (0.5440000295639038, -0.3330000042915344, -0.699999988079071), (0.5275689363479614, -0.3330000042915344, -0.713787317276001), (0.5431557297706604, -0.3330000042915344, -0.6952117085456848), (0.5230000019073486, -0.3330000042915344, -0.7121243476867676), (0.5407246351242065, -0.3330000042915344, -0.6910009980201721), (0.5192753672599792, -0.3330000042915344, -0.7089990377426147), (0.5370000004768372, -0.3330000042915344, -0.6878756880760193), (0.5168442726135254, -0.3330000042915344, -0.7047882676124573), (0.5324310660362244, -0.3330000042915344, -0.6862127184867859), (0.515999972820282, -0.3330000042915344, -0.699999988079071), (0.5275689363479614, -0.3330000042915344, -0.6862127184867859), (0.5168442726135254, -0.3330000042915344, -0.6952117085456848), (0.5230000019073486, -0.3330000042915344, -0.6878756880760193), (0.5192753672599792, -0.3330000042915344, -0.6910009980201721), (0.5407246351242065, -0.3529999852180481, -0.7089990377426147), (0.5370000004768372, -0.3529999852180481, -0.7121243476867676), (0.5431557297706604, -0.3529999852180481, -0.7047882676124573), (0.5324310660362244, -0.3529999852180481, -0.713787317276001), (0.5440000295639038, -0.3529999852180481, -0.699999988079071), (0.5275689363479614, -0.3529999852180481, -0.713787317276001), (0.5431557297706604, -0.3529999852180481, -0.6952117085456848), (0.5230000019073486, -0.3529999852180481, -0.7121243476867676), (0.5407246351242065, -0.3529999852180481, -0.6910009980201721), (0.5192753672599792, -0.3529999852180481, -0.7089990377426147), (0.5370000004768372, -0.3529999852180481, -0.6878756880760193), (0.5168442726135254, -0.3529999852180481, -0.7047882676124573), (0.5324310660362244, -0.3529999852180481, -0.6862127184867859), (0.515999972820282, -0.3529999852180481, -0.699999988079071), (0.5275689363479614, -0.3529999852180481, -0.6862127184867859), (0.5168442726135254, -0.3529999852180481, -0.6952117085456848), (0.5230000019073486, -0.3529999852180481, -0.6878756880760193), (0.5192753672599792, -0.3529999852180481, -0.6910009980201721)]
        int[] faceVertexCounts = [3, 3, 3, 3, 3, 3, 3, 3, 3, 3, 3, 3, 3, 3, 3, 3, 3, 3, 3, 3, 3, 3, 3, 3, 3, 3, 3, 3, 3, 3, 3, 3, 3, 3, 3, 3, 3, 3, 3, 3, 3, 3, 3, 3, 3, 3, 3, 3, 3, 3, 3, 3, 3, 3, 3, 3, 3, 3, 3, 3, 3, 3, 3, 3, 3, 3, 3, 3, 3, 3, 3, 3, 3, 3, 3, 3, 3, 3, 3, 3, 3, 3, 3, 3, 3, 3, 3, 3, 3, 3, 3, 3, 3, 3, 3, 3, 3, 3, 3, 3, 3, 3, 3, 3, 3, 3, 3, 3, 3, 3, 3, 3, 3, 3, 3, 3, 3, 3, 3, 3, 3, 3, 3, 3, 3, 3, 3, 3, 3, 3, 3, 3, 3, 3, 3, 3, 3, 3, 3, 3, 3, 3, 3, 3, 3, 3, 3, 3, 3, 3, 3, 3, 3, 3, 3, 3, 3, 3, 3, 3, 3, 3, 3, 3, 3, 3, 3, 3, 3, 3, 3, 3, 3, 3, 3, 3, 3, 3, 3, 3, 3, 3, 3, 3, 3, 3, 3, 3, 3, 3, 3, 3, 3, 3, 3, 3, 3, 3, 3, 3]
        int[] faceVertexIndices = [0, 1, 2, 0, 2, 3, 0, 3, 4, 5, 0, 4, 6, 4, 7, 6, 7, 8, 6, 5, 4, 9, 6, 8, 10, 8, 11, 10, 9, 8, 12, 11, 13, 12, 10, 11, 14, 13, 15, 14, 12, 13, 16, 14, 15, 16, 15, 17, 18, 16, 17, 18, 17, 19, 20, 18, 19, 20, 19, 21, 22, 20, 21, 22, 21, 23, 24, 22, 23, 24, 23, 25, 26, 24, 25, 26, 25, 27, 28, 26, 27, 28, 27, 29, 30, 28, 29, 30, 29, 31, 32, 30, 31, 32, 31, 33, 34, 32, 33, 34, 33, 35, 36, 34, 35, 36, 35, 37, 38, 36, 37, 38, 37, 39, 40, 38, 39, 40, 39, 41, 42, 40, 41, 42, 41, 43, 42, 43, 44, 45, 44, 46, 45, 42, 44, 47, 45, 46, 48, 46, 49, 48, 49, 50, 48, 47, 46, 51, 48, 50, 52, 50, 53, 52, 51, 50, 54, 53, 55, 54, 55, 56, 54, 52, 53, 57, 54, 56, 58, 56, 59, 58, 57, 56, 60, 59, 61, 60, 58, 59, 62, 61, 63, 62, 63, 2, 62, 60, 61, 1, 62, 2, 64, 38, 40, 65, 40, 42, 65, 42, 45, 65, 64, 40, 66, 34, 36, 66, 36, 38, 66, 38, 64, 67, 45, 47, 67, 47, 48, 67, 65, 45, 68, 30, 32, 68, 32, 34, 68, 34, 66, 69, 48, 51, 69, 51, 52, 69, 67, 48, 70, 26, 28, 70, 28, 30, 70, 30, 68, 71, 52, 54, 71, 69, 52, 72, 26, 70, 24, 26, 72, 57, 71, 54, 73, 71, 57, 74, 24, 72, 22, 24, 74, 58, 73, 57, 58, 75, 73, 20, 22, 74, 20, 74, 76, 60, 75, 58, 18, 20, 76, 62, 75, 60, 62, 77, 75, 1, 77, 62, 16, 18, 76, 16, 76, 78, 14, 16, 78, 0, 79, 77, 0, 77, 1, 5, 79, 0, 12, 78, 80, 12, 14, 78, 6, 81, 79, 6, 79, 5, 10, 12, 80, 9, 80, 81, 9, 81, 6, 9, 10, 80, 39, 82, 41, 41, 83, 43, 43, 83, 44, 82, 83, 41, 35, 84, 37, 37, 84, 39, 39, 84, 82, 44, 85, 46, 46, 85, 49, 83, 85, 44, 31, 86, 33, 33, 86, 35, 35, 86, 84, 49, 87, 50, 50, 87, 53, 85, 87, 49, 27, 88, 29, 29, 88, 31, 31, 88, 86, 53, 89, 55, 87, 89, 53, 27, 90, 88, 27, 25, 90, 89, 56, 55, 89, 91, 56, 25, 92, 90, 25, 23, 92, 91, 59, 56, 93, 59, 91, 23, 21, 92, 92, 21, 94, 93, 61, 59, 21, 19, 94, 93, 63, 61, 95, 63, 93, 95, 2, 63, 19, 17, 94, 94, 17, 96, 17, 15, 96, 97, 3, 95, 95, 3, 2, 97, 4, 3, 96, 13, 98, 15, 13, 96, 99, 7, 97, 97, 7, 4, 13, 11, 98, 98, 8, 99, 99, 8, 7, 11, 8, 98, 95, 77, 97, 77, 79, 97, 97, 81, 99, 79, 81, 97, 99, 80, 98, 81, 80, 99, 98, 78, 96, 80, 78, 98, 96, 76, 94, 94, 76, 92, 78, 76, 96, 76, 74, 92, 92, 72, 90, 74, 72, 92, 90, 70, 88, 72, 70, 90, 88, 68, 86, 86, 68, 84, 70, 68, 88, 68, 66, 84, 84, 64, 82, 66, 64, 84, 82, 65, 83, 64, 65, 82, 83, 67, 85, 85, 67, 87, 65, 67, 83, 67, 69, 87, 69, 71, 87, 87, 71, 89, 89, 71, 91, 71, 73, 91, 73, 75, 91, 91, 75, 93, 75, 77, 93, 93, 77, 95]
        float3[] extent = [(0.47999998927116394, -0.3529999852180481, -0.75), (0.5799999833106995, -0.3330000042915344, -0.6499999761581421)]
        uniform token subdivisionScheme = "none"
        bool physics:collisionEnabled = false
        color3f[] primvars:displayColor = [(0.7803921699523926, 0.5686274766921997, 0.21960784494876862)]
    }
    def Mesh "LanderMount1"
    {
        point3f[] points = [(-0.5790392756462097, -0.3330000042915344, -0.690245509147644), (-0.5799999833106995, -0.3330000042915344, -0.699999988079071), (-0.5799999833106995, -0.3529999852180481, -0.699999988079071), (-0.5790392756462097, -0.3529999852180481, -0.690245509147644), (-0.5761939883232117, -0.3529999852180481, -0.6808658242225647), (-0.5761939883232117, -0.3330000042915344, -0.6808658242225647), (-0.5715734958648682, -0.3330000042915344, -0.6722214818000793), (-0.5715734958648682, -0.3529999852180481, -0.6722214818000793), (-0.5653553605079651, -0.3529999852180481, -0.6646446585655212), (-0.5653553605079651, -0.3330000042915344, -0.6646446585655212), (-0.5577784776687622, -0.3330000042915344, -0.6584265232086182), (-0.5577784776687622, -0.3529999852180481, -0.6584265232086182), (-0.5491341352462769, -0.3330000042915344, -0.6538060307502747), (-0.5491341352462769, -0.3529999852180481, -0.6538060307502747), (-0.5397545099258423, -0.3330000042915344, -0.6509607434272766), (-0.5397545099258423, -0.3529999852180481, -0.6509607434272766), (-0.5299999713897705, -0.3330000042915344, -0.6499999761581421), (-0.5299999713897705, -0.3529999852180481, -0.6499999761581421), (-0.5202454924583435, -0.3330000042915344, -0.6509607434272766), (-0.5202454924583435, -0.3529999852180481, -0.6509607434272766), (-0.5108658075332642, -0.3330000042915344, -0.6538060307502747), (-0.5108658075332642, -0.3529999852180481, -0.6538060307502747), (-0.5022215247154236, -0.3330000042915344, -0.6584265232086182), (-0.5022215247154236, -0.3529999852180481, -0.6584265232086182), (-0.4946446418762207, -0.3330000042915344, -0.6646446585655212), (-0.4946446418762207, -0.3529999852180481, -0.6646446585655212), (-0.4884265065193176, -0.3330000042915344, -0.6722214818000793), (-0.4884265065193176, -0.3529999852180481, -0.6722214818000793), (-0.4838060438632965, -0.3330000042915344, -0.6808658242225647), (-0.4838060438632965, -0.3529999852180481, -0.6808658242225647), (-0.4809607267379761, -0.3330000042915344, -0.690245509147644), (-0.4809607267379761, -0.3529999852180481, -0.690245509147644), (-0.47999998927116394, -0.3330000042915344, -0.699999988079071), (-0.47999998927116394, -0.3529999852180481, -0.699999988079071), (-0.4809607267379761, -0.3330000042915344, -0.7097545266151428), (-0.4809607267379761, -0.3529999852180481, -0.7097545266151428), (-0.4838060438632965, -0.3330000042915344, -0.7191341519355774), (-0.4838060438632965, -0.3529999852180481, -0.7191341519355774), (-0.4884265065193176, -0.3330000042915344, -0.7277784943580627), (-0.4884265065193176, -0.3529999852180481, -0.7277784943580627), (-0.4946446418762207, -0.3330000042915344, -0.7353553175926208), (-0.4946446418762207, -0.3529999852180481, -0.7353553175926208), (-0.5022215247154236, -0.3330000042915344, -0.7415735125541687), (-0.5022215247154236, -0.3529999852180481, -0.7415735125541687), (-0.5108658075332642, -0.3529999852180481, -0.7461939454078674), (-0.5108658075332642, -0.3330000042915344, -0.7461939454078674), (-0.5202454924583435, -0.3529999852180481, -0.7490392327308655), (-0.5202454924583435, -0.3330000042915344, -0.7490392327308655), (-0.5299999713897705, -0.3330000042915344, -0.75), (-0.5299999713897705, -0.3529999852180481, -0.75), (-0.5397545099258423, -0.3529999852180481, -0.7490392327308655), (-0.5397545099258423, -0.3330000042915344, -0.7490392327308655), (-0.5491341352462769, -0.3330000042915344, -0.7461939454078674), (-0.5491341352462769, -0.3529999852180481, -0.7461939454078674), (-0.5577784776687622, -0.3330000042915344, -0.7415735125541687), (-0.5577784776687622, -0.3529999852180481, -0.7415735125541687), (-0.5653553605079651, -0.3529999852180481, -0.7353553175926208), (-0.5653553605079651, -0.3330000042915344, -0.7353553175926208), (-0.5715734958648682, -0.3330000042915344, -0.7277784943580627), (-0.5715734958648682, -0.3529999852180481, -0.7277784943580627), (-0.5761939883232117, -0.3330000042915344, -0.7191341519355774), (-0.5761939883232117, -0.3529999852180481, -0.7191341519355774), (-0.5790392756462097, -0.3330000042915344, -0.7097545266151428), (-0.5790392756462097, -0.3529999852180481, -0.7097545266151428), (-0.5192753672599792, -0.3330000042915344, -0.7089990377426147), (-0.5230000019073486, -0.3330000042915344, -0.7121243476867676), (-0.5168442726135254, -0.3330000042915344, -0.7047882676124573), (-0.5275689363479614, -0.3330000042915344, -0.713787317276001), (-0.515999972820282, -0.3330000042915344, -0.699999988079071), (-0.5324310660362244, -0.3330000042915344, -0.713787317276001), (-0.5168442726135254, -0.3330000042915344, -0.6952117085456848), (-0.5370000004768372, -0.3330000042915344, -0.7121243476867676), (-0.5192753672599792, -0.3330000042915344, -0.6910009980201721), (-0.5407246351242065, -0.3330000042915344, -0.7089990377426147), (-0.5230000019073486, -0.3330000042915344, -0.6878756880760193), (-0.5431557297706604, -0.3330000042915344, -0.7047882676124573), (-0.5275689363479614, -0.3330000042915344, -0.6862127184867859), (-0.5440000295639038, -0.3330000042915344, -0.699999988079071), (-0.5324310660362244, -0.3330000042915344, -0.6862127184867859), (-0.5431557297706604, -0.3330000042915344, -0.6952117085456848), (-0.5370000004768372, -0.3330000042915344, -0.6878756880760193), (-0.5407246351242065, -0.3330000042915344, -0.6910009980201721), (-0.5192753672599792, -0.3529999852180481, -0.7089990377426147), (-0.5230000019073486, -0.3529999852180481, -0.7121243476867676), (-0.5168442726135254, -0.3529999852180481, -0.7047882676124573), (-0.5275689363479614, -0.3529999852180481, -0.713787317276001), (-0.515999972820282, -0.3529999852180481, -0.699999988079071), (-0.5324310660362244, -0.3529999852180481, -0.713787317276001), (-0.5168442726135254, -0.3529999852180481, -0.6952117085456848), (-0.5370000004768372, -0.3529999852180481, -0.7121243476867676), (-0.5192753672599792, -0.3529999852180481, -0.6910009980201721), (-0.5407246351242065, -0.3529999852180481, -0.7089990377426147), (-0.5230000019073486, -0.3529999852180481, -0.6878756880760193), (-0.5431557297706604, -0.3529999852180481, -0.7047882676124573), (-0.5275689363479614, -0.3529999852180481, -0.6862127184867859), (-0.5440000295639038, -0.3529999852180481, -0.699999988079071), (-0.5324310660362244, -0.3529999852180481, -0.6862127184867859), (-0.5431557297706604, -0.3529999852180481, -0.6952117085456848), (-0.5370000004768372, -0.3529999852180481, -0.6878756880760193), (-0.5407246351242065, -0.3529999852180481, -0.6910009980201721)]
        int[] faceVertexCounts = [3, 3, 3, 3, 3, 3, 3, 3, 3, 3, 3, 3, 3, 3, 3, 3, 3, 3, 3, 3, 3, 3, 3, 3, 3, 3, 3, 3, 3, 3, 3, 3, 3, 3, 3, 3, 3, 3, 3, 3, 3, 3, 3, 3, 3, 3, 3, 3, 3, 3, 3, 3, 3, 3, 3, 3, 3, 3, 3, 3, 3, 3, 3, 3, 3, 3, 3, 3, 3, 3, 3, 3, 3, 3, 3, 3, 3, 3, 3, 3, 3, 3, 3, 3, 3, 3, 3, 3, 3, 3, 3, 3, 3, 3, 3, 3, 3, 3, 3, 3, 3, 3, 3, 3, 3, 3, 3, 3, 3, 3, 3, 3, 3, 3, 3, 3, 3, 3, 3, 3, 3, 3, 3, 3, 3, 3, 3, 3, 3, 3, 3, 3, 3, 3, 3, 3, 3, 3, 3, 3, 3, 3, 3, 3, 3, 3, 3, 3, 3, 3, 3, 3, 3, 3, 3, 3, 3, 3, 3, 3, 3, 3, 3, 3, 3, 3, 3, 3, 3, 3, 3, 3, 3, 3, 3, 3, 3, 3, 3, 3, 3, 3, 3, 3, 3, 3, 3, 3, 3, 3, 3, 3, 3, 3, 3, 3, 3, 3, 3, 3]
        int[] faceVertexIndices = [0, 1, 2, 0, 2, 3, 0, 3, 4, 5, 0, 4, 6, 4, 7, 6, 7, 8, 6, 5, 4, 9, 6, 8, 10, 8, 11, 10, 9, 8, 12, 11, 13, 12, 10, 11, 14, 13, 15, 14, 12, 13, 16, 14, 15, 16, 15, 17, 18, 16, 17, 18, 17, 19, 20, 18, 19, 20, 19, 21, 22, 20, 21, 22, 21, 23, 24, 22, 23, 24, 23, 25, 26, 24, 25, 26, 25, 27, 28, 26, 27, 28, 27, 29, 30, 28, 29, 30, 29, 31, 32, 30, 31, 32, 31, 33, 34, 32, 33, 34, 33, 35, 36, 34, 35, 36, 35, 37, 38, 36, 37, 38, 37, 39, 40, 38, 39, 40, 39, 41, 42, 40, 41, 42, 41, 43, 42, 43, 44, 45, 44, 46, 45, 42, 44, 47, 45, 46, 48, 46, 49, 48, 49, 50, 48, 47, 46, 51, 48, 50, 52, 50, 53, 52, 51, 50, 54, 53, 55, 54, 55, 56, 54, 52, 53, 57, 54, 56, 58, 56, 59, 58, 57, 56, 60, 59, 61, 60, 58, 59, 62, 61, 63, 62, 63, 2, 62, 60, 61, 1, 62, 2, 64, 38, 40, 65, 40, 42, 65, 42, 45, 65, 64, 40, 66, 34, 36, 66, 36, 38, 66, 38, 64, 67, 45, 47, 67, 47, 48, 67, 65, 45, 68, 30, 32, 68, 32, 34, 68, 34, 66, 69, 48, 51, 69, 51, 52, 69, 67, 48, 70, 26, 28, 70, 28, 30, 70, 30, 68, 71, 52, 54, 71, 69, 52, 72, 26, 70, 24, 26, 72, 57, 71, 54, 73, 71, 57, 74, 24, 72, 22, 24, 74, 58, 73, 57, 58, 75, 73, 20, 22, 74, 20, 74, 76, 60, 75, 58, 18, 20, 76, 62, 75, 60, 62, 77, 75, 1, 77, 62, 16, 18, 76, 16, 76, 78, 14, 16, 78, 0, 79, 77, 0, 77, 1, 5, 79, 0, 12, 78, 80, 12, 14, 78, 6, 81, 79, 6, 79, 5, 10, 12, 80, 9, 80, 81, 9, 81, 6, 9, 10, 80, 39, 82, 41, 41, 83, 43, 43, 83, 44, 82, 83, 41, 35, 84, 37, 37, 84, 39, 39, 84, 82, 44, 85, 46, 46, 85, 49, 83, 85, 44, 31, 86, 33, 33, 86, 35, 35, 86, 84, 49, 87, 50, 50, 87, 53, 85, 87, 49, 27, 88, 29, 29, 88, 31, 31, 88, 86, 53, 89, 55, 87, 89, 53, 27, 90, 88, 27, 25, 90, 89, 56, 55, 89, 91, 56, 25, 92, 90, 25, 23, 92, 91, 59, 56, 93, 59, 91, 23, 21, 92, 92, 21, 94, 93, 61, 59, 21, 19, 94, 93, 63, 61, 95, 63, 93, 95, 2, 63, 19, 17, 94, 94, 17, 96, 17, 15, 96, 97, 3, 95, 95, 3, 2, 97, 4, 3, 96, 13, 98, 15, 13, 96, 99, 7, 97, 97, 7, 4, 13, 11, 98, 98, 8, 99, 99, 8, 7, 11, 8, 98, 95, 77, 97, 77, 79, 97, 97, 81, 99, 79, 81, 97, 99, 80, 98, 81, 80, 99, 98, 78, 96, 80, 78, 98, 96, 76, 94, 94, 76, 92, 78, 76, 96, 76, 74, 92, 92, 72, 90, 74, 72, 92, 90, 70, 88, 72, 70, 90, 88, 68, 86, 86, 68, 84, 70, 68, 88, 68, 66, 84, 84, 64, 82, 66, 64, 84, 82, 65, 83, 64, 65, 82, 83, 67, 85, 85, 67, 87, 65, 67, 83, 67, 69, 87, 69, 71, 87, 87, 71, 89, 89, 71, 91, 71, 73, 91, 73, 75, 91, 91, 75, 93, 75, 77, 93, 93, 77, 95]
        float3[] extent = [(-0.5799999833106995, -0.3529999852180481, -0.75), (-0.47999998927116394, -0.3330000042915344, -0.6499999761581421)]
        uniform token subdivisionScheme = "none"
        bool physics:collisionEnabled = false
        color3f[] primvars:displayColor = [(0.7803921699523926, 0.5686274766921997, 0.21960784494876862)]
    }
    def Mesh "LanderMount2"
    {
        point3f[] points = [(0.4809607267379761, -0.3330000042915344, 0.7097545266151428), (0.47999998927116394, -0.3330000042915344, 0.699999988079071), (0.47999998927116394, -0.3529999852180481, 0.699999988079071), (0.4809607267379761, -0.3529999852180481, 0.7097545266151428), (0.4838060438632965, -0.3529999852180481, 0.7191341519355774), (0.4838060438632965, -0.3330000042915344, 0.7191341519355774), (0.4884265065193176, -0.3330000042915344, 0.7277784943580627), (0.4884265065193176, -0.3529999852180481, 0.7277784943580627), (0.4946446418762207, -0.3529999852180481, 0.7353553175926208), (0.4946446418762207, -0.3330000042915344, 0.7353553175926208), (0.5022215247154236, -0.3330000042915344, 0.7415735125541687), (0.5022215247154236, -0.3529999852180481, 0.7415735125541687), (0.5108658075332642, -0.3330000042915344, 0.7461939454078674), (0.5108658075332642, -0.3529999852180481, 0.7461939454078674), (0.5202454924583435, -0.3330000042915344, 0.7490392327308655), (0.5202454924583435, -0.3529999852180481, 0.7490392327308655), (0.5299999713897705, -0.3330000042915344, 0.75), (0.5299999713897705, -0.3529999852180481, 0.75), (0.5397545099258423, -0.3330000042915344, 0.7490392327308655), (0.5397545099258423, -0.3529999852180481, 0.7490392327308655), (0.5491341352462769, -0.3330000042915344, 0.7461939454078674), (0.5491341352462769, -0.3529999852180481, 0.7461939454078674), (0.5577784776687622, -0.3330000042915344, 0.7415735125541687), (0.5577784776687622, -0.3529999852180481, 0.7415735125541687), (0.5653553605079651, -0.3330000042915344, 0.7353553175926208), (0.5653553605079651, -0.3529999852180481, 0.7353553175926208), (0.5715734958648682, -0.3330000042915344, 0.7277784943580627), (0.5715734958648682, -0.3529999852180481, 0.7277784943580627), (0.5761939883232117, -0.3330000042915344, 0.7191341519355774), (0.5761939883232117, -0.3529999852180481, 0.7191341519355774), (0.5790392756462097, -0.3330000042915344, 0.7097545266151428), (0.5790392756462097, -0.3529999852180481, 0.7097545266151428), (0.5799999833106995, -0.3330000042915344, 0.699999988079071), (0.5799999833106995, -0.3529999852180481, 0.699999988079071), (0.5790392756462097, -0.3330000042915344, 0.690245509147644), (0.5790392756462097, -0.3529999852180481, 0.690245509147644), (0.5761939883232117, -0.3330000042915344, 0.6808658242225647), (0.5761939883232117, -0.3529999852180481, 0.6808658242225647), (0.5715734958648682, -0.3330000042915344, 0.6722214818000793), (0.5715734958648682, -0.3529999852180481, 0.6722214818000793), (0.5653553605079651, -0.3330000042915344, 0.6646446585655212), (0.5653553605079651, -0.3529999852180481, 0.6646446585655212), (0.5577784776687622, -0.3330000042915344, 0.6584265232086182), (0.5577784776687622, -0.3529999852180481, 0.6584265232086182), (0.5491341352462769, -0.3529999852180481, 0.6538060307502747), (0.5491341352462769, -0.3330000042915344, 0.6538060307502747), (0.5397545099258423, -0.3529999852180481, 0.6509607434272766), (0.5397545099258423, -0.3330000042915344, 0.6509607434272766), (0.5299999713897705, -0.3330000042915344, 0.6499999761581421), (0.5299999713897705, -0.3529999852180481, 0.6499999761581421), (0.5202454924583435, -0.3529999852180481, 0.6509607434272766), (0.5202454924583435, -0.3330000042915344, 0.6509607434272766), (0.5108658075332642, -0.3330000042915344, 0.6538060307502747), (0.5108658075332642, -0.3529999852180481, 0.6538060307502747), (0.5022215247154236, -0.3330000042915344, 0.6584265232086182), (0.5022215247154236, -0.3529999852180481, 0.6584265232086182), (0.4946446418762207, -0.3529999852180481, 0.6646446585655212), (0.4946446418762207, -0.3330000042915344, 0.6646446585655212), (0.4884265065193176, -0.3330000042915344, 0.6722214818000793), (0.4884265065193176, -0.3529999852180481, 0.6722214818000793), (0.4838060438632965, -0.3330000042915344, 0.6808658242225647), (0.4838060438632965, -0.3529999852180481, 0.6808658242225647), (0.4809607267379761, -0.3330000042915344, 0.690245509147644), (0.4809607267379761, -0.3529999852180481, 0.690245509147644), (0.5407246351242065, -0.3330000042915344, 0.6910009980201721), (0.5370000004768372, -0.3330000042915344, 0.6878756880760193), (0.5431557297706604, -0.3330000042915344, 0.6952117085456848), (0.5324310660362244, -0.3330000042915344, 0.6862127184867859), (0.5440000295639038, -0.3330000042915344, 0.699999988079071), (0.5275689363479614, -0.3330000042915344, 0.6862127184867859), (0.5431557297706604, -0.3330000042915344, 0.7047882676124573), (0.5230000019073486, -0.3330000042915344, 0.6878756880760193), (0.5407246351242065, -0.3330000042915344, 0.7089990377426147), (0.5192753672599792, -0.3330000042915344, 0.6910009980201721), (0.5370000004768372, -0.3330000042915344, 0.7121243476867676), (0.5168442726135254, -0.3330000042915344, 0.6952117085456848), (0.5324310660362244, -0.3330000042915344, 0.713787317276001), (0.515999972820282, -0.3330000042915344, 0.699999988079071), (0.5275689363479614, -0.3330000042915344, 0.713787317276001), (0.5168442726135254, -0.3330000042915344, 0.7047882676124573), (0.5230000019073486, -0.3330000042915344, 0.7121243476867676), (0.5192753672599792, -0.3330000042915344, 0.7089990377426147), (0.5407246351242065, -0.3529999852180481, 0.6910009980201721), (0.5370000004768372, -0.3529999852180481, 0.6878756880760193), (0.5431557297706604, -0.3529999852180481, 0.6952117085456848), (0.5324310660362244, -0.3529999852180481, 0.6862127184867859), (0.5440000295639038, -0.3529999852180481, 0.699999988079071), (0.5275689363479614, -0.3529999852180481, 0.6862127184867859), (0.5431557297706604, -0.3529999852180481, 0.7047882676124573), (0.5230000019073486, -0.3529999852180481, 0.6878756880760193), (0.5407246351242065, -0.3529999852180481, 0.7089990377426147), (0.5192753672599792, -0.3529999852180481, 0.6910009980201721), (0.5370000004768372, -0.3529999852180481, 0.7121243476867676), (0.5168442726135254, -0.3529999852180481, 0.6952117085456848), (0.5324310660362244, -0.3529999852180481, 0.713787317276001), (0.515999972820282, -0.3529999852180481, 0.699999988079071), (0.5275689363479614, -0.3529999852180481, 0.713787317276001), (0.5168442726135254, -0.3529999852180481, 0.7047882676124573), (0.5230000019073486, -0.3529999852180481, 0.7121243476867676), (0.5192753672599792, -0.3529999852180481, 0.7089990377426147)]
        int[] faceVertexCounts = [3, 3, 3, 3, 3, 3, 3, 3, 3, 3, 3, 3, 3, 3, 3, 3, 3, 3, 3, 3, 3, 3, 3, 3, 3, 3, 3, 3, 3, 3, 3, 3, 3, 3, 3, 3, 3, 3, 3, 3, 3, 3, 3, 3, 3, 3, 3, 3, 3, 3, 3, 3, 3, 3, 3, 3, 3, 3, 3, 3, 3, 3, 3, 3, 3, 3, 3, 3, 3, 3, 3, 3, 3, 3, 3, 3, 3, 3, 3, 3, 3, 3, 3, 3, 3, 3, 3, 3, 3, 3, 3, 3, 3, 3, 3, 3, 3, 3, 3, 3, 3, 3, 3, 3, 3, 3, 3, 3, 3, 3, 3, 3, 3, 3, 3, 3, 3, 3, 3, 3, 3, 3, 3, 3, 3, 3, 3, 3, 3, 3, 3, 3, 3, 3, 3, 3, 3, 3, 3, 3, 3, 3, 3, 3, 3, 3, 3, 3, 3, 3, 3, 3, 3, 3, 3, 3, 3, 3, 3, 3, 3, 3, 3, 3, 3, 3, 3, 3, 3, 3, 3, 3, 3, 3, 3, 3, 3, 3, 3, 3, 3, 3, 3, 3, 3, 3, 3, 3, 3, 3, 3, 3, 3, 3, 3, 3, 3, 3, 3, 3]
        int[] faceVertexIndices = [0, 1, 2, 0, 2, 3, 0, 3, 4, 5, 0, 4, 6, 4, 7, 6, 7, 8, 6, 5, 4, 9, 6, 8, 10, 8, 11, 10, 9, 8, 12, 11, 13, 12, 10, 11, 14, 13, 15, 14, 12, 13, 16, 14, 15, 16, 15, 17, 18, 16, 17, 18, 17, 19, 20, 18, 19, 20, 19, 21, 22, 20, 21, 22, 21, 23, 24, 22, 23, 24, 23, 25, 26, 24, 25, 26, 25, 27, 28, 26, 27, 28, 27, 29, 30, 28, 29, 30, 29, 31, 32, 30, 31, 32, 31, 33, 34, 32, 33, 34, 33, 35, 36, 34, 35, 36, 35, 37, 38, 36, 37, 38, 37, 39, 40, 38, 39, 40, 39, 41, 42, 40, 41, 42, 41, 43, 42, 43, 44, 45, 44, 46, 45, 42, 44, 47, 45, 46, 48, 46, 49, 48, 49, 50, 48, 47, 46, 51, 48, 50, 52, 50, 53, 52, 51, 50, 54, 53, 55, 54, 55, 56, 54, 52, 53, 57, 54, 56, 58, 56, 59, 58, 57, 56, 60, 59, 61, 60, 58, 59, 62, 61, 63, 62, 63, 2, 62, 60, 61, 1, 62, 2, 64, 38, 40, 65, 40, 42, 65, 42, 45, 65, 64, 40, 66, 34, 36, 66, 36, 38, 66, 38, 64, 67, 45, 47, 67, 47, 48, 67, 65, 45, 68, 30, 32, 68, 32, 34, 68, 34, 66, 69, 48, 51, 69, 51, 52, 69, 67, 48, 70, 26, 28, 70, 28, 30, 70, 30, 68, 71, 52, 54, 71, 69, 52, 72, 26, 70, 24, 26, 72, 57, 71, 54, 73, 71, 57, 74, 24, 72, 22, 24, 74, 58, 73, 57, 58, 75, 73, 20, 22, 74, 20, 74, 76, 60, 75, 58, 18, 20, 76, 62, 75, 60, 62, 77, 75, 1, 77, 62, 16, 18, 76, 16, 76, 78, 14, 16, 78, 0, 79, 77, 0, 77, 1, 5, 79, 0, 12, 78, 80, 12, 14, 78, 6, 81, 79, 6, 79, 5, 10, 12, 80, 9, 80, 81, 9, 81, 6, 9, 10, 80, 39, 82, 41, 41, 83, 43, 43, 83, 44, 82, 83, 41, 35, 84, 37, 37, 84, 39, 39, 84, 82, 44, 85, 46, 46, 85, 49, 83, 85, 44, 31, 86, 33, 33, 86, 35, 35, 86, 84, 49, 87, 50, 50, 87, 53, 85, 87, 49, 27, 88, 29, 29, 88, 31, 31, 88, 86, 53, 89, 55, 87, 89, 53, 27, 90, 88, 27, 25, 90, 89, 56, 55, 89, 91, 56, 25, 92, 90, 25, 23, 92, 91, 59, 56, 93, 59, 91, 23, 21, 92, 92, 21, 94, 93, 61, 59, 21, 19, 94, 93, 63, 61, 95, 63, 93, 95, 2, 63, 19, 17, 94, 94, 17, 96, 17, 15, 96, 97, 3, 95, 95, 3, 2, 97, 4, 3, 96, 13, 98, 15, 13, 96, 99, 7, 97, 97, 7, 4, 13, 11, 98, 98, 8, 99, 99, 8, 7, 11, 8, 98, 95, 77, 97, 77, 79, 97, 97, 81, 99, 79, 81, 97, 99, 80, 98, 81, 80, 99, 98, 78, 96, 80, 78, 98, 96, 76, 94, 94, 76, 92, 78, 76, 96, 76, 74, 92, 92, 72, 90, 74, 72, 92, 90, 70, 88, 72, 70, 90, 88, 68, 86, 86, 68, 84, 70, 68, 88, 68, 66, 84, 84, 64, 82, 66, 64, 84, 82, 65, 83, 64, 65, 82, 83, 67, 85, 85, 67, 87, 65, 67, 83, 67, 69, 87, 69, 71, 87, 87, 71, 89, 89, 71, 91, 71, 73, 91, 73, 75, 91, 91, 75, 93, 75, 77, 93, 93, 77, 95]
        float3[] extent = [(0.47999998927116394, -0.3529999852180481, 0.6499999761581421), (0.5799999833106995, -0.3330000042915344, 0.75)]
        uniform token subdivisionScheme = "none"
        bool physics:collisionEnabled = false
        color3f[] primvars:displayColor = [(0.7803921699523926, 0.5686274766921997, 0.21960784494876862)]
    }
    def Mesh "LanderMount3"
    {
        point3f[] points = [(-0.5790392756462097, -0.3330000042915344, 0.7097545266151428), (-0.5799999833106995, -0.3330000042915344, 0.699999988079071), (-0.5799999833106995, -0.3529999852180481, 0.699999988079071), (-0.5790392756462097, -0.3529999852180481, 0.7097545266151428), (-0.5761939883232117, -0.3529999852180481, 0.7191341519355774), (-0.5761939883232117, -0.3330000042915344, 0.7191341519355774), (-0.5715734958648682, -0.3330000042915344, 0.7277784943580627), (-0.5715734958648682, -0.3529999852180481, 0.7277784943580627), (-0.5653553605079651, -0.3529999852180481, 0.7353553175926208), (-0.5653553605079651, -0.3330000042915344, 0.7353553175926208), (-0.5577784776687622, -0.3330000042915344, 0.7415735125541687), (-0.5577784776687622, -0.3529999852180481, 0.7415735125541687), (-0.5491341352462769, -0.3330000042915344, 0.7461939454078674), (-0.5491341352462769, -0.3529999852180481, 0.7461939454078674), (-0.5397545099258423, -0.3330000042915344, 0.7490392327308655), (-0.5397545099258423, -0.3529999852180481, 0.7490392327308655), (-0.5299999713897705, -0.3330000042915344, 0.75), (-0.5299999713897705, -0.3529999852180481, 0.75), (-0.5202454924583435, -0.3330000042915344, 0.7490392327308655), (-0.5202454924583435, -0.3529999852180481, 0.7490392327308655), (-0.5108658075332642, -0.3330000042915344, 0.7461939454078674), (-0.5108658075332642, -0.3529999852180481, 0.7461939454078674), (-0.5022215247154236, -0.3330000042915344, 0.7415735125541687), (-0.5022215247154236, -0.3529999852180481, 0.7415735125541687), (-0.4946446418762207, -0.3330000042915344, 0.7353553175926208), (-0.4946446418762207, -0.3529999852180481, 0.7353553175926208), (-0.4884265065193176, -0.3330000042915344, 0.7277784943580627), (-0.4884265065193176, -0.3529999852180481, 0.7277784943580627), (-0.4838060438632965, -0.3330000042915344, 0.7191341519355774), (-0.4838060438632965, -0.3529999852180481, 0.7191341519355774), (-0.4809607267379761, -0.3330000042915344, 0.7097545266151428), (-0.4809607267379761, -0.3529999852180481, 0.7097545266151428), (-0.47999998927116394, -0.3330000042915344, 0.699999988079071), (-0.47999998927116394, -0.3529999852180481, 0.699999988079071), (-0.4809607267379761, -0.3330000042915344, 0.690245509147644), (-0.4809607267379761, -0.3529999852180481, 0.690245509147644), (-0.4838060438632965, -0.3330000042915344, 0.6808658242225647), (-0.4838060438632965, -0.3529999852180481, 0.6808658242225647), (-0.4884265065193176, -0.3330000042915344, 0.6722214818000793), (-0.4884265065193176, -0.3529999852180481, 0.6722214818000793), (-0.4946446418762207, -0.3330000042915344, 0.6646446585655212), (-0.4946446418762207, -0.3529999852180481, 0.6646446585655212), (-0.5022215247154236, -0.3330000042915344, 0.6584265232086182), (-0.5022215247154236, -0.3529999852180481, 0.6584265232086182), (-0.5108658075332642, -0.3529999852180481, 0.6538060307502747), (-0.5108658075332642, -0.3330000042915344, 0.6538060307502747), (-0.5202454924583435, -0.3529999852180481, 0.6509607434272766), (-0.5202454924583435, -0.3330000042915344, 0.6509607434272766), (-0.5299999713897705, -0.3330000042915344, 0.6499999761581421), (-0.5299999713897705, -0.3529999852180481, 0.6499999761581421), (-0.5397545099258423, -0.3529999852180481, 0.6509607434272766), (-0.5397545099258423, -0.3330000042915344, 0.6509607434272766), (-0.5491341352462769, -0.3330000042915344, 0.6538060307502747), (-0.5491341352462769, -0.3529999852180481, 0.6538060307502747), (-0.5577784776687622, -0.3330000042915344, 0.6584265232086182), (-0.5577784776687622, -0.3529999852180481, 0.6584265232086182), (-0.5653553605079651, -0.3529999852180481, 0.6646446585655212), (-0.5653553605079651, -0.3330000042915344, 0.6646446585655212), (-0.5715734958648682, -0.3330000042915344, 0.6722214818000793), (-0.5715734958648682, -0.3529999852180481, 0.6722214818000793), (-0.5761939883232117, -0.3330000042915344, 0.6808658242225647), (-0.5761939883232117, -0.3529999852180481, 0.6808658242225647), (-0.5790392756462097, -0.3330000042915344, 0.690245509147644), (-0.5790392756462097, -0.3529999852180481, 0.690245509147644), (-0.5192753672599792, -0.3330000042915344, 0.6910009980201721), (-0.5230000019073486, -0.3330000042915344, 0.6878756880760193), (-0.5168442726135254, -0.3330000042915344, 0.6952117085456848), (-0.5275689363479614, -0.3330000042915344, 0.6862127184867859), (-0.515999972820282, -0.3330000042915344, 0.699999988079071), (-0.5324310660362244, -0.3330000042915344, 0.6862127184867859), (-0.5168442726135254, -0.3330000042915344, 0.7047882676124573), (-0.5370000004768372, -0.3330000042915344, 0.6878756880760193), (-0.5192753672599792, -0.3330000042915344, 0.7089990377426147), (-0.5407246351242065, -0.3330000042915344, 0.6910009980201721), (-0.5230000019073486, -0.3330000042915344, 0.7121243476867676), (-0.5431557297706604, -0.3330000042915344, 0.6952117085456848), (-0.5275689363479614, -0.3330000042915344, 0.713787317276001), (-0.5440000295639038, -0.3330000042915344, 0.699999988079071), (-0.5324310660362244, -0.3330000042915344, 0.713787317276001), (-0.5431557297706604, -0.3330000042915344, 0.7047882676124573), (-0.5370000004768372, -0.3330000042915344, 0.7121243476867676), (-0.5407246351242065, -0.3330000042915344, 0.7089990377426147), (-0.5192753672599792, -0.3529999852180481, 0.6910009980201721), (-0.5230000019073486, -0.3529999852180481, 0.6878756880760193), (-0.5168442726135254, -0.3529999852180481, 0.6952117085456848), (-0.5275689363479614, -0.3529999852180481, 0.6862127184867859), (-0.515999972820282, -0.3529999852180481, 0.699999988079071), (-0.5324310660362244, -0.3529999852180481, 0.6862127184867859), (-0.5168442726135254, -0.3529999852180481, 0.7047882676124573), (-0.5370000004768372, -0.3529999852180481, 0.6878756880760193), (-0.5192753672599792, -0.3529999852180481, 0.7089990377426147), (-0.5407246351242065, -0.3529999852180481, 0.6910009980201721), (-0.5230000019073486, -0.3529999852180481, 0.7121243476867676), (-0.5431557297706604, -0.3529999852180481, 0.6952117085456848), (-0.5275689363479614, -0.3529999852180481, 0.713787317276001), (-0.5440000295639038, -0.3529999852180481, 0.699999988079071), (-0.5324310660362244, -0.3529999852180481, 0.713787317276001), (-0.5431557297706604, -0.3529999852180481, 0.7047882676124573), (-0.5370000004768372, -0.3529999852180481, 0.7121243476867676), (-0.5407246351242065, -0.3529999852180481, 0.7089990377426147)]
        int[] faceVertexCounts = [3, 3, 3, 3, 3, 3, 3, 3, 3, 3, 3, 3, 3, 3, 3, 3, 3, 3, 3, 3, 3, 3, 3, 3, 3, 3, 3, 3, 3, 3, 3, 3, 3, 3, 3, 3, 3, 3, 3, 3, 3, 3, 3, 3, 3, 3, 3, 3, 3, 3, 3, 3, 3, 3, 3, 3, 3, 3, 3, 3, 3, 3, 3, 3, 3, 3, 3, 3, 3, 3, 3, 3, 3, 3, 3, 3, 3, 3, 3, 3, 3, 3, 3, 3, 3, 3, 3, 3, 3, 3, 3, 3, 3, 3, 3, 3, 3, 3, 3, 3, 3, 3, 3, 3, 3, 3, 3, 3, 3, 3, 3, 3, 3, 3, 3, 3, 3, 3, 3, 3, 3, 3, 3, 3, 3, 3, 3, 3, 3, 3, 3, 3, 3, 3, 3, 3, 3, 3, 3, 3, 3, 3, 3, 3, 3, 3, 3, 3, 3, 3, 3, 3, 3, 3, 3, 3, 3, 3, 3, 3, 3, 3, 3, 3, 3, 3, 3, 3, 3, 3, 3, 3, 3, 3, 3, 3, 3, 3, 3, 3, 3, 3, 3, 3, 3, 3, 3, 3, 3, 3, 3, 3, 3, 3, 3, 3, 3, 3, 3, 3]
        int[] faceVertexIndices = [0, 1, 2, 0, 2, 3, 0, 3, 4, 5, 0, 4, 6, 4, 7, 6, 7, 8, 6, 5, 4, 9, 6, 8, 10, 8, 11, 10, 9, 8, 12, 11, 13, 12, 10, 11, 14, 13, 15, 14, 12, 13, 16, 14, 15, 16, 15, 17, 18, 16, 17, 18, 17, 19, 20, 18, 19, 20, 19, 21, 22, 20, 21, 22, 21, 23, 24, 22, 23, 24, 23, 25, 26, 24, 25, 26, 25, 27, 28, 26, 27, 28, 27, 29, 30, 28, 29, 30, 29, 31, 32, 30, 31, 32, 31, 33, 34, 32, 33, 34, 33, 35, 36, 34, 35, 36, 35, 37, 38, 36, 37, 38, 37, 39, 40, 38, 39, 40, 39, 41, 42, 40, 41, 42, 41, 43, 42, 43, 44, 45, 44, 46, 45, 42, 44, 47, 45, 46, 48, 46, 49, 48, 49, 50, 48, 47, 46, 51, 48, 50, 52, 50, 53, 52, 51, 50, 54, 53, 55, 54, 55, 56, 54, 52, 53, 57, 54, 56, 58, 56, 59, 58, 57, 56, 60, 59, 61, 60, 58, 59, 62, 61, 63, 62, 63, 2, 62, 60, 61, 1, 62, 2, 64, 38, 40, 65, 40, 42, 65, 42, 45, 65, 64, 40, 66, 34, 36, 66, 36, 38, 66, 38, 64, 67, 45, 47, 67, 47, 48, 67, 65, 45, 68, 30, 32, 68, 32, 34, 68, 34, 66, 69, 48, 51, 69, 51, 52, 69, 67, 48, 70, 26, 28, 70, 28, 30, 70, 30, 68, 71, 52, 54, 71, 69, 52, 72, 26, 70, 24, 26, 72, 57, 71, 54, 73, 71, 57, 74, 24, 72, 22, 24, 74, 58, 73, 57, 58, 75, 73, 20, 22, 74, 20, 74, 76, 60, 75, 58, 18, 20, 76, 62, 75, 60, 62, 77, 75, 1, 77, 62, 16, 18, 76, 16, 76, 78, 14, 16, 78, 0, 79, 77, 0, 77, 1, 5, 79, 0, 12, 78, 80, 12, 14, 78, 6, 81, 79, 6, 79, 5, 10, 12, 80, 9, 80, 81, 9, 81, 6, 9, 10, 80, 39, 82, 41, 41, 83, 43, 43, 83, 44, 82, 83, 41, 35, 84, 37, 37, 84, 39, 39, 84, 82, 44, 85, 46, 46, 85, 49, 83, 85, 44, 31, 86, 33, 33, 86, 35, 35, 86, 84, 49, 87, 50, 50, 87, 53, 85, 87, 49, 27, 88, 29, 29, 88, 31, 31, 88, 86, 53, 89, 55, 87, 89, 53, 27, 90, 88, 27, 25, 90, 89, 56, 55, 89, 91, 56, 25, 92, 90, 25, 23, 92, 91, 59, 56, 93, 59, 91, 23, 21, 92, 92, 21, 94, 93, 61, 59, 21, 19, 94, 93, 63, 61, 95, 63, 93, 95, 2, 63, 19, 17, 94, 94, 17, 96, 17, 15, 96, 97, 3, 95, 95, 3, 2, 97, 4, 3, 96, 13, 98, 15, 13, 96, 99, 7, 97, 97, 7, 4, 13, 11, 98, 98, 8, 99, 99, 8, 7, 11, 8, 98, 95, 77, 97, 77, 79, 97, 97, 81, 99, 79, 81, 97, 99, 80, 98, 81, 80, 99, 98, 78, 96, 80, 78, 98, 96, 76, 94, 94, 76, 92, 78, 76, 96, 76, 74, 92, 92, 72, 90, 74, 72, 92, 90, 70, 88, 72, 70, 90, 88, 68, 86, 86, 68, 84, 70, 68, 88, 68, 66, 84, 84, 64, 82, 66, 64, 84, 82, 65, 83, 64, 65, 82, 83, 67, 85, 85, 67, 87, 65, 67, 83, 67, 69, 87, 69, 71, 87, 87, 71, 89, 89, 71, 91, 71, 73, 91, 73, 75, 91, 91, 75, 93, 75, 77, 93, 93, 77, 95]
        float3[] extent = [(-0.5799999833106995, -0.3529999852180481, 0.6499999761581421), (-0.47999998927116394, -0.3330000042915344, 0.75)]
        uniform token subdivisionScheme = "none"
        bool physics:collisionEnabled = false
        color3f[] primvars:displayColor = [(0.7803921699523926, 0.5686274766921997, 0.21960784494876862)]
    }
    def Mesh "SolarBackplate"
    {
        point3f[] points = [(0.49794113636016846, 1.6235698461532593, -0.8999999761581421), (0.5177464485168457, 1.6263535022735596, -0.8999999761581421), (0.6899999976158142, 0.25699999928474426, -0.8999999761581421), (0.7098053693771362, 0.25978344678878784, -0.8999999761581421), (0.49794113636016846, 1.6235698461532593, 0.8999999761581421), (0.5177464485168457, 1.6263535022735596, 0.8999999761581421), (0.7031250596046448, 0.3073163330554962, -0.6510000228881836), (0.7049842476844788, 0.29408735036849976, -0.6700000166893005), (0.7049842476844788, 0.29408735036849976, -0.6510000228881836), (0.7089142203330994, 0.26612427830696106, -0.6700000166893005), (0.7098053693771362, 0.25978344678878784, -0.6700000166893005), (0.7031250596046448, 0.3073163330554962, -0.5690000057220459), (0.7089142203330994, 0.26612427830696106, -0.550000011920929), (0.7089142203330994, 0.26612427830696106, -0.5690000057220459), (0.7049842476844788, 0.29408735036849976, 0.550000011920929), (0.7031250596046448, 0.3073163330554962, 0.5690000057220459), (0.7049842476844788, 0.29408735036849976, 0.5690000057220459), (0.7089142203330994, 0.26612427830696106, 0.550000011920929), (0.7098053693771362, 0.25978344678878784, 0.550000011920929), (0.7098053693771362, 0.25978344678878784, -0.550000011920929), (0.7031250596046448, 0.3073163330554962, 0.6510000228881836), (0.7089142203330994, 0.26612427830696106, 0.6700000166893005), (0.7089142203330994, 0.26612427830696106, 0.6510000228881836), (0.7098053693771362, 0.25978344678878784, 0.8999999761581421), (0.7098053693771362, 0.25978344678878784, 0.6700000166893005), (0.6899999976158142, 0.25699999928474426, -0.6700000166893005), (0.6827629804611206, 0.308493971824646, -0.6510000228881836), (0.684433102607727, 0.2966107130050659, -0.6700000166893005), (0.684433102607727, 0.2966107130050659, -0.6510000228881836), (0.6870774030685425, 0.2777956426143646, -0.6700000166893005), (0.6827629804611206, 0.308493971824646, -0.5690000057220459), (0.6870774030685425, 0.2777956426143646, -0.5690000057220459), (0.6870774030685425, 0.2777956426143646, -0.550000011920929), (0.684433102607727, 0.2966107130050659, 0.550000011920929), (0.6827629804611206, 0.308493971824646, 0.5690000057220459), (0.684433102607727, 0.2966107130050659, 0.5690000057220459), (0.6870774030685425, 0.2777956426143646, 0.550000011920929), (0.6899999976158142, 0.25699999928474426, -0.550000011920929), (0.6899999976158142, 0.25699999928474426, 0.550000011920929), (0.6827629804611206, 0.308493971824646, 0.6510000228881836), (0.6870774030685425, 0.2777956426143646, 0.6510000228881836), (0.6870774030685425, 0.2777956426143646, 0.6700000166893005), (0.6899999976158142, 0.25699999928474426, 0.6700000166893005), (0.6899999976158142, 0.25699999928474426, 0.8999999761581421), (0.6923588514328003, 0.2778671383857727, -0.6700000166893005), (0.6974911093711853, 0.27661848068237305, -0.6700000166893005), (0.7060391902923584, 0.2705552279949188, -0.6700000166893005), (0.7021494507789612, 0.27412867546081543, -0.6700000166893005), (0.6913959980010986, 0.29697564244270325, -0.6700000166893005), (0.6983164548873901, 0.2961259186267853, -0.6700000166893005), (0.6983164548873901, 0.2961259186267853, -0.6510000228881836), (0.6913959980010986, 0.29697564244270325, -0.6510000228881836), (0.6895824670791626, 0.30899834632873535, -0.6510000228881836), (0.6964091658592224, 0.30860352516174316, -0.6510000228881836), (0.6964091658592224, 0.30860352516174316, -0.5690000057220459), (0.6895824670791626, 0.30899834632873535, -0.5690000057220459), (0.6923588514328003, 0.2778671383857727, -0.5690000057220459), (0.7060391902923584, 0.2705552279949188, -0.5690000057220459), (0.7021494507789612, 0.27412867546081543, -0.5690000057220459), (0.6974911093711853, 0.27661848068237305, -0.5690000057220459), (0.7060391902923584, 0.2705552279949188, -0.550000011920929), (0.7021494507789612, 0.27412867546081543, -0.550000011920929), (0.6974911093711853, 0.27661848068237305, -0.550000011920929), (0.6923588514328003, 0.2778671383857727, -0.550000011920929), (0.6923588514328003, 0.2778671383857727, 0.550000011920929), (0.6974911093711853, 0.27661848068237305, 0.550000011920929), (0.7060391902923584, 0.2705552279949188, 0.550000011920929), (0.7021494507789612, 0.27412867546081543, 0.550000011920929), (0.6913959980010986, 0.29697564244270325, 0.550000011920929), (0.6983164548873901, 0.2961259186267853, 0.550000011920929), (0.6983164548873901, 0.2961259186267853, 0.5690000057220459), (0.6913959980010986, 0.29697564244270325, 0.5690000057220459), (0.6895824670791626, 0.30899834632873535, 0.5690000057220459), (0.6964091658592224, 0.30860352516174316, 0.5690000057220459), (0.6964091658592224, 0.30860352516174316, 0.6510000228881836), (0.6895824670791626, 0.30899834632873535, 0.6510000228881836), (0.6923588514328003, 0.2778671383857727, 0.6510000228881836), (0.7060391902923584, 0.2705552279949188, 0.6510000228881836), (0.7021494507789612, 0.27412867546081543, 0.6510000228881836), (0.6974911093711853, 0.27661848068237305, 0.6510000228881836), (0.7060391902923584, 0.2705552279949188, 0.6700000166893005), (0.7021494507789612, 0.27412867546081543, 0.6700000166893005), (0.6974911093711853, 0.27661848068237305, 0.6700000166893005), (0.6923588514328003, 0.2778671383857727, 0.6700000166893005)]
        int[] faceVertexCounts = [3, 3, 3, 3, 3, 3, 3, 3, 3, 3, 3, 3, 3, 3, 3, 3, 3, 3, 3, 3, 3, 3, 3, 3, 3, 3, 3, 3, 3, 3, 3, 3, 3, 3, 3, 3, 3, 3, 3, 3, 3, 3, 3, 3, 3, 3, 3, 3, 3, 3, 3, 3, 3, 3, 3, 3, 3, 3, 3, 3, 3, 3, 3, 3, 3, 3, 3, 3, 3, 3, 3, 3, 3, 3, 3, 3, 3, 3, 3, 3, 3, 3, 3, 3, 3, 3, 3, 3, 3, 3, 3, 3, 3, 3, 3, 3, 3, 3, 3, 3, 3, 3, 3, 3, 3, 3, 3, 3, 3, 3, 3, 3, 3, 3, 3, 3, 3, 3, 3, 3, 3, 3, 3, 3, 3, 3, 3, 3, 3, 3, 3, 3, 3, 3, 3, 3, 3, 3, 3, 3, 3, 3, 3, 3, 3, 3, 3, 3, 3, 3, 3, 3, 3, 3, 3, 3, 3, 3, 3, 3, 3, 3, 3, 3]
        int[] faceVertexIndices = [0, 1, 2, 2, 1, 3, 4, 5, 0, 0, 5, 1, 6, 3, 1, 6, 7, 3, 8, 7, 6, 9, 3, 7, 10, 3, 9, 11, 6, 1, 12, 13, 11, 14, 12, 11, 15, 1, 5, 15, 11, 1, 15, 14, 11, 16, 14, 15, 17, 12, 14, 18, 19, 12, 18, 12, 17, 20, 15, 5, 21, 22, 20, 23, 24, 21, 23, 21, 20, 23, 20, 5, 25, 2, 3, 10, 25, 3, 2, 26, 0, 27, 26, 2, 27, 28, 26, 2, 29, 27, 2, 25, 29, 26, 30, 0, 31, 32, 30, 0, 33, 4, 32, 33, 30, 30, 33, 0, 33, 34, 4, 33, 35, 34, 32, 36, 33, 37, 38, 32, 32, 38, 36, 34, 39, 4, 40, 41, 39, 42, 43, 41, 39, 43, 4, 41, 43, 39, 5, 4, 43, 5, 43, 23, 44, 29, 25, 9, 25, 10, 45, 44, 25, 46, 25, 9, 47, 45, 25, 47, 25, 46, 48, 27, 29, 48, 29, 44, 49, 44, 45, 49, 48, 44, 7, 46, 9, 7, 47, 46, 7, 45, 47, 7, 49, 45, 8, 50, 7, 7, 50, 49, 49, 51, 48, 48, 51, 27, 50, 51, 49, 51, 28, 27, 52, 26, 28, 52, 28, 51, 53, 51, 50, 53, 52, 51, 6, 50, 8, 6, 53, 50, 11, 54, 6, 6, 54, 53, 53, 55, 52, 54, 55, 53, 52, 30, 26, 55, 30, 52, 30, 55, 31, 31, 55, 56, 55, 54, 56, 57, 11, 13, 58, 11, 57, 59, 11, 58, 56, 11, 59, 54, 11, 56, 12, 60, 13, 13, 60, 57, 57, 61, 58, 58, 61, 59, 60, 61, 57, 61, 62, 59, 59, 63, 56, 56, 63, 31, 62, 63, 59, 63, 32, 31, 32, 63, 37, 37, 12, 19, 63, 62, 37, 37, 60, 12, 62, 61, 37, 37, 61, 60, 18, 38, 37, 18, 37, 19, 64, 36, 38, 17, 38, 18, 65, 64, 38, 66, 38, 17, 67, 65, 38, 67, 38, 66, 68, 33, 36, 68, 36, 64, 69, 64, 65, 69, 68, 64, 14, 66, 17, 14, 67, 66, 14, 65, 67, 14, 69, 65, 16, 70, 14, 14, 70, 69, 69, 71, 68, 68, 71, 33, 70, 71, 69, 71, 35, 33, 72, 34, 35, 72, 35, 71, 73, 71, 70, 73, 72, 71, 15, 70, 16, 15, 73, 70, 20, 74, 15, 15, 74, 73, 73, 75, 72, 74, 75, 73, 72, 39, 34, 75, 39, 72, 39, 75, 40, 40, 75, 76, 75, 74, 76, 77, 20, 22, 78, 20, 77, 79, 20, 78, 76, 20, 79, 74, 20, 76, 21, 80, 22, 22, 80, 77, 77, 81, 78, 78, 81, 79, 80, 81, 77, 81, 82, 79, 79, 83, 76, 76, 83, 40, 82, 83, 79, 83, 41, 40, 41, 83, 42, 42, 21, 24, 83, 82, 42, 42, 80, 21, 82, 81, 42, 42, 81, 80, 43, 42, 24, 23, 43, 24]
        float3[] extent = [(0.49794113636016846, 0.25699999928474426, -0.8999999761581421), (0.7098053693771362, 1.6263535022735596, 0.8999999761581421)]
        uniform token subdivisionScheme = "none"
        bool physics:collisionEnabled = false
        color3f[] primvars:displayColor = [(0.8588235378265381, 0.8784313797950745, 0.8784313797950745)]
    }
    def Mesh "SolarFrameFront"
    {
        point3f[] points = [(0.4951576590538025, 1.643375277519226, -0.9200000166893005), (0.5298170447349548, 1.6482462882995605, -0.9200000166893005), (0.49794113636016846, 1.6235698461532593, -0.9200000166893005), (0.5326005220413208, 1.6284409761428833, -0.9200000166893005), (0.5298170447349548, 1.6482462882995605, 0.9200000166893005), (0.4951576590538025, 1.643375277519226, 0.9200000166893005), (0.49794113636016846, 1.6235698461532593, 0.9200000166893005), (0.5326005220413208, 1.6284409761428833, 0.9200000166893005)]
        int[] faceVertexCounts = [3, 3, 3, 3, 3, 3, 3, 3, 3, 3, 3, 3]
        int[] faceVertexIndices = [0, 1, 2, 2, 1, 3, 4, 5, 6, 4, 6, 7, 5, 4, 0, 0, 4, 1, 7, 6, 2, 7, 2, 3, 2, 6, 0, 0, 6, 5, 7, 3, 1, 7, 1, 4]
        float3[] extent = [(0.4951576590538025, 1.6235698461532593, -0.9200000166893005), (0.5326005220413208, 1.6482462882995605, 0.9200000166893005)]
        uniform token subdivisionScheme = "none"
        bool physics:collisionEnabled = false
        color3f[] primvars:displayColor = [(0.8588235378265381, 0.8784313797950745, 0.8784313797950745)]
    }
    def Mesh "SolarFrameRear"
    {
        point3f[] points = [(0.6899999976158142, 0.25699999928474426, -0.9200000166893005), (0.7246593832969666, 0.2618710398674011, -0.9200000166893005), (0.6927834749221802, 0.23719464242458344, -0.9200000166893005), (0.7274428606033325, 0.2420656681060791, -0.9200000166893005), (0.6899999976158142, 0.25699999928474426, -0.6700000166893005), (0.7107956409454346, 0.259922593832016, -0.6700000166893005), (0.7246593832969666, 0.2618710398674011, -0.6700000166893005), (0.7273544073104858, 0.24269458651542664, -0.6700000166893005), (0.7274428606033325, 0.2420656681060791, -0.6510000228881836), (0.7273544073104858, 0.24269458651542664, -0.6510000228881836), (0.699124276638031, 0.23808574676513672, -0.6700000166893005), (0.6927834749221802, 0.23719464242458344, -0.6700000166893005), (0.7270873188972473, 0.2420157492160797, -0.6700000166893005), (0.7270873188972473, 0.2420157492160797, -0.6510000228881836), (0.7035552263259888, 0.24096082150936127, -0.6700000166893005), (0.707128643989563, 0.2448505312204361, -0.6700000166893005), (0.7096184492111206, 0.24950891733169556, -0.6700000166893005), (0.7108671069145203, 0.25464117527008057, -0.6700000166893005), (0.7271777391433716, 0.24224145710468292, -0.6700000166893005), (0.727266788482666, 0.24246777594089508, -0.6700000166893005), (0.7271777391433716, 0.24224145710468292, -0.6510000228881836), (0.727266788482666, 0.24246777594089508, -0.6510000228881836), (0.7107956409454346, 0.259922593832016, -0.5690000057220459), (0.7107956409454346, 0.259922593832016, -0.550000011920929), (0.7246593832969666, 0.2618710398674011, -0.5690000057220459), (0.6899999976158142, 0.25699999928474426, 0.550000011920929), (0.7107956409454346, 0.259922593832016, 0.550000011920929), (0.6899999976158142, 0.25699999928474426, -0.550000011920929), (0.7246593832969666, 0.2618710398674011, 0.550000011920929), (0.7035552263259888, 0.24096082150936127, -0.5690000057220459), (0.7274428606033325, 0.2420656681060791, -0.5690000057220459), (0.699124276638031, 0.23808574676513672, -0.5690000057220459), (0.707128643989563, 0.2448505312204361, -0.5690000057220459), (0.7096184492111206, 0.24950891733169556, -0.5690000057220459), (0.7108671069145203, 0.25464117527008057, -0.5690000057220459), (0.7035552263259888, 0.24096082150936127, -0.550000011920929), (0.699124276638031, 0.23808574676513672, -0.550000011920929), (0.707128643989563, 0.2448505312204361, -0.550000011920929), (0.7096184492111206, 0.24950891733169556, -0.550000011920929), (0.7108671069145203, 0.25464117527008057, -0.550000011920929), (0.6927834749221802, 0.23719464242458344, -0.550000011920929), (0.6927834749221802, 0.23719464242458344, 0.550000011920929), (0.699124276638031, 0.23808574676513672, 0.550000011920929), (0.7035552263259888, 0.24096082150936127, 0.550000011920929), (0.707128643989563, 0.2448505312204361, 0.550000011920929), (0.7096184492111206, 0.24950891733169556, 0.550000011920929), (0.7108671069145203, 0.25464117527008057, 0.550000011920929), (0.7270873188972473, 0.2420157492160797, 0.550000011920929), (0.7271777391433716, 0.24224145710468292, 0.550000011920929), (0.727266788482666, 0.24246777594089508, 0.550000011920929), (0.7273544073104858, 0.24269458651542664, 0.550000011920929), (0.7274428606033325, 0.2420656681060791, 0.5690000057220459), (0.7273544073104858, 0.24269458651542664, 0.5690000057220459), (0.7270873188972473, 0.2420157492160797, 0.5690000057220459), (0.7271777391433716, 0.24224145710468292, 0.5690000057220459), (0.727266788482666, 0.24246777594089508, 0.5690000057220459), (0.7107956409454346, 0.259922593832016, 0.6510000228881836), (0.7107956409454346, 0.259922593832016, 0.6700000166893005), (0.7246593832969666, 0.2618710398674011, 0.6510000228881836), (0.6899999976158142, 0.25699999928474426, 0.6700000166893005), (0.6899999976158142, 0.25699999928474426, 0.9200000166893005), (0.7246593832969666, 0.2618710398674011, 0.9200000166893005), (0.7035552263259888, 0.24096082150936127, 0.6510000228881836), (0.7274428606033325, 0.2420656681060791, 0.6510000228881836), (0.699124276638031, 0.23808574676513672, 0.6510000228881836), (0.707128643989563, 0.2448505312204361, 0.6510000228881836), (0.7096184492111206, 0.24950891733169556, 0.6510000228881836), (0.7108671069145203, 0.25464117527008057, 0.6510000228881836), (0.7035552263259888, 0.24096082150936127, 0.6700000166893005), (0.699124276638031, 0.23808574676513672, 0.6700000166893005), (0.707128643989563, 0.2448505312204361, 0.6700000166893005), (0.7096184492111206, 0.24950891733169556, 0.6700000166893005), (0.7108671069145203, 0.25464117527008057, 0.6700000166893005), (0.6927834749221802, 0.23719464242458344, 0.6700000166893005), (0.6927834749221802, 0.23719464242458344, 0.9200000166893005), (0.7274428606033325, 0.2420656681060791, 0.9200000166893005)]
        int[] faceVertexCounts = [3, 3, 3, 3, 3, 3, 3, 3, 3, 3, 3, 3, 3, 3, 3, 3, 3, 3, 3, 3, 3, 3, 3, 3, 3, 3, 3, 3, 3, 3, 3, 3, 3, 3, 3, 3, 3, 3, 3, 3, 3, 3, 3, 3, 3, 3, 3, 3, 3, 3, 3, 3, 3, 3, 3, 3, 3, 3, 3, 3, 3, 3, 3, 3, 3, 3, 3, 3, 3, 3, 3, 3, 3, 3, 3, 3, 3, 3, 3, 3, 3, 3, 3, 3, 3, 3, 3, 3, 3, 3, 3, 3, 3, 3, 3, 3, 3, 3, 3, 3, 3, 3, 3, 3, 3, 3, 3, 3, 3, 3, 3, 3, 3, 3, 3, 3, 3, 3, 3, 3, 3, 3, 3, 3, 3, 3, 3, 3, 3, 3, 3, 3, 3, 3, 3, 3, 3, 3, 3, 3]
        int[] faceVertexIndices = [0, 1, 2, 2, 1, 3, 4, 5, 0, 0, 5, 1, 5, 6, 1, 7, 3, 1, 7, 1, 6, 8, 7, 9, 8, 3, 7, 10, 11, 2, 10, 2, 3, 12, 10, 3, 8, 13, 12, 3, 8, 12, 2, 11, 0, 0, 11, 4, 4, 10, 14, 4, 11, 10, 15, 4, 14, 16, 4, 15, 17, 4, 16, 5, 4, 17, 12, 14, 10, 12, 15, 14, 12, 16, 15, 18, 16, 12, 19, 16, 18, 7, 17, 16, 7, 16, 19, 6, 5, 17, 6, 17, 7, 8, 20, 13, 21, 20, 8, 9, 21, 8, 12, 13, 18, 13, 20, 18, 18, 21, 19, 20, 21, 18, 19, 9, 7, 21, 9, 19, 22, 23, 24, 25, 26, 27, 27, 26, 23, 26, 28, 23, 28, 24, 23, 29, 30, 31, 32, 30, 29, 33, 30, 32, 33, 34, 30, 22, 24, 34, 34, 24, 30, 31, 35, 29, 36, 35, 31, 29, 37, 32, 35, 37, 29, 32, 38, 33, 37, 38, 32, 33, 39, 34, 38, 39, 33, 34, 23, 22, 39, 23, 34, 36, 27, 35, 40, 27, 36, 27, 37, 35, 27, 38, 37, 27, 39, 38, 27, 23, 39, 40, 41, 27, 27, 41, 25, 25, 42, 43, 25, 41, 42, 44, 25, 43, 45, 25, 44, 46, 25, 45, 26, 25, 46, 47, 43, 42, 47, 44, 43, 47, 45, 44, 48, 45, 47, 49, 45, 48, 50, 46, 45, 50, 45, 49, 28, 26, 46, 28, 46, 50, 50, 30, 24, 50, 24, 28, 51, 50, 52, 51, 30, 50, 30, 36, 31, 41, 40, 36, 42, 41, 36, 47, 36, 30, 47, 42, 36, 51, 53, 47, 30, 51, 47, 47, 53, 48, 53, 54, 48, 48, 55, 49, 54, 55, 48, 49, 52, 50, 55, 52, 49, 51, 54, 53, 55, 54, 51, 52, 55, 51, 56, 57, 58, 59, 60, 57, 60, 61, 57, 57, 61, 58, 62, 63, 64, 65, 63, 62, 66, 63, 65, 66, 67, 63, 56, 58, 67, 67, 58, 63, 64, 68, 62, 69, 68, 64, 62, 70, 65, 68, 70, 62, 65, 71, 66, 70, 71, 65, 66, 72, 67, 71, 72, 66, 67, 57, 56, 72, 57, 67, 69, 59, 68, 73, 59, 69, 59, 70, 68, 59, 71, 70, 59, 72, 71, 59, 57, 72, 73, 74, 59, 59, 74, 60, 61, 60, 74, 61, 74, 75, 61, 63, 58, 75, 63, 61, 63, 69, 64, 74, 73, 69, 75, 74, 69, 75, 69, 63]
        float3[] extent = [(0.6899999976158142, 0.23719464242458344, -0.9200000166893005), (0.7274428606033325, 0.2618710398674011, 0.9200000166893005)]
        uniform token subdivisionScheme = "none"
        bool physics:collisionEnabled = false
        color3f[] primvars:displayColor = [(0.8588235378265381, 0.8784313797950745, 0.8784313797950745)]
    }
    def Mesh "SolarFrameL"
    {
        point3f[] points = [(0.6899999976158142, 0.25699999928474426, -0.9200000166893005), (0.49794113636016846, 1.6235698461532593, -0.9200000166893005), (0.7246593832969666, 0.2618710398674011, -0.9200000166893005), (0.5326005220413208, 1.6284409761428833, -0.9200000166893005), (0.49794113636016846, 1.6235698461532593, -0.8999999761581421), (0.6899999976158142, 0.25699999928474426, -0.8999999761581421), (0.7246593832969666, 0.2618710398674011, -0.8999999761581421), (0.5326005220413208, 1.6284409761428833, -0.8999999761581421)]
        int[] faceVertexCounts = [3, 3, 3, 3, 3, 3, 3, 3, 3, 3, 3, 3]
        int[] faceVertexIndices = [0, 1, 2, 1, 3, 2, 4, 5, 6, 7, 4, 6, 4, 3, 1, 4, 7, 3, 6, 5, 0, 6, 0, 2, 0, 5, 1, 1, 5, 4, 6, 2, 3, 6, 3, 7]
        float3[] extent = [(0.49794113636016846, 0.25699999928474426, -0.9200000166893005), (0.7246593832969666, 1.6284409761428833, -0.8999999761581421)]
        uniform token subdivisionScheme = "none"
        bool physics:collisionEnabled = false
        color3f[] primvars:displayColor = [(0.8588235378265381, 0.8784313797950745, 0.8784313797950745)]
    }
    def Mesh "SolarFrameR"
    {
        point3f[] points = [(0.6899999976158142, 0.25699999928474426, 0.8999999761581421), (0.49794113636016846, 1.6235698461532593, 0.8999999761581421), (0.7246593832969666, 0.2618710398674011, 0.8999999761581421), (0.5326005220413208, 1.6284409761428833, 0.8999999761581421), (0.49794113636016846, 1.6235698461532593, 0.9200000166893005), (0.6899999976158142, 0.25699999928474426, 0.9200000166893005), (0.7246593832969666, 0.2618710398674011, 0.9200000166893005), (0.5326005220413208, 1.6284409761428833, 0.9200000166893005)]
        int[] faceVertexCounts = [3, 3, 3, 3, 3, 3, 3, 3, 3, 3, 3, 3]
        int[] faceVertexIndices = [0, 1, 2, 1, 3, 2, 4, 5, 6, 7, 4, 6, 4, 3, 1, 4, 7, 3, 6, 5, 0, 6, 0, 2, 0, 5, 1, 1, 5, 4, 6, 2, 3, 6, 3, 7]
        float3[] extent = [(0.49794113636016846, 0.25699999928474426, 0.8999999761581421), (0.7246593832969666, 1.6284409761428833, 0.9200000166893005)]
        uniform token subdivisionScheme = "none"
        bool physics:collisionEnabled = false
        color3f[] primvars:displayColor = [(0.8588235378265381, 0.8784313797950745, 0.8784313797950745)]
    }
    def Mesh "HingeSupportL"
    {
        point3f[] points = [(0.7300000190734863, 0.22699999809265137, -0.5699999928474426), (0.7300000190734863, 0.06300000101327896, -0.5699999928474426), (0.7300000190734863, 0.06300000101327896, -0.6499999761581421), (0.7300000190734863, 0.22699999809265137, -0.6499999761581421), (0.6499999761581421, 0.06300000101327896, -0.6499999761581421), (0.6499999761581421, 0.06300000101327896, -0.5699999928474426), (0.6499999761581421, 0.22699999809265137, -0.5699999928474426), (0.6499999761581421, 0.22699999809265137, -0.6499999761581421), (0.7061803340911865, 0.2687556743621826, -0.6499999761581421), (0.7298594117164612, 0.28718653321266174, -0.6499999761581421), (0.7347213625907898, 0.27936065196990967, -0.6499999761581421), (0.7236441373825073, 0.2939874231815338, -0.6499999761581421), (0.701755702495575, 0.27318036556243896, -0.6499999761581421), (0.7162865400314331, 0.29953253269195557, -0.6499999761581421), (0.7090210914611816, 0.26318034529685974, -0.6499999761581421), (0.7380648851394653, 0.2707756459712982, -0.6499999761581421), (0.7397764325141907, 0.2617228329181671, -0.6499999761581421), (0.6961803436279297, 0.2760211229324341, -0.6499999761581421), (0.7080364227294922, 0.30363354086875916, -0.6499999761581421), (0.6991739273071289, 0.3061511814594269, -0.6499999761581421), (0.7099999785423279, 0.25699999928474426, -0.6499999761581421), (0.7397979497909546, 0.2525097131729126, -0.6499999761581421), (0.6899999976158142, 0.2770000100135803, -0.6499999761581421), (0.6808260679244995, 0.3061511814594269, -0.6499999761581421), (0.6899999976158142, 0.3070000112056732, -0.6499999761581421), (0.7090210914611816, 0.2508196532726288, -0.6499999761581421), (0.7381287217140198, 0.24344903230667114, -0.6499999761581421), (0.7348253130912781, 0.23484845459461212, -0.6499999761581421), (0.6838196516036987, 0.2760211229324341, -0.6499999761581421), (0.6719635725021362, 0.30363354086875916, -0.6499999761581421), (0.6637134552001953, 0.29953253269195557, -0.6499999761581421), (0.7061803340911865, 0.2452443242073059, -0.6499999761581421), (0.6782443523406982, 0.27318036556243896, -0.6499999761581421), (0.6563558578491211, 0.2939874231815338, -0.6499999761581421), (0.6738196611404419, 0.2687556743621826, -0.6499999761581421), (0.701755702495575, 0.24081964790821075, -0.6499999761581421), (0.6501405835151672, 0.28718653321266174, -0.6499999761581421), (0.6961803436279297, 0.23797887563705444, -0.6499999761581421), (0.6899999976158142, 0.2370000034570694, -0.6499999761581421), (0.6452786326408386, 0.27936065196990967, -0.6499999761581421), (0.6709789037704468, 0.26318034529685974, -0.6499999761581421), (0.6419351100921631, 0.2707756459712982, -0.6499999761581421), (0.6402235627174377, 0.2617228329181671, -0.6499999761581421), (0.6700000166893005, 0.25699999928474426, -0.6499999761581421), (0.6402020454406738, 0.2525097131729126, -0.6499999761581421), (0.6709789037704468, 0.2508196532726288, -0.6499999761581421), (0.6418712735176086, 0.24344903230667114, -0.6499999761581421), (0.6451746821403503, 0.23484845459461212, -0.6499999761581421), (0.6738196611404419, 0.2452443242073059, -0.6499999761581421), (0.6782443523406982, 0.24081964790821075, -0.6499999761581421), (0.6838196516036987, 0.23797887563705444, -0.6499999761581421), (0.6899999976158142, 0.2770000100135803, -0.5699999928474426), (0.6838196516036987, 0.2760211229324341, -0.5699999928474426), (0.6782443523406982, 0.27318036556243896, -0.5699999928474426), (0.6738196611404419, 0.2687556743621826, -0.5699999928474426), (0.6709789037704468, 0.26318034529685974, -0.5699999928474426), (0.6700000166893005, 0.25699999928474426, -0.5699999928474426), (0.6709789037704468, 0.2508196532726288, -0.5699999928474426), (0.6738196611404419, 0.2452443242073059, -0.5699999928474426), (0.6782443523406982, 0.24081964790821075, -0.5699999928474426), (0.6838196516036987, 0.23797887563705444, -0.5699999928474426), (0.6899999976158142, 0.2370000034570694, -0.5699999928474426), (0.6961803436279297, 0.23797887563705444, -0.5699999928474426), (0.701755702495575, 0.24081964790821075, -0.5699999928474426), (0.7061803340911865, 0.2452443242073059, -0.5699999928474426), (0.7090210914611816, 0.2508196532726288, -0.5699999928474426), (0.7099999785423279, 0.25699999928474426, -0.5699999928474426), (0.7090210914611816, 0.26318034529685974, -0.5699999928474426), (0.7061803340911865, 0.2687556743621826, -0.5699999928474426), (0.701755702495575, 0.27318036556243896, -0.5699999928474426), (0.6961803436279297, 0.2760211229324341, -0.5699999928474426), (0.7348253130912781, 0.23484845459461212, -0.5699999928474426), (0.7381287217140198, 0.24344903230667114, -0.5699999928474426), (0.7397979497909546, 0.2525097131729126, -0.5699999928474426), (0.7397764325141907, 0.2617228329181671, -0.5699999928474426), (0.7380648851394653, 0.2707756459712982, -0.5699999928474426), (0.7347213625907898, 0.27936065196990967, -0.5699999928474426), (0.7298594117164612, 0.28718653321266174, -0.5699999928474426), (0.7236441373825073, 0.2939874231815338, -0.5699999928474426), (0.7162865400314331, 0.29953253269195557, -0.5699999928474426), (0.6451746821403503, 0.23484845459461212, -0.5699999928474426), (0.7080364227294922, 0.30363354086875916, -0.5699999928474426), (0.6418712735176086, 0.24344903230667114, -0.5699999928474426), (0.6991739273071289, 0.3061511814594269, -0.5699999928474426), (0.6402020454406738, 0.2525097131729126, -0.5699999928474426), (0.6899999976158142, 0.3070000112056732, -0.5699999928474426), (0.6402235627174377, 0.2617228329181671, -0.5699999928474426), (0.6808260679244995, 0.3061511814594269, -0.5699999928474426), (0.6419351100921631, 0.2707756459712982, -0.5699999928474426), (0.6719635725021362, 0.30363354086875916, -0.5699999928474426), (0.6452786326408386, 0.27936065196990967, -0.5699999928474426), (0.6637134552001953, 0.29953253269195557, -0.5699999928474426), (0.6501405835151672, 0.28718653321266174, -0.5699999928474426), (0.6563558578491211, 0.2939874231815338, -0.5699999928474426)]
        int[] faceVertexCounts = [3, 3, 3, 3, 3, 3, 3, 3, 3, 3, 3, 3, 3, 3, 3, 3, 3, 3, 3, 3, 3, 3, 3, 3, 3, 3, 3, 3, 3, 3, 3, 3, 3, 3, 3, 3, 3, 3, 3, 3, 3, 3, 3, 3, 3, 3, 3, 3, 3, 3, 3, 3, 3, 3, 3, 3, 3, 3, 3, 3, 3, 3, 3, 3, 3, 3, 3, 3, 3, 3, 3, 3, 3, 3, 3, 3, 3, 3, 3, 3, 3, 3, 3, 3, 3, 3, 3, 3, 3, 3, 3, 3, 3, 3, 3, 3, 3, 3, 3, 3, 3, 3, 3, 3, 3, 3, 3, 3, 3, 3, 3, 3, 3, 3, 3, 3, 3, 3, 3, 3, 3, 3, 3, 3, 3, 3, 3, 3, 3, 3, 3, 3, 3, 3, 3, 3, 3, 3, 3, 3, 3, 3, 3, 3, 3, 3, 3, 3, 3, 3, 3, 3, 3, 3, 3, 3, 3, 3, 3, 3, 3, 3, 3, 3, 3, 3, 3, 3, 3, 3, 3, 3, 3, 3, 3, 3, 3, 3, 3, 3, 3, 3, 3, 3, 3, 3, 3, 3]
        int[] faceVertexIndices = [0, 1, 2, 0, 2, 3, 2, 1, 4, 4, 1, 5, 5, 6, 4, 4, 6, 7, 8, 9, 10, 8, 11, 9, 12, 13, 11, 12, 11, 8, 14, 15, 16, 14, 10, 15, 14, 8, 10, 17, 18, 13, 17, 19, 18, 17, 13, 12, 20, 16, 21, 20, 14, 16, 22, 23, 24, 22, 24, 19, 22, 19, 17, 25, 26, 27, 25, 21, 26, 25, 20, 21, 28, 29, 23, 28, 30, 29, 28, 23, 22, 31, 27, 3, 31, 25, 27, 32, 30, 28, 33, 30, 32, 34, 33, 32, 35, 31, 3, 36, 33, 34, 37, 35, 3, 38, 37, 3, 39, 36, 34, 39, 34, 40, 41, 39, 40, 42, 41, 40, 42, 40, 43, 44, 42, 43, 44, 43, 45, 46, 44, 45, 47, 45, 48, 47, 46, 45, 7, 38, 3, 7, 47, 48, 7, 48, 49, 7, 49, 50, 7, 50, 38, 4, 3, 2, 4, 7, 3, 51, 52, 22, 22, 52, 28, 28, 53, 32, 52, 53, 28, 32, 54, 34, 34, 54, 40, 53, 54, 32, 54, 55, 40, 40, 56, 43, 43, 56, 45, 55, 56, 40, 56, 57, 45, 45, 58, 48, 57, 58, 45, 48, 59, 49, 58, 59, 48, 49, 60, 50, 59, 60, 49, 50, 61, 38, 60, 61, 50, 38, 62, 37, 37, 62, 35, 61, 62, 38, 62, 63, 35, 35, 64, 31, 63, 64, 35, 64, 65, 31, 31, 65, 25, 25, 65, 20, 65, 66, 20, 66, 67, 20, 20, 67, 14, 67, 68, 14, 14, 68, 8, 8, 68, 12, 68, 69, 12, 69, 70, 12, 12, 70, 17, 70, 51, 17, 17, 51, 22, 64, 0, 71, 64, 63, 0, 62, 0, 63, 65, 71, 72, 65, 72, 73, 65, 64, 71, 61, 0, 62, 66, 73, 74, 66, 65, 73, 67, 74, 75, 67, 75, 76, 67, 66, 74, 68, 76, 77, 68, 67, 76, 78, 68, 77, 69, 68, 78, 6, 5, 1, 6, 1, 0, 6, 59, 58, 6, 60, 59, 6, 61, 60, 6, 0, 61, 79, 70, 69, 79, 69, 78, 80, 58, 57, 80, 6, 58, 81, 70, 79, 82, 80, 57, 83, 70, 81, 83, 51, 70, 84, 82, 57, 84, 57, 56, 85, 51, 83, 86, 56, 55, 86, 84, 56, 87, 51, 85, 87, 52, 51, 88, 86, 55, 89, 52, 87, 90, 88, 55, 90, 55, 54, 91, 52, 89, 91, 53, 52, 92, 90, 54, 93, 54, 53, 93, 53, 91, 93, 92, 54, 71, 0, 3, 71, 3, 27, 72, 27, 26, 72, 71, 27, 73, 26, 21, 73, 21, 16, 73, 72, 26, 74, 73, 16, 75, 16, 15, 75, 15, 10, 75, 74, 16, 76, 75, 10, 77, 10, 9, 77, 76, 10, 78, 9, 11, 78, 77, 9, 79, 11, 13, 79, 78, 11, 81, 13, 18, 81, 79, 13, 83, 18, 19, 83, 19, 24, 83, 81, 18, 85, 83, 24, 87, 85, 24, 87, 24, 23, 89, 87, 23, 89, 23, 29, 89, 29, 30, 91, 89, 30, 93, 91, 30, 93, 30, 33, 92, 93, 33, 92, 33, 36, 90, 92, 36, 90, 36, 39, 88, 90, 39, 88, 39, 41, 86, 88, 41, 86, 41, 42, 86, 42, 44, 84, 86, 44, 82, 44, 46, 82, 84, 44, 80, 46, 47, 80, 82, 46, 6, 47, 7, 6, 80, 47]
        float3[] extent = [(0.6402020454406738, 0.06300000101327896, -0.6499999761581421), (0.7397979497909546, 0.3070000112056732, -0.5699999928474426)]
        uniform token subdivisionScheme = "none"
        bool physics:collisionEnabled = false
        color3f[] primvars:displayColor = [(0.5803921818733215, 0.6313725709915161, 0.6784313917160034)]
    }
    def Mesh "HingePinL"
    {
        point3f[] points = [(0.6838196516036987, 0.2760211229324341, -0.550000011920929), (0.6899999976158142, 0.2770000100135803, -0.550000011920929), (0.6899999976158142, 0.2770000100135803, -0.6700000166893005), (0.6838196516036987, 0.2760211229324341, -0.6700000166893005), (0.6782443523406982, 0.27318036556243896, -0.550000011920929), (0.6782443523406982, 0.27318036556243896, -0.6700000166893005), (0.6738196611404419, 0.2687556743621826, -0.6700000166893005), (0.6738196611404419, 0.2687556743621826, -0.550000011920929), (0.6709789037704468, 0.26318034529685974, -0.550000011920929), (0.6709789037704468, 0.26318034529685974, -0.6700000166893005), (0.6700000166893005, 0.25699999928474426, -0.6700000166893005), (0.6700000166893005, 0.25699999928474426, -0.550000011920929), (0.6709789037704468, 0.2508196532726288, -0.550000011920929), (0.6709789037704468, 0.2508196532726288, -0.6700000166893005), (0.6738196611404419, 0.2452443242073059, -0.6700000166893005), (0.6738196611404419, 0.2452443242073059, -0.550000011920929), (0.6782443523406982, 0.24081964790821075, -0.550000011920929), (0.6782443523406982, 0.24081964790821075, -0.6700000166893005), (0.6838196516036987, 0.23797887563705444, -0.6700000166893005), (0.6838196516036987, 0.23797887563705444, -0.550000011920929), (0.6899999976158142, 0.2370000034570694, -0.6700000166893005), (0.6899999976158142, 0.2370000034570694, -0.550000011920929), (0.6961803436279297, 0.23797887563705444, -0.550000011920929), (0.6961803436279297, 0.23797887563705444, -0.6700000166893005), (0.701755702495575, 0.24081964790821075, -0.6700000166893005), (0.701755702495575, 0.24081964790821075, -0.550000011920929), (0.7061803340911865, 0.2452443242073059, -0.550000011920929), (0.7061803340911865, 0.2452443242073059, -0.6700000166893005), (0.7090210914611816, 0.2508196532726288, -0.6700000166893005), (0.7090210914611816, 0.2508196532726288, -0.550000011920929), (0.7099999785423279, 0.25699999928474426, -0.550000011920929), (0.7099999785423279, 0.25699999928474426, -0.6700000166893005), (0.7090210914611816, 0.26318034529685974, -0.550000011920929), (0.7090210914611816, 0.26318034529685974, -0.6700000166893005), (0.7061803340911865, 0.2687556743621826, -0.6700000166893005), (0.7061803340911865, 0.2687556743621826, -0.550000011920929), (0.701755702495575, 0.27318036556243896, -0.550000011920929), (0.701755702495575, 0.27318036556243896, -0.6700000166893005), (0.6961803436279297, 0.2760211229324341, -0.550000011920929), (0.6961803436279297, 0.2760211229324341, -0.6700000166893005)]
        int[] faceVertexCounts = [3, 3, 3, 3, 3, 3, 3, 3, 3, 3, 3, 3, 3, 3, 3, 3, 3, 3, 3, 3, 3, 3, 3, 3, 3, 3, 3, 3, 3, 3, 3, 3, 3, 3, 3, 3, 3, 3, 3, 3, 3, 3, 3, 3, 3, 3, 3, 3, 3, 3, 3, 3, 3, 3, 3, 3, 3, 3, 3, 3, 3, 3, 3, 3, 3, 3, 3, 3, 3, 3, 3, 3, 3, 3, 3, 3]
        int[] faceVertexIndices = [0, 1, 2, 0, 2, 3, 4, 3, 5, 4, 5, 6, 4, 0, 3, 7, 4, 6, 8, 6, 9, 8, 9, 10, 8, 7, 6, 11, 8, 10, 12, 10, 13, 12, 13, 14, 12, 11, 10, 15, 12, 14, 16, 14, 17, 16, 17, 18, 16, 15, 14, 19, 18, 20, 19, 16, 18, 21, 19, 20, 22, 20, 23, 22, 23, 24, 22, 21, 20, 25, 22, 24, 26, 24, 27, 26, 27, 28, 26, 25, 24, 29, 26, 28, 30, 29, 28, 30, 28, 31, 32, 30, 31, 32, 31, 33, 32, 33, 34, 35, 32, 34, 36, 35, 34, 36, 34, 37, 38, 36, 37, 38, 37, 39, 1, 38, 39, 1, 39, 2, 32, 29, 30, 19, 21, 22, 19, 22, 25, 36, 32, 35, 36, 29, 32, 15, 16, 19, 15, 19, 25, 0, 36, 38, 0, 38, 1, 7, 8, 11, 7, 11, 12, 7, 12, 15, 4, 25, 26, 4, 26, 29, 4, 15, 25, 4, 29, 36, 4, 36, 0, 4, 7, 15, 28, 33, 31, 20, 18, 23, 23, 18, 24, 33, 37, 34, 28, 37, 33, 17, 14, 18, 18, 14, 24, 37, 3, 39, 39, 3, 2, 9, 6, 10, 10, 6, 13, 13, 6, 14, 24, 5, 27, 27, 5, 28, 14, 5, 24, 28, 5, 37, 37, 5, 3, 6, 5, 14]
        float3[] extent = [(0.6700000166893005, 0.2370000034570694, -0.6700000166893005), (0.7099999785423279, 0.2770000100135803, -0.550000011920929)]
        uniform token subdivisionScheme = "none"
        bool physics:collisionEnabled = false
        color3f[] primvars:displayColor = [(0.7803921699523926, 0.5686274766921997, 0.21960784494876862)]
    }
    def Mesh "MovingHingeL"
    {
        point3f[] points = [(0.7296107411384583, 0.2625668942928314, -0.6499999761581421), (0.7296107411384583, 0.2625668942928314, -0.6700000166893005), (0.7274879217147827, 0.27095189690589905, -0.6700000166893005), (0.7274879217147827, 0.27095189690589905, -0.6499999761581421), (0.7236122488975525, 0.27868449687957764, -0.6700000166893005), (0.7236122488975525, 0.27868449687957764, -0.6499999761581421), (0.71816486120224, 0.28540319204330444, -0.6499999761581421), (0.71816486120224, 0.28540319204330444, -0.6700000166893005), (0.7114005088806152, 0.290793776512146, -0.6499999761581421), (0.7114005088806152, 0.290793776512146, -0.6700000166893005), (0.703635573387146, 0.2946041226387024, -0.6499999761581421), (0.703635573387146, 0.2946041226387024, -0.6700000166893005), (0.6952329874038696, 0.2966562509536743, -0.6499999761581421), (0.6952329874038696, 0.2966562509536743, -0.6700000166893005), (0.6865856647491455, 0.2968539893627167, -0.6499999761581421), (0.6865856647491455, 0.2968539893627167, -0.6700000166893005), (0.6780980825424194, 0.295188307762146, -0.6499999761581421), (0.6780980825424194, 0.295188307762146, -0.6700000166893005), (0.6701669692993164, 0.2917369306087494, -0.6700000166893005), (0.6701669692993164, 0.2917369306087494, -0.6499999761581421), (0.6631632447242737, 0.2866612672805786, -0.6700000166893005), (0.6631632447242737, 0.2866612672805786, -0.6499999761581421), (0.657414436340332, 0.28019872307777405, -0.6499999761581421), (0.657414436340332, 0.28019872307777405, -0.6700000166893005), (0.6531891822814941, 0.27265143394470215, -0.6499999761581421), (0.6531891822814941, 0.27265143394470215, -0.6700000166893005), (0.6506852507591248, 0.2643722593784332, -0.6499999761581421), (0.6506852507591248, 0.2643722593784332, -0.6700000166893005), (0.6500195860862732, 0.25574836134910583, -0.6499999761581421), (0.6500195860862732, 0.25574836134910583, -0.6700000166893005), (0.651223361492157, 0.24718303978443146, -0.6499999761581421), (0.651223361492157, 0.24718303978443146, -0.6700000166893005), (0.6542403101921082, 0.23907671868801117, -0.6499999761581421), (0.6542403101921082, 0.23907671868801117, -0.6700000166893005), (0.6589293479919434, 0.23180846869945526, -0.6499999761581421), (0.6589293479919434, 0.23180846869945526, -0.6700000166893005), (0.6650711894035339, 0.22571814060211182, -0.6499999761581421), (0.6650711894035339, 0.22571814060211182, -0.6700000166893005), (0.672378659248352, 0.22109057009220123, -0.6700000166893005), (0.672378659248352, 0.22109057009220123, -0.6499999761581421), (0.6805101037025452, 0.21814203262329102, -0.6499999761581421), (0.6805101037025452, 0.21814203262329102, -0.6700000166893005), (0.6890852451324463, 0.21701043844223022, -0.6700000166893005), (0.6890852451324463, 0.21701043844223022, -0.6499999761581421), (0.6977032423019409, 0.21774877607822418, -0.6499999761581421), (0.6977032423019409, 0.21774877607822418, -0.6700000166893005), (0.7059609889984131, 0.220322385430336, -0.6499999761581421), (0.7059609889984131, 0.220322385430336, -0.6700000166893005), (0.7134724259376526, 0.22461102902889252, -0.6499999761581421), (0.7134724259376526, 0.22461102902889252, -0.6700000166893005), (0.7198863625526428, 0.23041418194770813, -0.6499999761581421), (0.7198863625526428, 0.23041418194770813, -0.6700000166893005), (0.7249027490615845, 0.23746038973331451, -0.6499999761581421), (0.7249027490615845, 0.23746038973331451, -0.6700000166893005), (0.7282872200012207, 0.24542029201984406, -0.6700000166893005), (0.7282872200012207, 0.24542029201984406, -0.6499999761581421), (0.7298813462257385, 0.25392162799835205, -0.6499999761581421), (0.7298813462257385, 0.25392162799835205, -0.6700000166893005), (0.6806105971336365, 0.23934106528759003, -0.6499999761581421), (0.6756132245063782, 0.24310681223869324, -0.6499999761581421), (0.6865270137786865, 0.23730383813381195, -0.6499999761581421), (0.672024130821228, 0.24823260307312012, -0.6499999761581421), (0.6927834749221802, 0.23719464242458344, -0.6499999761581421), (0.6701946258544922, 0.2542165517807007, -0.6499999761581421), (0.6987674236297607, 0.2390241026878357, -0.6499999761581421), (0.6703038215637207, 0.26047295331954956, -0.6499999761581421), (0.7038931846618652, 0.24261322617530823, -0.6499999761581421), (0.6723410487174988, 0.266389399766922, -0.6499999761581421), (0.7076589465141296, 0.24761059880256653, -0.6499999761581421), (0.6761068105697632, 0.2713867723941803, -0.6499999761581421), (0.7096961736679077, 0.25352704524993896, -0.6499999761581421), (0.6812326312065125, 0.27497589588165283, -0.6499999761581421), (0.7098053693771362, 0.25978344678878784, -0.6499999761581421), (0.687216579914093, 0.2768053710460663, -0.6499999761581421), (0.6934729814529419, 0.27669617533683777, -0.6499999761581421), (0.7079758644104004, 0.2657673954963684, -0.6499999761581421), (0.7043867707252502, 0.2708931863307953, -0.6499999761581421), (0.6993893980979919, 0.2746589481830597, -0.6499999761581421), (0.6806105971336365, 0.23934106528759003, -0.6700000166893005), (0.6756132245063782, 0.24310681223869324, -0.6700000166893005), (0.6865270137786865, 0.23730383813381195, -0.6700000166893005), (0.672024130821228, 0.24823260307312012, -0.6700000166893005), (0.6927834749221802, 0.23719464242458344, -0.6700000166893005), (0.6701946258544922, 0.2542165517807007, -0.6700000166893005), (0.6987674236297607, 0.2390241026878357, -0.6700000166893005), (0.6703038215637207, 0.26047295331954956, -0.6700000166893005), (0.7038931846618652, 0.24261322617530823, -0.6700000166893005), (0.6723410487174988, 0.266389399766922, -0.6700000166893005), (0.7076589465141296, 0.24761059880256653, -0.6700000166893005), (0.6761068105697632, 0.2713867723941803, -0.6700000166893005), (0.7096961736679077, 0.25352704524993896, -0.6700000166893005), (0.6812326312065125, 0.27497589588165283, -0.6700000166893005), (0.7098053693771362, 0.25978344678878784, -0.6700000166893005), (0.687216579914093, 0.2768053710460663, -0.6700000166893005), (0.6934729814529419, 0.27669617533683777, -0.6700000166893005), (0.7079758644104004, 0.2657673954963684, -0.6700000166893005), (0.7043867707252502, 0.2708931863307953, -0.6700000166893005), (0.6993893980979919, 0.2746589481830597, -0.6700000166893005)]
        int[] faceVertexCounts = [3, 3, 3, 3, 3, 3, 3, 3, 3, 3, 3, 3, 3, 3, 3, 3, 3, 3, 3, 3, 3, 3, 3, 3, 3, 3, 3, 3, 3, 3, 3, 3, 3, 3, 3, 3, 3, 3, 3, 3, 3, 3, 3, 3, 3, 3, 3, 3, 3, 3, 3, 3, 3, 3, 3, 3, 3, 3, 3, 3, 3, 3, 3, 3, 3, 3, 3, 3, 3, 3, 3, 3, 3, 3, 3, 3, 3, 3, 3, 3, 3, 3, 3, 3, 3, 3, 3, 3, 3, 3, 3, 3, 3, 3, 3, 3, 3, 3, 3, 3, 3, 3, 3, 3, 3, 3, 3, 3, 3, 3, 3, 3, 3, 3, 3, 3, 3, 3, 3, 3, 3, 3, 3, 3, 3, 3, 3, 3, 3, 3, 3, 3, 3, 3, 3, 3, 3, 3, 3, 3, 3, 3, 3, 3, 3, 3, 3, 3, 3, 3, 3, 3, 3, 3, 3, 3, 3, 3, 3, 3, 3, 3, 3, 3, 3, 3, 3, 3, 3, 3, 3, 3, 3, 3, 3, 3, 3, 3, 3, 3, 3, 3, 3, 3, 3, 3, 3, 3, 3, 3, 3, 3, 3, 3, 3, 3]
        int[] faceVertexIndices = [0, 1, 2, 3, 2, 4, 3, 0, 2, 5, 3, 4, 6, 4, 7, 6, 5, 4, 8, 7, 9, 8, 6, 7, 10, 9, 11, 10, 8, 9, 12, 11, 13, 12, 10, 11, 14, 13, 15, 14, 12, 13, 16, 15, 17, 16, 17, 18, 16, 14, 15, 19, 16, 18, 19, 18, 20, 21, 19, 20, 22, 21, 20, 22, 20, 23, 24, 22, 23, 24, 23, 25, 26, 24, 25, 26, 25, 27, 28, 26, 27, 28, 27, 29, 30, 28, 29, 30, 29, 31, 32, 30, 31, 32, 31, 33, 34, 32, 33, 34, 33, 35, 36, 34, 35, 36, 35, 37, 36, 37, 38, 39, 36, 38, 40, 39, 38, 40, 38, 41, 40, 41, 42, 43, 40, 42, 44, 43, 42, 44, 42, 45, 46, 44, 45, 46, 45, 47, 48, 47, 49, 48, 46, 47, 50, 49, 51, 50, 48, 49, 52, 51, 53, 52, 53, 54, 52, 50, 51, 55, 52, 54, 56, 54, 57, 56, 55, 54, 0, 57, 1, 0, 56, 57, 58, 36, 39, 58, 39, 40, 59, 34, 36, 59, 36, 58, 60, 40, 43, 60, 58, 40, 61, 30, 32, 61, 32, 34, 61, 34, 59, 62, 43, 44, 62, 60, 43, 63, 28, 30, 63, 30, 61, 64, 44, 46, 64, 46, 48, 64, 62, 44, 65, 24, 26, 65, 26, 28, 65, 28, 63, 66, 48, 50, 66, 64, 48, 67, 24, 65, 22, 24, 67, 68, 66, 50, 69, 22, 67, 52, 68, 50, 21, 22, 69, 55, 70, 68, 55, 68, 52, 19, 21, 69, 19, 69, 71, 56, 72, 70, 56, 70, 55, 16, 19, 71, 16, 71, 73, 0, 72, 56, 14, 73, 74, 14, 16, 73, 3, 75, 72, 3, 72, 0, 12, 14, 74, 5, 75, 3, 5, 76, 75, 10, 74, 77, 10, 12, 74, 6, 76, 5, 8, 10, 77, 8, 77, 76, 8, 76, 6, 37, 78, 38, 38, 78, 41, 35, 79, 37, 37, 79, 78, 41, 80, 42, 78, 80, 41, 31, 81, 33, 33, 81, 35, 35, 81, 79, 42, 82, 45, 80, 82, 42, 29, 83, 31, 31, 83, 81, 45, 84, 47, 47, 84, 49, 82, 84, 45, 25, 85, 27, 27, 85, 29, 29, 85, 83, 49, 86, 51, 84, 86, 49, 25, 87, 85, 25, 23, 87, 86, 88, 51, 23, 89, 87, 88, 53, 51, 23, 20, 89, 90, 54, 88, 88, 54, 53, 20, 18, 89, 89, 18, 91, 92, 57, 90, 90, 57, 54, 18, 17, 91, 91, 17, 93, 92, 1, 57, 93, 15, 94, 17, 15, 93, 95, 2, 92, 92, 2, 1, 15, 13, 94, 95, 4, 2, 96, 4, 95, 94, 11, 97, 13, 11, 94, 96, 7, 4, 11, 9, 97, 97, 9, 96, 96, 9, 7, 92, 72, 95, 95, 75, 96, 72, 75, 95, 75, 76, 96, 96, 77, 97, 76, 77, 96, 97, 74, 94, 77, 74, 97, 94, 73, 93, 74, 73, 94, 93, 71, 91, 73, 71, 93, 91, 69, 89, 71, 69, 91, 89, 67, 87, 69, 67, 89, 87, 65, 85, 67, 65, 87, 85, 63, 83, 65, 63, 85, 83, 61, 81, 63, 61, 83, 81, 59, 79, 61, 59, 81, 79, 58, 78, 59, 58, 79, 58, 60, 78, 78, 60, 80, 60, 62, 80, 80, 62, 82, 62, 64, 82, 82, 64, 84, 64, 66, 84, 84, 66, 86, 86, 66, 88, 66, 68, 88, 68, 70, 88, 88, 70, 90, 90, 70, 92, 70, 72, 92]
        float3[] extent = [(0.6500195860862732, 0.21701043844223022, -0.6700000166893005), (0.7298813462257385, 0.2968539893627167, -0.6499999761581421)]
        uniform token subdivisionScheme = "none"
        bool physics:collisionEnabled = false
        color3f[] primvars:displayColor = [(0.5803921818733215, 0.6313725709915161, 0.6784313917160034)]
    }
    def Mesh "HingeSupportR"
    {
        point3f[] points = [(0.7300000190734863, 0.22699999809265137, 0.6499999761581421), (0.7300000190734863, 0.06300000101327896, 0.6499999761581421), (0.7300000190734863, 0.06300000101327896, 0.5699999928474426), (0.7300000190734863, 0.22699999809265137, 0.5699999928474426), (0.6499999761581421, 0.06300000101327896, 0.5699999928474426), (0.6499999761581421, 0.06300000101327896, 0.6499999761581421), (0.6499999761581421, 0.22699999809265137, 0.6499999761581421), (0.6499999761581421, 0.22699999809265137, 0.5699999928474426), (0.7061803340911865, 0.2687556743621826, 0.5699999928474426), (0.7298594117164612, 0.28718653321266174, 0.5699999928474426), (0.7347213625907898, 0.27936065196990967, 0.5699999928474426), (0.7236441373825073, 0.2939874231815338, 0.5699999928474426), (0.701755702495575, 0.27318036556243896, 0.5699999928474426), (0.7162865400314331, 0.29953253269195557, 0.5699999928474426), (0.7090210914611816, 0.26318034529685974, 0.5699999928474426), (0.7380648851394653, 0.2707756459712982, 0.5699999928474426), (0.7397764325141907, 0.2617228329181671, 0.5699999928474426), (0.6961803436279297, 0.2760211229324341, 0.5699999928474426), (0.7080364227294922, 0.30363354086875916, 0.5699999928474426), (0.6991739273071289, 0.3061511814594269, 0.5699999928474426), (0.7099999785423279, 0.25699999928474426, 0.5699999928474426), (0.7397979497909546, 0.2525097131729126, 0.5699999928474426), (0.6899999976158142, 0.2770000100135803, 0.5699999928474426), (0.6808260679244995, 0.3061511814594269, 0.5699999928474426), (0.6899999976158142, 0.3070000112056732, 0.5699999928474426), (0.7090210914611816, 0.2508196532726288, 0.5699999928474426), (0.7381287217140198, 0.24344903230667114, 0.5699999928474426), (0.7348253130912781, 0.23484845459461212, 0.5699999928474426), (0.6838196516036987, 0.2760211229324341, 0.5699999928474426), (0.6719635725021362, 0.30363354086875916, 0.5699999928474426), (0.6637134552001953, 0.29953253269195557, 0.5699999928474426), (0.7061803340911865, 0.2452443242073059, 0.5699999928474426), (0.6782443523406982, 0.27318036556243896, 0.5699999928474426), (0.6563558578491211, 0.2939874231815338, 0.5699999928474426), (0.6738196611404419, 0.2687556743621826, 0.5699999928474426), (0.701755702495575, 0.24081964790821075, 0.5699999928474426), (0.6501405835151672, 0.28718653321266174, 0.5699999928474426), (0.6961803436279297, 0.23797887563705444, 0.5699999928474426), (0.6899999976158142, 0.2370000034570694, 0.5699999928474426), (0.6452786326408386, 0.27936065196990967, 0.5699999928474426), (0.6709789037704468, 0.26318034529685974, 0.5699999928474426), (0.6419351100921631, 0.2707756459712982, 0.5699999928474426), (0.6402235627174377, 0.2617228329181671, 0.5699999928474426), (0.6700000166893005, 0.25699999928474426, 0.5699999928474426), (0.6402020454406738, 0.2525097131729126, 0.5699999928474426), (0.6709789037704468, 0.2508196532726288, 0.5699999928474426), (0.6418712735176086, 0.24344903230667114, 0.5699999928474426), (0.6451746821403503, 0.23484845459461212, 0.5699999928474426), (0.6738196611404419, 0.2452443242073059, 0.5699999928474426), (0.6782443523406982, 0.24081964790821075, 0.5699999928474426), (0.6838196516036987, 0.23797887563705444, 0.5699999928474426), (0.6899999976158142, 0.2770000100135803, 0.6499999761581421), (0.6838196516036987, 0.2760211229324341, 0.6499999761581421), (0.6782443523406982, 0.27318036556243896, 0.6499999761581421), (0.6738196611404419, 0.2687556743621826, 0.6499999761581421), (0.6709789037704468, 0.26318034529685974, 0.6499999761581421), (0.6700000166893005, 0.25699999928474426, 0.6499999761581421), (0.6709789037704468, 0.2508196532726288, 0.6499999761581421), (0.6738196611404419, 0.2452443242073059, 0.6499999761581421), (0.6782443523406982, 0.24081964790821075, 0.6499999761581421), (0.6838196516036987, 0.23797887563705444, 0.6499999761581421), (0.6899999976158142, 0.2370000034570694, 0.6499999761581421), (0.6961803436279297, 0.23797887563705444, 0.6499999761581421), (0.701755702495575, 0.24081964790821075, 0.6499999761581421), (0.7061803340911865, 0.2452443242073059, 0.6499999761581421), (0.7090210914611816, 0.2508196532726288, 0.6499999761581421), (0.7099999785423279, 0.25699999928474426, 0.6499999761581421), (0.7090210914611816, 0.26318034529685974, 0.6499999761581421), (0.7061803340911865, 0.2687556743621826, 0.6499999761581421), (0.701755702495575, 0.27318036556243896, 0.6499999761581421), (0.6961803436279297, 0.2760211229324341, 0.6499999761581421), (0.7348253130912781, 0.23484845459461212, 0.6499999761581421), (0.7381287217140198, 0.24344903230667114, 0.6499999761581421), (0.7397979497909546, 0.2525097131729126, 0.6499999761581421), (0.7397764325141907, 0.2617228329181671, 0.6499999761581421), (0.7380648851394653, 0.2707756459712982, 0.6499999761581421), (0.7347213625907898, 0.27936065196990967, 0.6499999761581421), (0.7298594117164612, 0.28718653321266174, 0.6499999761581421), (0.7236441373825073, 0.2939874231815338, 0.6499999761581421), (0.7162865400314331, 0.29953253269195557, 0.6499999761581421), (0.6451746821403503, 0.23484845459461212, 0.6499999761581421), (0.7080364227294922, 0.30363354086875916, 0.6499999761581421), (0.6418712735176086, 0.24344903230667114, 0.6499999761581421), (0.6991739273071289, 0.3061511814594269, 0.6499999761581421), (0.6402020454406738, 0.2525097131729126, 0.6499999761581421), (0.6899999976158142, 0.3070000112056732, 0.6499999761581421), (0.6402235627174377, 0.2617228329181671, 0.6499999761581421), (0.6808260679244995, 0.3061511814594269, 0.6499999761581421), (0.6419351100921631, 0.2707756459712982, 0.6499999761581421), (0.6719635725021362, 0.30363354086875916, 0.6499999761581421), (0.6452786326408386, 0.27936065196990967, 0.6499999761581421), (0.6637134552001953, 0.29953253269195557, 0.6499999761581421), (0.6501405835151672, 0.28718653321266174, 0.6499999761581421), (0.6563558578491211, 0.2939874231815338, 0.6499999761581421)]
        int[] faceVertexCounts = [3, 3, 3, 3, 3, 3, 3, 3, 3, 3, 3, 3, 3, 3, 3, 3, 3, 3, 3, 3, 3, 3, 3, 3, 3, 3, 3, 3, 3, 3, 3, 3, 3, 3, 3, 3, 3, 3, 3, 3, 3, 3, 3, 3, 3, 3, 3, 3, 3, 3, 3, 3, 3, 3, 3, 3, 3, 3, 3, 3, 3, 3, 3, 3, 3, 3, 3, 3, 3, 3, 3, 3, 3, 3, 3, 3, 3, 3, 3, 3, 3, 3, 3, 3, 3, 3, 3, 3, 3, 3, 3, 3, 3, 3, 3, 3, 3, 3, 3, 3, 3, 3, 3, 3, 3, 3, 3, 3, 3, 3, 3, 3, 3, 3, 3, 3, 3, 3, 3, 3, 3, 3, 3, 3, 3, 3, 3, 3, 3, 3, 3, 3, 3, 3, 3, 3, 3, 3, 3, 3, 3, 3, 3, 3, 3, 3, 3, 3, 3, 3, 3, 3, 3, 3, 3, 3, 3, 3, 3, 3, 3, 3, 3, 3, 3, 3, 3, 3, 3, 3, 3, 3, 3, 3, 3, 3, 3, 3, 3, 3, 3, 3, 3, 3, 3, 3, 3, 3]
        int[] faceVertexIndices = [0, 1, 2, 0, 2, 3, 2, 1, 4, 4, 1, 5, 5, 6, 4, 4, 6, 7, 8, 9, 10, 8, 11, 9, 12, 13, 11, 12, 11, 8, 14, 15, 16, 14, 10, 15, 14, 8, 10, 17, 18, 13, 17, 19, 18, 17, 13, 12, 20, 16, 21, 20, 14, 16, 22, 23, 24, 22, 24, 19, 22, 19, 17, 25, 26, 27, 25, 21, 26, 25, 20, 21, 28, 29, 23, 28, 30, 29, 28, 23, 22, 31, 27, 3, 31, 25, 27, 32, 30, 28, 33, 30, 32, 34, 33, 32, 35, 31, 3, 36, 33, 34, 37, 35, 3, 38, 37, 3, 39, 36, 34, 39, 34, 40, 41, 39, 40, 42, 41, 40, 42, 40, 43, 44, 42, 43, 44, 43, 45, 46, 44, 45, 47, 45, 48, 47, 46, 45, 7, 38, 3, 7, 47, 48, 7, 48, 49, 7, 49, 50, 7, 50, 38, 4, 3, 2, 4, 7, 3, 51, 52, 22, 22, 52, 28, 28, 53, 32, 52, 53, 28, 32, 54, 34, 34, 54, 40, 53, 54, 32, 54, 55, 40, 40, 56, 43, 43, 56, 45, 55, 56, 40, 56, 57, 45, 45, 58, 48, 57, 58, 45, 48, 59, 49, 58, 59, 48, 49, 60, 50, 59, 60, 49, 50, 61, 38, 60, 61, 50, 38, 62, 37, 37, 62, 35, 61, 62, 38, 62, 63, 35, 35, 64, 31, 63, 64, 35, 64, 65, 31, 31, 65, 25, 25, 65, 20, 65, 66, 20, 66, 67, 20, 20, 67, 14, 67, 68, 14, 14, 68, 8, 8, 68, 12, 68, 69, 12, 69, 70, 12, 12, 70, 17, 70, 51, 17, 17, 51, 22, 64, 0, 71, 64, 63, 0, 62, 0, 63, 65, 71, 72, 65, 72, 73, 65, 64, 71, 61, 0, 62, 66, 73, 74, 66, 65, 73, 67, 74, 75, 67, 75, 76, 67, 66, 74, 68, 76, 77, 68, 67, 76, 78, 68, 77, 69, 68, 78, 6, 5, 1, 6, 1, 0, 6, 59, 58, 6, 60, 59, 6, 61, 60, 6, 0, 61, 79, 70, 69, 79, 69, 78, 80, 58, 57, 80, 6, 58, 81, 70, 79, 82, 80, 57, 83, 70, 81, 83, 51, 70, 84, 82, 57, 84, 57, 56, 85, 51, 83, 86, 56, 55, 86, 84, 56, 87, 51, 85, 87, 52, 51, 88, 86, 55, 89, 52, 87, 90, 88, 55, 90, 55, 54, 91, 52, 89, 91, 53, 52, 92, 90, 54, 93, 54, 53, 93, 53, 91, 93, 92, 54, 71, 0, 3, 71, 3, 27, 72, 27, 26, 72, 71, 27, 73, 26, 21, 73, 21, 16, 73, 72, 26, 74, 73, 16, 75, 16, 15, 75, 15, 10, 75, 74, 16, 76, 75, 10, 77, 10, 9, 77, 76, 10, 78, 9, 11, 78, 77, 9, 79, 11, 13, 79, 78, 11, 81, 13, 18, 81, 79, 13, 83, 18, 19, 83, 19, 24, 83, 81, 18, 85, 83, 24, 87, 85, 24, 87, 24, 23, 89, 87, 23, 89, 23, 29, 89, 29, 30, 91, 89, 30, 93, 91, 30, 93, 30, 33, 92, 93, 33, 92, 33, 36, 90, 92, 36, 90, 36, 39, 88, 90, 39, 88, 39, 41, 86, 88, 41, 86, 41, 42, 86, 42, 44, 84, 86, 44, 82, 44, 46, 82, 84, 44, 80, 46, 47, 80, 82, 46, 6, 47, 7, 6, 80, 47]
        float3[] extent = [(0.6402020454406738, 0.06300000101327896, 0.5699999928474426), (0.7397979497909546, 0.3070000112056732, 0.6499999761581421)]
        uniform token subdivisionScheme = "none"
        bool physics:collisionEnabled = false
        color3f[] primvars:displayColor = [(0.5803921818733215, 0.6313725709915161, 0.6784313917160034)]
    }
    def Mesh "HingePinR"
    {
        point3f[] points = [(0.6838196516036987, 0.2760211229324341, 0.6700000166893005), (0.6899999976158142, 0.2770000100135803, 0.6700000166893005), (0.6899999976158142, 0.2770000100135803, 0.550000011920929), (0.6838196516036987, 0.2760211229324341, 0.550000011920929), (0.6782443523406982, 0.27318036556243896, 0.6700000166893005), (0.6782443523406982, 0.27318036556243896, 0.550000011920929), (0.6738196611404419, 0.2687556743621826, 0.550000011920929), (0.6738196611404419, 0.2687556743621826, 0.6700000166893005), (0.6709789037704468, 0.26318034529685974, 0.6700000166893005), (0.6709789037704468, 0.26318034529685974, 0.550000011920929), (0.6700000166893005, 0.25699999928474426, 0.550000011920929), (0.6700000166893005, 0.25699999928474426, 0.6700000166893005), (0.6709789037704468, 0.2508196532726288, 0.6700000166893005), (0.6709789037704468, 0.2508196532726288, 0.550000011920929), (0.6738196611404419, 0.2452443242073059, 0.550000011920929), (0.6738196611404419, 0.2452443242073059, 0.6700000166893005), (0.6782443523406982, 0.24081964790821075, 0.6700000166893005), (0.6782443523406982, 0.24081964790821075, 0.550000011920929), (0.6838196516036987, 0.23797887563705444, 0.550000011920929), (0.6838196516036987, 0.23797887563705444, 0.6700000166893005), (0.6899999976158142, 0.2370000034570694, 0.550000011920929), (0.6899999976158142, 0.2370000034570694, 0.6700000166893005), (0.6961803436279297, 0.23797887563705444, 0.6700000166893005), (0.6961803436279297, 0.23797887563705444, 0.550000011920929), (0.701755702495575, 0.24081964790821075, 0.550000011920929), (0.701755702495575, 0.24081964790821075, 0.6700000166893005), (0.7061803340911865, 0.2452443242073059, 0.6700000166893005), (0.7061803340911865, 0.2452443242073059, 0.550000011920929), (0.7090210914611816, 0.2508196532726288, 0.550000011920929), (0.7090210914611816, 0.2508196532726288, 0.6700000166893005), (0.7099999785423279, 0.25699999928474426, 0.6700000166893005), (0.7099999785423279, 0.25699999928474426, 0.550000011920929), (0.7090210914611816, 0.26318034529685974, 0.6700000166893005), (0.7090210914611816, 0.26318034529685974, 0.550000011920929), (0.7061803340911865, 0.2687556743621826, 0.550000011920929), (0.7061803340911865, 0.2687556743621826, 0.6700000166893005), (0.701755702495575, 0.27318036556243896, 0.6700000166893005), (0.701755702495575, 0.27318036556243896, 0.550000011920929), (0.6961803436279297, 0.2760211229324341, 0.6700000166893005), (0.6961803436279297, 0.2760211229324341, 0.550000011920929)]
        int[] faceVertexCounts = [3, 3, 3, 3, 3, 3, 3, 3, 3, 3, 3, 3, 3, 3, 3, 3, 3, 3, 3, 3, 3, 3, 3, 3, 3, 3, 3, 3, 3, 3, 3, 3, 3, 3, 3, 3, 3, 3, 3, 3, 3, 3, 3, 3, 3, 3, 3, 3, 3, 3, 3, 3, 3, 3, 3, 3, 3, 3, 3, 3, 3, 3, 3, 3, 3, 3, 3, 3, 3, 3, 3, 3, 3, 3, 3, 3]
        int[] faceVertexIndices = [0, 1, 2, 0, 2, 3, 4, 3, 5, 4, 5, 6, 4, 0, 3, 7, 4, 6, 8, 6, 9, 8, 9, 10, 8, 7, 6, 11, 8, 10, 12, 10, 13, 12, 13, 14, 12, 11, 10, 15, 12, 14, 16, 14, 17, 16, 17, 18, 16, 15, 14, 19, 18, 20, 19, 16, 18, 21, 19, 20, 22, 20, 23, 22, 23, 24, 22, 21, 20, 25, 22, 24, 26, 24, 27, 26, 27, 28, 26, 25, 24, 29, 26, 28, 30, 29, 28, 30, 28, 31, 32, 30, 31, 32, 31, 33, 32, 33, 34, 35, 32, 34, 36, 35, 34, 36, 34, 37, 38, 36, 37, 38, 37, 39, 1, 38, 39, 1, 39, 2, 32, 29, 30, 19, 21, 22, 19, 22, 25, 36, 32, 35, 36, 29, 32, 15, 16, 19, 15, 19, 25, 0, 36, 38, 0, 38, 1, 7, 8, 11, 7, 11, 12, 7, 12, 15, 4, 25, 26, 4, 26, 29, 4, 15, 25, 4, 29, 36, 4, 36, 0, 4, 7, 15, 28, 33, 31, 20, 18, 23, 23, 18, 24, 33, 37, 34, 28, 37, 33, 17, 14, 18, 18, 14, 24, 37, 3, 39, 39, 3, 2, 9, 6, 10, 10, 6, 13, 13, 6, 14, 24, 5, 27, 27, 5, 28, 14, 5, 24, 28, 5, 37, 37, 5, 3, 6, 5, 14]
        float3[] extent = [(0.6700000166893005, 0.2370000034570694, 0.550000011920929), (0.7099999785423279, 0.2770000100135803, 0.6700000166893005)]
        uniform token subdivisionScheme = "none"
        bool physics:collisionEnabled = false
        color3f[] primvars:displayColor = [(0.7803921699523926, 0.5686274766921997, 0.21960784494876862)]
    }
    def Mesh "MovingHingeR"
    {
        point3f[] points = [(0.7296107411384583, 0.2625668942928314, 0.5699999928474426), (0.7296107411384583, 0.2625668942928314, 0.550000011920929), (0.7274879217147827, 0.27095189690589905, 0.550000011920929), (0.7274879217147827, 0.27095189690589905, 0.5699999928474426), (0.7236122488975525, 0.27868449687957764, 0.550000011920929), (0.7236122488975525, 0.27868449687957764, 0.5699999928474426), (0.71816486120224, 0.28540319204330444, 0.5699999928474426), (0.71816486120224, 0.28540319204330444, 0.550000011920929), (0.7114005088806152, 0.290793776512146, 0.5699999928474426), (0.7114005088806152, 0.290793776512146, 0.550000011920929), (0.703635573387146, 0.2946041226387024, 0.5699999928474426), (0.703635573387146, 0.2946041226387024, 0.550000011920929), (0.6952329874038696, 0.2966562509536743, 0.5699999928474426), (0.6952329874038696, 0.2966562509536743, 0.550000011920929), (0.6865856647491455, 0.2968539893627167, 0.5699999928474426), (0.6865856647491455, 0.2968539893627167, 0.550000011920929), (0.6780980825424194, 0.295188307762146, 0.5699999928474426), (0.6780980825424194, 0.295188307762146, 0.550000011920929), (0.6701669692993164, 0.2917369306087494, 0.550000011920929), (0.6701669692993164, 0.2917369306087494, 0.5699999928474426), (0.6631632447242737, 0.2866612672805786, 0.550000011920929), (0.6631632447242737, 0.2866612672805786, 0.5699999928474426), (0.657414436340332, 0.28019872307777405, 0.5699999928474426), (0.657414436340332, 0.28019872307777405, 0.550000011920929), (0.6531891822814941, 0.27265143394470215, 0.5699999928474426), (0.6531891822814941, 0.27265143394470215, 0.550000011920929), (0.6506852507591248, 0.2643722593784332, 0.5699999928474426), (0.6506852507591248, 0.2643722593784332, 0.550000011920929), (0.6500195860862732, 0.25574836134910583, 0.5699999928474426), (0.6500195860862732, 0.25574836134910583, 0.550000011920929), (0.651223361492157, 0.24718303978443146, 0.5699999928474426), (0.651223361492157, 0.24718303978443146, 0.550000011920929), (0.6542403101921082, 0.23907671868801117, 0.5699999928474426), (0.6542403101921082, 0.23907671868801117, 0.550000011920929), (0.6589293479919434, 0.23180846869945526, 0.5699999928474426), (0.6589293479919434, 0.23180846869945526, 0.550000011920929), (0.6650711894035339, 0.22571814060211182, 0.5699999928474426), (0.6650711894035339, 0.22571814060211182, 0.550000011920929), (0.672378659248352, 0.22109057009220123, 0.550000011920929), (0.672378659248352, 0.22109057009220123, 0.5699999928474426), (0.6805101037025452, 0.21814203262329102, 0.5699999928474426), (0.6805101037025452, 0.21814203262329102, 0.550000011920929), (0.6890852451324463, 0.21701043844223022, 0.550000011920929), (0.6890852451324463, 0.21701043844223022, 0.5699999928474426), (0.6977032423019409, 0.21774877607822418, 0.5699999928474426), (0.6977032423019409, 0.21774877607822418, 0.550000011920929), (0.7059609889984131, 0.220322385430336, 0.5699999928474426), (0.7059609889984131, 0.220322385430336, 0.550000011920929), (0.7134724259376526, 0.22461102902889252, 0.5699999928474426), (0.7134724259376526, 0.22461102902889252, 0.550000011920929), (0.7198863625526428, 0.23041418194770813, 0.5699999928474426), (0.7198863625526428, 0.23041418194770813, 0.550000011920929), (0.7249027490615845, 0.23746038973331451, 0.5699999928474426), (0.7249027490615845, 0.23746038973331451, 0.550000011920929), (0.7282872200012207, 0.24542029201984406, 0.550000011920929), (0.7282872200012207, 0.24542029201984406, 0.5699999928474426), (0.7298813462257385, 0.25392162799835205, 0.5699999928474426), (0.7298813462257385, 0.25392162799835205, 0.550000011920929), (0.6756132245063782, 0.24310681223869324, 0.5699999928474426), (0.6806105971336365, 0.23934106528759003, 0.5699999928474426), (0.6865270137786865, 0.23730383813381195, 0.5699999928474426), (0.672024130821228, 0.24823260307312012, 0.5699999928474426), (0.6927834749221802, 0.23719464242458344, 0.5699999928474426), (0.6701946258544922, 0.2542165517807007, 0.5699999928474426), (0.6987674236297607, 0.2390241026878357, 0.5699999928474426), (0.6703038215637207, 0.26047295331954956, 0.5699999928474426), (0.7038931846618652, 0.24261322617530823, 0.5699999928474426), (0.6723410487174988, 0.266389399766922, 0.5699999928474426), (0.7076589465141296, 0.24761059880256653, 0.5699999928474426), (0.6761068105697632, 0.2713867723941803, 0.5699999928474426), (0.7096961736679077, 0.25352704524993896, 0.5699999928474426), (0.6812326312065125, 0.27497589588165283, 0.5699999928474426), (0.7098053693771362, 0.25978344678878784, 0.5699999928474426), (0.687216579914093, 0.2768053710460663, 0.5699999928474426), (0.6934729814529419, 0.27669617533683777, 0.5699999928474426), (0.7079758644104004, 0.2657673954963684, 0.5699999928474426), (0.7043867707252502, 0.2708931863307953, 0.5699999928474426), (0.6993893980979919, 0.2746589481830597, 0.5699999928474426), (0.6806105971336365, 0.23934106528759003, 0.550000011920929), (0.6756132245063782, 0.24310681223869324, 0.550000011920929), (0.6865270137786865, 0.23730383813381195, 0.550000011920929), (0.672024130821228, 0.24823260307312012, 0.550000011920929), (0.6927834749221802, 0.23719464242458344, 0.550000011920929), (0.6701946258544922, 0.2542165517807007, 0.550000011920929), (0.6987674236297607, 0.2390241026878357, 0.550000011920929), (0.6703038215637207, 0.26047295331954956, 0.550000011920929), (0.7038931846618652, 0.24261322617530823, 0.550000011920929), (0.6723410487174988, 0.266389399766922, 0.550000011920929), (0.7076589465141296, 0.24761059880256653, 0.550000011920929), (0.6761068105697632, 0.2713867723941803, 0.550000011920929), (0.7096961736679077, 0.25352704524993896, 0.550000011920929), (0.6812326312065125, 0.27497589588165283, 0.550000011920929), (0.7098053693771362, 0.25978344678878784, 0.550000011920929), (0.687216579914093, 0.2768053710460663, 0.550000011920929), (0.6934729814529419, 0.27669617533683777, 0.550000011920929), (0.7079758644104004, 0.2657673954963684, 0.550000011920929), (0.7043867707252502, 0.2708931863307953, 0.550000011920929), (0.6993893980979919, 0.2746589481830597, 0.550000011920929)]
        int[] faceVertexCounts = [3, 3, 3, 3, 3, 3, 3, 3, 3, 3, 3, 3, 3, 3, 3, 3, 3, 3, 3, 3, 3, 3, 3, 3, 3, 3, 3, 3, 3, 3, 3, 3, 3, 3, 3, 3, 3, 3, 3, 3, 3, 3, 3, 3, 3, 3, 3, 3, 3, 3, 3, 3, 3, 3, 3, 3, 3, 3, 3, 3, 3, 3, 3, 3, 3, 3, 3, 3, 3, 3, 3, 3, 3, 3, 3, 3, 3, 3, 3, 3, 3, 3, 3, 3, 3, 3, 3, 3, 3, 3, 3, 3, 3, 3, 3, 3, 3, 3, 3, 3, 3, 3, 3, 3, 3, 3, 3, 3, 3, 3, 3, 3, 3, 3, 3, 3, 3, 3, 3, 3, 3, 3, 3, 3, 3, 3, 3, 3, 3, 3, 3, 3, 3, 3, 3, 3, 3, 3, 3, 3, 3, 3, 3, 3, 3, 3, 3, 3, 3, 3, 3, 3, 3, 3, 3, 3, 3, 3, 3, 3, 3, 3, 3, 3, 3, 3, 3, 3, 3, 3, 3, 3, 3, 3, 3, 3, 3, 3, 3, 3, 3, 3, 3, 3, 3, 3, 3, 3, 3, 3, 3, 3, 3, 3, 3, 3]
        int[] faceVertexIndices = [0, 1, 2, 3, 2, 4, 3, 0, 2, 5, 3, 4, 6, 4, 7, 6, 5, 4, 8, 7, 9, 8, 6, 7, 10, 9, 11, 10, 8, 9, 12, 11, 13, 12, 10, 11, 14, 13, 15, 14, 12, 13, 16, 15, 17, 16, 17, 18, 16, 14, 15, 19, 16, 18, 19, 18, 20, 21, 19, 20, 22, 21, 20, 22, 20, 23, 24, 22, 23, 24, 23, 25, 26, 24, 25, 26, 25, 27, 28, 26, 27, 28, 27, 29, 30, 28, 29, 30, 29, 31, 32, 30, 31, 32, 31, 33, 34, 32, 33, 34, 33, 35, 36, 34, 35, 36, 35, 37, 36, 37, 38, 39, 36, 38, 40, 39, 38, 40, 38, 41, 40, 41, 42, 43, 40, 42, 44, 43, 42, 44, 42, 45, 46, 44, 45, 46, 45, 47, 48, 47, 49, 48, 46, 47, 50, 49, 51, 50, 48, 49, 52, 51, 53, 52, 53, 54, 52, 50, 51, 55, 52, 54, 56, 54, 57, 56, 55, 54, 0, 57, 1, 0, 56, 57, 58, 34, 36, 59, 36, 39, 59, 39, 40, 59, 58, 36, 60, 40, 43, 60, 59, 40, 61, 30, 32, 61, 32, 34, 61, 34, 58, 62, 43, 44, 62, 60, 43, 63, 28, 30, 63, 30, 61, 64, 44, 46, 64, 46, 48, 64, 62, 44, 65, 24, 26, 65, 26, 28, 65, 28, 63, 66, 48, 50, 66, 64, 48, 67, 24, 65, 22, 24, 67, 68, 66, 50, 69, 22, 67, 52, 68, 50, 21, 22, 69, 55, 70, 68, 55, 68, 52, 19, 21, 69, 19, 69, 71, 56, 70, 55, 56, 72, 70, 16, 19, 71, 16, 71, 73, 0, 72, 56, 14, 73, 74, 14, 16, 73, 3, 75, 72, 3, 72, 0, 12, 14, 74, 5, 76, 75, 5, 75, 3, 10, 74, 77, 10, 12, 74, 6, 76, 5, 8, 76, 6, 8, 77, 76, 8, 10, 77, 37, 78, 38, 38, 78, 41, 35, 79, 37, 37, 79, 78, 41, 80, 42, 78, 80, 41, 31, 81, 33, 33, 81, 35, 35, 81, 79, 42, 82, 45, 80, 82, 42, 29, 83, 31, 31, 83, 81, 45, 84, 47, 47, 84, 49, 82, 84, 45, 25, 85, 27, 27, 85, 29, 29, 85, 83, 49, 86, 51, 84, 86, 49, 25, 87, 85, 25, 23, 87, 86, 88, 51, 23, 89, 87, 88, 53, 51, 23, 20, 89, 90, 54, 88, 88, 54, 53, 20, 18, 89, 89, 18, 91, 92, 57, 90, 90, 57, 54, 18, 17, 91, 91, 17, 93, 92, 1, 57, 93, 15, 94, 17, 15, 93, 95, 2, 92, 92, 2, 1, 15, 13, 94, 95, 4, 2, 96, 4, 95, 94, 11, 97, 13, 11, 94, 96, 7, 4, 96, 9, 7, 97, 9, 96, 11, 9, 97, 92, 72, 95, 95, 75, 96, 72, 75, 95, 75, 76, 96, 96, 77, 97, 76, 77, 96, 97, 74, 94, 77, 74, 97, 94, 73, 93, 74, 73, 94, 93, 71, 91, 73, 71, 93, 91, 69, 89, 71, 69, 91, 89, 67, 87, 69, 67, 89, 87, 65, 85, 67, 65, 87, 85, 63, 83, 65, 63, 85, 83, 61, 81, 63, 61, 83, 81, 58, 79, 61, 58, 81, 79, 59, 78, 58, 59, 79, 59, 60, 78, 78, 60, 80, 60, 62, 80, 80, 62, 82, 62, 64, 82, 82, 64, 84, 64, 66, 84, 84, 66, 86, 86, 66, 88, 66, 68, 88, 68, 70, 88, 88, 70, 90, 90, 70, 92, 70, 72, 92]
        float3[] extent = [(0.6500195860862732, 0.21701043844223022, 0.550000011920929), (0.7298813462257385, 0.2968539893627167, 0.5699999928474426)]
        uniform token subdivisionScheme = "none"
        bool physics:collisionEnabled = false
        color3f[] primvars:displayColor = [(0.5803921818733215, 0.6313725709915161, 0.6784313917160034)]
    }
    def Mesh "SensorBar"
    {
        point3f[] points = [(0.49028658866882324, 1.6780346632003784, -0.18000000715255737), (0.5348486304283142, 1.6842973232269287, -0.18000000715255737), (0.4951576590538025, 1.643375277519226, -0.18000000715255737), (0.5397197008132935, 1.6496381759643555, -0.18000000715255737), (0.5348486304283142, 1.6842973232269287, 0.18000000715255737), (0.49028658866882324, 1.6780346632003784, 0.18000000715255737), (0.4951576590538025, 1.643375277519226, 0.18000000715255737), (0.5397197008132935, 1.6496381759643555, 0.18000000715255737)]
        int[] faceVertexCounts = [3, 3, 3, 3, 3, 3, 3, 3, 3, 3, 3, 3]
        int[] faceVertexIndices = [0, 1, 2, 2, 1, 3, 4, 5, 6, 4, 6, 7, 5, 4, 0, 0, 4, 1, 7, 6, 2, 7, 2, 3, 2, 6, 0, 0, 6, 5, 7, 3, 1, 7, 1, 4]
        float3[] extent = [(0.49028658866882324, 1.643375277519226, -0.18000000715255737), (0.5397197008132935, 1.6842973232269287, 0.18000000715255737)]
        uniform token subdivisionScheme = "none"
        bool physics:collisionEnabled = false
        color3f[] primvars:displayColor = [(0.16078431904315948, 0.1882352977991104, 0.23137255012989044)]
    }
    def Mesh "SensorFootL"
    {
        point3f[] points = [(0.5348486304283142, 1.6842973232269287, -0.11999999731779099), (0.5645567178726196, 1.6884726285934448, -0.11999999731779099), (0.5397197008132935, 1.6496381759643555, -0.11999999731779099), (0.5694277286529541, 1.6538132429122925, -0.11999999731779099), (0.5645567178726196, 1.6884726285934448, -0.07000000029802322), (0.5348486304283142, 1.6842973232269287, -0.07000000029802322), (0.5397197008132935, 1.6496381759643555, -0.07000000029802322), (0.5694277286529541, 1.6538132429122925, -0.07000000029802322)]
        int[] faceVertexCounts = [3, 3, 3, 3, 3, 3, 3, 3, 3, 3, 3, 3]
        int[] faceVertexIndices = [0, 1, 2, 2, 1, 3, 4, 5, 6, 4, 6, 7, 5, 4, 0, 0, 4, 1, 7, 6, 2, 7, 2, 3, 2, 5, 0, 2, 6, 5, 7, 3, 1, 7, 1, 4]
        float3[] extent = [(0.5348486304283142, 1.6496381759643555, -0.11999999731779099), (0.5694277286529541, 1.6884726285934448, -0.07000000029802322)]
        uniform token subdivisionScheme = "none"
        bool physics:collisionEnabled = false
        color3f[] primvars:displayColor = [(0.5803921818733215, 0.6313725709915161, 0.6784313917160034)]
    }
    def Mesh "CameraL"
    {
        point3f[] points = [(0.5624691247940063, 1.70332670211792, -0.14000000059604645), (0.6218851804733276, 1.7116769552230835, -0.14000000059604645), (0.5722112655639648, 1.6340078115463257, -0.14000000059604645), (0.6316273212432861, 1.642358422279358, -0.14000000059604645), (0.6218851804733276, 1.7116769552230835, -0.05000000074505806), (0.5624691247940063, 1.70332670211792, -0.05000000074505806), (0.5722112655639648, 1.6340078115463257, -0.05000000074505806), (0.6316273212432861, 1.642358422279358, -0.05000000074505806)]
        int[] faceVertexCounts = [3, 3, 3, 3, 3, 3, 3, 3, 3, 3, 3, 3]
        int[] faceVertexIndices = [0, 1, 2, 2, 1, 3, 4, 5, 6, 4, 6, 7, 5, 4, 0, 0, 4, 1, 7, 6, 2, 7, 2, 3, 2, 6, 0, 0, 6, 5, 7, 3, 1, 7, 1, 4]
        float3[] extent = [(0.5624691247940063, 1.6340078115463257, -0.14000000059604645), (0.6316273212432861, 1.7116769552230835, -0.05000000074505806)]
        uniform token subdivisionScheme = "none"
        bool physics:collisionEnabled = false
        color3f[] primvars:displayColor = [(0.8588235378265381, 0.8784313797950745, 0.8784313797950745)]
    }
    def Mesh "LensL"
    {
        point3f[] points = [(0.6432079672813416, 1.6677370071411133, -0.07293166220188141), (0.6423061490058899, 1.6741540431976318, -0.07199999690055847), (0.6274520754814148, 1.6720664501190186, -0.07199999690055847), (0.6283539533615112, 1.665649652481079, -0.07293166220188141), (0.6440367698669434, 1.6618403196334839, -0.07565116882324219), (0.6291826963424683, 1.6597527265548706, -0.07565116882324219), (0.6298712491989136, 1.6548532247543335, -0.07993820309638977), (0.6447252631187439, 1.6569409370422363, -0.07993820309638977), (0.6452178359031677, 1.6534360647201538, -0.08544545620679855), (0.6303638219833374, 1.651348352432251, -0.08544545620679855), (0.6454745531082153, 1.6516096591949463, -0.09172675758600235), (0.630620539188385, 1.6495219469070435, -0.09172675758600235), (0.630620539188385, 1.6495219469070435, -0.09827324002981186), (0.6454745531082153, 1.6516096591949463, -0.09827324002981186), (0.6452178359031677, 1.6534360647201538, -0.10455454140901566), (0.6303638219833374, 1.651348352432251, -0.10455454140901566), (0.6298712491989136, 1.6548532247543335, -0.11006179451942444), (0.6447252631187439, 1.6569409370422363, -0.11006179451942444), (0.6440367698669434, 1.6618403196334839, -0.11434882879257202), (0.6291826963424683, 1.6597527265548706, -0.11434882879257202), (0.6283539533615112, 1.665649652481079, -0.1170683354139328), (0.6432079672813416, 1.6677370071411133, -0.1170683354139328), (0.6274520754814148, 1.6720664501190186, -0.11800000071525574), (0.6423061490058899, 1.6741540431976318, -0.11800000071525574), (0.6265503168106079, 1.6784831285476685, -0.1170683354139328), (0.6414042711257935, 1.6805708408355713, -0.1170683354139328), (0.6405755877494812, 1.6864677667617798, -0.11434882879257202), (0.6257215738296509, 1.6843801736831665, -0.11434882879257202), (0.6398870348930359, 1.6913669109344482, -0.11006179451942444), (0.6250329613685608, 1.689279556274414, -0.11006179451942444), (0.624540388584137, 1.6927841901779175, -0.10455454140901566), (0.6393944025039673, 1.6948717832565308, -0.10455454140901566), (0.6391377449035645, 1.6966981887817383, -0.09827324002981186), (0.6242836713790894, 1.694610595703125, -0.09827324002981186), (0.6242836713790894, 1.694610595703125, -0.09172675758600235), (0.6391377449035645, 1.6966981887817383, -0.09172675758600235), (0.6393944025039673, 1.6948717832565308, -0.08544545620679855), (0.624540388584137, 1.6927841901779175, -0.08544545620679855), (0.6250329613685608, 1.689279556274414, -0.07993820309638977), (0.6398870348930359, 1.6913669109344482, -0.07993820309638977), (0.6405755877494812, 1.6864677667617798, -0.07565116882324219), (0.6257215738296509, 1.6843801736831665, -0.07565116882324219), (0.6265503168106079, 1.6784831285476685, -0.07293166220188141), (0.6414042711257935, 1.6805708408355713, -0.07293166220188141)]
        int[] faceVertexCounts = [3, 3, 3, 3, 3, 3, 3, 3, 3, 3, 3, 3, 3, 3, 3, 3, 3, 3, 3, 3, 3, 3, 3, 3, 3, 3, 3, 3, 3, 3, 3, 3, 3, 3, 3, 3, 3, 3, 3, 3, 3, 3, 3, 3, 3, 3, 3, 3, 3, 3, 3, 3, 3, 3, 3, 3, 3, 3, 3, 3, 3, 3, 3, 3, 3, 3, 3, 3, 3, 3, 3, 3, 3, 3, 3, 3, 3, 3, 3, 3, 3, 3, 3, 3]
        int[] faceVertexIndices = [0, 1, 2, 0, 2, 3, 4, 3, 5, 4, 5, 6, 4, 0, 3, 7, 4, 6, 8, 6, 9, 8, 7, 6, 10, 9, 11, 10, 11, 12, 10, 8, 9, 13, 10, 12, 14, 12, 15, 14, 15, 16, 14, 13, 12, 17, 14, 16, 18, 16, 19, 18, 19, 20, 18, 17, 16, 21, 20, 22, 21, 18, 20, 23, 22, 24, 23, 21, 22, 25, 23, 24, 26, 25, 24, 26, 24, 27, 28, 26, 27, 28, 27, 29, 28, 29, 30, 31, 28, 30, 32, 31, 30, 32, 30, 33, 32, 33, 34, 35, 32, 34, 36, 35, 34, 36, 34, 37, 36, 37, 38, 39, 36, 38, 40, 39, 38, 40, 38, 41, 40, 41, 42, 43, 40, 42, 1, 43, 42, 1, 42, 2, 21, 23, 25, 18, 25, 26, 18, 21, 25, 17, 26, 28, 17, 18, 26, 14, 28, 31, 14, 17, 28, 13, 31, 32, 13, 14, 31, 1, 39, 40, 1, 40, 43, 10, 32, 35, 10, 13, 32, 8, 35, 36, 8, 10, 35, 4, 1, 0, 7, 36, 39, 7, 8, 36, 7, 39, 1, 7, 1, 4, 22, 20, 24, 24, 19, 27, 20, 19, 24, 27, 16, 29, 29, 16, 30, 19, 16, 27, 15, 12, 16, 30, 12, 33, 16, 12, 30, 41, 2, 42, 33, 11, 34, 12, 11, 33, 41, 3, 2, 3, 6, 5, 9, 6, 11, 34, 6, 37, 37, 6, 38, 38, 6, 41, 11, 6, 34, 41, 6, 3]
        float3[] extent = [(0.6242836713790894, 1.6495219469070435, -0.11800000071525574), (0.6454745531082153, 1.6966981887817383, -0.07199999690055847)]
        uniform token subdivisionScheme = "none"
        bool physics:collisionEnabled = false
        color3f[] primvars:displayColor = [(0.16078431904315948, 0.1882352977991104, 0.23137255012989044)]
    }
    def Mesh "SensorFootR"
    {
        point3f[] points = [(0.5348486304283142, 1.6842973232269287, 0.07000000029802322), (0.5645567178726196, 1.6884726285934448, 0.07000000029802322), (0.5397197008132935, 1.6496381759643555, 0.07000000029802322), (0.5694277286529541, 1.6538132429122925, 0.07000000029802322), (0.5645567178726196, 1.6884726285934448, 0.11999999731779099), (0.5348486304283142, 1.6842973232269287, 0.11999999731779099), (0.5397197008132935, 1.6496381759643555, 0.11999999731779099), (0.5694277286529541, 1.6538132429122925, 0.11999999731779099)]
        int[] faceVertexCounts = [3, 3, 3, 3, 3, 3, 3, 3, 3, 3, 3, 3]
        int[] faceVertexIndices = [0, 1, 2, 2, 1, 3, 4, 5, 6, 4, 6, 7, 5, 4, 0, 0, 4, 1, 7, 6, 2, 7, 2, 3, 2, 6, 0, 0, 6, 5, 7, 3, 1, 7, 1, 4]
        float3[] extent = [(0.5348486304283142, 1.6496381759643555, 0.07000000029802322), (0.5694277286529541, 1.6884726285934448, 0.11999999731779099)]
        uniform token subdivisionScheme = "none"
        bool physics:collisionEnabled = false
        color3f[] primvars:displayColor = [(0.5803921818733215, 0.6313725709915161, 0.6784313917160034)]
    }
    def Mesh "CameraR"
    {
        point3f[] points = [(0.5624691247940063, 1.70332670211792, 0.05000000074505806), (0.6218851804733276, 1.7116769552230835, 0.05000000074505806), (0.5722112655639648, 1.6340078115463257, 0.05000000074505806), (0.6316273212432861, 1.642358422279358, 0.05000000074505806), (0.6218851804733276, 1.7116769552230835, 0.14000000059604645), (0.5624691247940063, 1.70332670211792, 0.14000000059604645), (0.5722112655639648, 1.6340078115463257, 0.14000000059604645), (0.6316273212432861, 1.642358422279358, 0.14000000059604645)]
        int[] faceVertexCounts = [3, 3, 3, 3, 3, 3, 3, 3, 3, 3, 3, 3]
        int[] faceVertexIndices = [0, 1, 2, 2, 1, 3, 4, 5, 6, 4, 6, 7, 5, 4, 0, 0, 4, 1, 7, 6, 2, 7, 2, 3, 2, 6, 0, 0, 6, 5, 7, 3, 1, 7, 1, 4]
        float3[] extent = [(0.5624691247940063, 1.6340078115463257, 0.05000000074505806), (0.6316273212432861, 1.7116769552230835, 0.14000000059604645)]
        uniform token subdivisionScheme = "none"
        bool physics:collisionEnabled = false
        color3f[] primvars:displayColor = [(0.8588235378265381, 0.8784313797950745, 0.8784313797950745)]
    }
    def Mesh "LensR"
    {
        point3f[] points = [(0.6432079672813416, 1.6677370071411133, 0.1170683354139328), (0.6423061490058899, 1.6741540431976318, 0.11800000071525574), (0.6274520754814148, 1.6720664501190186, 0.11800000071525574), (0.6283539533615112, 1.665649652481079, 0.1170683354139328), (0.6440367698669434, 1.6618403196334839, 0.11434882879257202), (0.6291826963424683, 1.6597527265548706, 0.11434882879257202), (0.6298712491989136, 1.6548532247543335, 0.11006179451942444), (0.6447252631187439, 1.6569409370422363, 0.11006179451942444), (0.6452178359031677, 1.6534360647201538, 0.10455454140901566), (0.6303638219833374, 1.651348352432251, 0.10455454140901566), (0.6454745531082153, 1.6516096591949463, 0.09827324002981186), (0.630620539188385, 1.6495219469070435, 0.09827324002981186), (0.630620539188385, 1.6495219469070435, 0.09172675758600235), (0.6454745531082153, 1.6516096591949463, 0.09172675758600235), (0.6452178359031677, 1.6534360647201538, 0.08544545620679855), (0.6303638219833374, 1.651348352432251, 0.08544545620679855), (0.6298712491989136, 1.6548532247543335, 0.07993820309638977), (0.6447252631187439, 1.6569409370422363, 0.07993820309638977), (0.6440367698669434, 1.6618403196334839, 0.07565116882324219), (0.6291826963424683, 1.6597527265548706, 0.07565116882324219), (0.6283539533615112, 1.665649652481079, 0.07293166220188141), (0.6432079672813416, 1.6677370071411133, 0.07293166220188141), (0.6274520754814148, 1.6720664501190186, 0.07199999690055847), (0.6423061490058899, 1.6741540431976318, 0.07199999690055847), (0.6265503168106079, 1.6784831285476685, 0.07293166220188141), (0.6414042711257935, 1.6805708408355713, 0.07293166220188141), (0.6405755877494812, 1.6864677667617798, 0.07565116882324219), (0.6257215738296509, 1.6843801736831665, 0.07565116882324219), (0.6398870348930359, 1.6913669109344482, 0.07993820309638977), (0.6250329613685608, 1.689279556274414, 0.07993820309638977), (0.624540388584137, 1.6927841901779175, 0.08544545620679855), (0.6393944025039673, 1.6948717832565308, 0.08544545620679855), (0.6391377449035645, 1.6966981887817383, 0.09172675758600235), (0.6242836713790894, 1.694610595703125, 0.09172675758600235), (0.6242836713790894, 1.694610595703125, 0.09827324002981186), (0.6391377449035645, 1.6966981887817383, 0.09827324002981186), (0.6393944025039673, 1.6948717832565308, 0.10455454140901566), (0.624540388584137, 1.6927841901779175, 0.10455454140901566), (0.6250329613685608, 1.689279556274414, 0.11006179451942444), (0.6398870348930359, 1.6913669109344482, 0.11006179451942444), (0.6405755877494812, 1.6864677667617798, 0.11434882879257202), (0.6257215738296509, 1.6843801736831665, 0.11434882879257202), (0.6265503168106079, 1.6784831285476685, 0.1170683354139328), (0.6414042711257935, 1.6805708408355713, 0.1170683354139328)]
        int[] faceVertexCounts = [3, 3, 3, 3, 3, 3, 3, 3, 3, 3, 3, 3, 3, 3, 3, 3, 3, 3, 3, 3, 3, 3, 3, 3, 3, 3, 3, 3, 3, 3, 3, 3, 3, 3, 3, 3, 3, 3, 3, 3, 3, 3, 3, 3, 3, 3, 3, 3, 3, 3, 3, 3, 3, 3, 3, 3, 3, 3, 3, 3, 3, 3, 3, 3, 3, 3, 3, 3, 3, 3, 3, 3, 3, 3, 3, 3, 3, 3, 3, 3, 3, 3, 3, 3]
        int[] faceVertexIndices = [0, 1, 2, 0, 2, 3, 4, 3, 5, 4, 5, 6, 4, 0, 3, 7, 4, 6, 8, 6, 9, 8, 7, 6, 10, 9, 11, 10, 11, 12, 10, 8, 9, 13, 10, 12, 14, 12, 15, 14, 15, 16, 14, 13, 12, 17, 14, 16, 18, 16, 19, 18, 19, 20, 18, 17, 16, 21, 20, 22, 21, 18, 20, 23, 22, 24, 23, 21, 22, 25, 23, 24, 26, 25, 24, 26, 24, 27, 28, 26, 27, 28, 27, 29, 28, 29, 30, 31, 28, 30, 32, 31, 30, 32, 30, 33, 32, 33, 34, 35, 32, 34, 36, 35, 34, 36, 34, 37, 36, 37, 38, 39, 36, 38, 40, 39, 38, 40, 38, 41, 40, 41, 42, 43, 40, 42, 1, 43, 42, 1, 42, 2, 21, 23, 25, 18, 25, 26, 18, 21, 25, 17, 26, 28, 17, 28, 31, 17, 18, 26, 13, 14, 17, 13, 31, 32, 13, 17, 31, 1, 40, 43, 10, 32, 35, 10, 13, 32, 0, 40, 1, 7, 0, 4, 7, 8, 10, 7, 35, 36, 7, 36, 39, 7, 39, 40, 7, 10, 35, 7, 40, 0, 22, 20, 24, 24, 19, 27, 20, 19, 24, 27, 16, 29, 19, 16, 27, 29, 15, 30, 16, 15, 29, 30, 12, 33, 15, 12, 30, 38, 2, 41, 41, 2, 42, 33, 11, 34, 12, 11, 33, 34, 9, 37, 11, 9, 34, 2, 5, 3, 37, 6, 38, 9, 6, 37, 38, 6, 2, 2, 6, 5]
        float3[] extent = [(0.6242836713790894, 1.6495219469070435, 0.07199999690055847), (0.6454745531082153, 1.6966981887817383, 0.11800000071525574)]
        uniform token subdivisionScheme = "none"
        bool physics:collisionEnabled = false
        color3f[] primvars:displayColor = [(0.16078431904315948, 0.1882352977991104, 0.23137255012989044)]
    }
    def Mesh "StowRestL"
    {
        point3f[] points = [(-0.7099999785423279, 0.06300000101327896, -0.699999988079071), (-0.7099999785423279, 0.25699999928474426, -0.699999988079071), (-0.6299999952316284, 0.06300000101327896, -0.699999988079071), (-0.6299999952316284, 0.25699999928474426, -0.699999988079071), (-0.7099999785423279, 0.25699999928474426, -0.6499999761581421), (-0.7099999785423279, 0.06300000101327896, -0.6499999761581421), (-0.6299999952316284, 0.06300000101327896, -0.6499999761581421), (-0.6299999952316284, 0.25699999928474426, -0.6499999761581421)]
        int[] faceVertexCounts = [3, 3, 3, 3, 3, 3, 3, 3, 3, 3, 3, 3]
        int[] faceVertexIndices = [0, 1, 2, 2, 1, 3, 4, 5, 6, 4, 6, 7, 5, 1, 0, 5, 4, 1, 3, 6, 2, 7, 6, 3, 2, 6, 0, 0, 6, 5, 7, 3, 1, 7, 1, 4]
        float3[] extent = [(-0.7099999785423279, 0.06300000101327896, -0.699999988079071), (-0.6299999952316284, 0.25699999928474426, -0.6499999761581421)]
        uniform token subdivisionScheme = "none"
        bool physics:collisionEnabled = false
        color3f[] primvars:displayColor = [(0.16078431904315948, 0.1882352977991104, 0.23137255012989044)]
    }
    def Mesh "StowRestR"
    {
        point3f[] points = [(-0.7099999785423279, 0.06300000101327896, 0.6499999761581421), (-0.7099999785423279, 0.25699999928474426, 0.6499999761581421), (-0.6299999952316284, 0.06300000101327896, 0.6499999761581421), (-0.6299999952316284, 0.25699999928474426, 0.6499999761581421), (-0.7099999785423279, 0.25699999928474426, 0.699999988079071), (-0.7099999785423279, 0.06300000101327896, 0.699999988079071), (-0.6299999952316284, 0.06300000101327896, 0.699999988079071), (-0.6299999952316284, 0.25699999928474426, 0.699999988079071)]
        int[] faceVertexCounts = [3, 3, 3, 3, 3, 3, 3, 3, 3, 3, 3, 3]
        int[] faceVertexIndices = [0, 1, 2, 2, 1, 3, 4, 5, 6, 4, 6, 7, 5, 1, 0, 5, 4, 1, 3, 6, 2, 7, 6, 3, 2, 6, 0, 0, 6, 5, 7, 3, 1, 7, 1, 4]
        float3[] extent = [(-0.7099999785423279, 0.06300000101327896, 0.6499999761581421), (-0.6299999952316284, 0.25699999928474426, 0.699999988079071)]
        uniform token subdivisionScheme = "none"
        bool physics:collisionEnabled = false
        color3f[] primvars:displayColor = [(0.16078431904315948, 0.1882352977991104, 0.23137255012989044)]
    }
    def Mesh "Cell00_00"
    {
        point3f[] points = [(0.521921694278717, 1.5966452360153198, -0.8600000143051147), (0.521921694278717, 1.5966452360153198, -0.7260000109672546), (0.5231099724769592, 1.5968122482299805, -0.8600000143051147), (0.5231099724769592, 1.5968122482299805, -0.7260000109672546), (0.5241484642028809, 1.580801010131836, -0.7099999785423279), (0.5253368020057678, 1.5809680223464966, -0.7099999785423279), (0.5398749709129333, 1.4689009189605713, -0.7099999785423279), (0.5410633683204651, 1.4690678119659424, -0.7099999785423279), (0.5421017408370972, 1.4530564546585083, -0.7260000109672546), (0.5432900786399841, 1.4532233476638794, -0.7260000109672546), (0.5421017408370972, 1.4530564546585083, -0.8600000143051147), (0.5432900786399841, 1.4532233476638794, -0.8600000143051147), (0.5398749709129333, 1.4689009189605713, -0.8759999871253967), (0.5410633683204651, 1.4690678119659424, -0.8759999871253967), (0.5241484642028809, 1.580801010131836, -0.8759999871253967), (0.5253368020057678, 1.5809680223464966, -0.8759999871253967)]
        int[] faceVertexCounts = [3, 3, 3, 3, 3, 3, 3, 3, 3, 3, 3, 3, 3, 3, 3, 3, 3, 3, 3, 3, 3, 3, 3, 3, 3, 3, 3, 3]
        int[] faceVertexIndices = [0, 1, 2, 2, 1, 3, 1, 4, 3, 3, 4, 5, 4, 6, 5, 5, 6, 7, 6, 8, 7, 7, 8, 9, 8, 10, 9, 9, 10, 11, 10, 12, 11, 11, 12, 13, 12, 14, 13, 13, 14, 15, 14, 0, 15, 15, 0, 2, 14, 12, 0, 12, 10, 0, 0, 8, 1, 1, 8, 4, 4, 8, 6, 10, 8, 0, 11, 13, 15, 11, 15, 2, 9, 2, 3, 9, 3, 5, 9, 5, 7, 9, 11, 2]
        float3[] extent = [(0.521921694278717, 1.4530564546585083, -0.8759999871253967), (0.5432900786399841, 1.5968122482299805, -0.7099999785423279)]
        uniform token subdivisionScheme = "none"
        bool physics:collisionEnabled = false
        color3f[] primvars:displayColor = [(0.0235294122248888, 0.04313725605607033, 0.07450980693101883)]
    }
    def Mesh "Cell00_01"
    {
        point3f[] points = [(0.521921694278717, 1.5966452360153198, -0.6840000152587891), (0.521921694278717, 1.5966452360153198, -0.550000011920929), (0.5231099724769592, 1.5968122482299805, -0.6840000152587891), (0.5231099724769592, 1.5968122482299805, -0.550000011920929), (0.5241484642028809, 1.580801010131836, -0.5339999794960022), (0.5253368020057678, 1.5809680223464966, -0.5339999794960022), (0.5398749709129333, 1.4689009189605713, -0.5339999794960022), (0.5410633683204651, 1.4690678119659424, -0.5339999794960022), (0.5421017408370972, 1.4530564546585083, -0.550000011920929), (0.5432900786399841, 1.4532233476638794, -0.550000011920929), (0.5421017408370972, 1.4530564546585083, -0.6840000152587891), (0.5432900786399841, 1.4532233476638794, -0.6840000152587891), (0.5398749709129333, 1.4689009189605713, -0.699999988079071), (0.5410633683204651, 1.4690678119659424, -0.699999988079071), (0.5241484642028809, 1.580801010131836, -0.699999988079071), (0.5253368020057678, 1.5809680223464966, -0.699999988079071)]
        int[] faceVertexCounts = [3, 3, 3, 3, 3, 3, 3, 3, 3, 3, 3, 3, 3, 3, 3, 3, 3, 3, 3, 3, 3, 3, 3, 3, 3, 3, 3, 3]
        int[] faceVertexIndices = [0, 1, 2, 2, 1, 3, 1, 4, 3, 3, 4, 5, 4, 6, 5, 5, 6, 7, 6, 8, 7, 7, 8, 9, 8, 10, 9, 9, 10, 11, 10, 12, 11, 11, 12, 13, 12, 14, 13, 13, 14, 15, 14, 0, 15, 15, 0, 2, 12, 10, 14, 14, 10, 0, 0, 8, 1, 1, 8, 4, 4, 8, 6, 10, 8, 0, 11, 13, 15, 11, 15, 2, 7, 3, 5, 9, 2, 3, 9, 11, 2, 9, 3, 7]
        float3[] extent = [(0.521921694278717, 1.4530564546585083, -0.699999988079071), (0.5432900786399841, 1.5968122482299805, -0.5339999794960022)]
        uniform token subdivisionScheme = "none"
        bool physics:collisionEnabled = false
        color3f[] primvars:displayColor = [(0.0235294122248888, 0.04313725605607033, 0.07450980693101883)]
    }
    def Mesh "Cell00_02"
    {
        point3f[] points = [(0.521921694278717, 1.5966452360153198, -0.5080000162124634), (0.521921694278717, 1.5966452360153198, -0.37400001287460327), (0.5231099724769592, 1.5968122482299805, -0.5080000162124634), (0.5231099724769592, 1.5968122482299805, -0.37400001287460327), (0.5241484642028809, 1.580801010131836, -0.3580000102519989), (0.5253368020057678, 1.5809680223464966, -0.3580000102519989), (0.5398749709129333, 1.4689009189605713, -0.3580000102519989), (0.5410633683204651, 1.4690678119659424, -0.3580000102519989), (0.5421017408370972, 1.4530564546585083, -0.37400001287460327), (0.5432900786399841, 1.4532233476638794, -0.37400001287460327), (0.5421017408370972, 1.4530564546585083, -0.5080000162124634), (0.5432900786399841, 1.4532233476638794, -0.5080000162124634), (0.5398749709129333, 1.4689009189605713, -0.5239999890327454), (0.5410633683204651, 1.4690678119659424, -0.5239999890327454), (0.5241484642028809, 1.580801010131836, -0.5239999890327454), (0.5253368020057678, 1.5809680223464966, -0.5239999890327454)]
        int[] faceVertexCounts = [3, 3, 3, 3, 3, 3, 3, 3, 3, 3, 3, 3, 3, 3, 3, 3, 3, 3, 3, 3, 3, 3, 3, 3, 3, 3, 3, 3]
        int[] faceVertexIndices = [0, 1, 2, 2, 1, 3, 1, 4, 3, 3, 4, 5, 4, 6, 5, 5, 6, 7, 6, 8, 7, 7, 8, 9, 8, 10, 9, 9, 10, 11, 10, 12, 11, 11, 12, 13, 12, 14, 13, 13, 14, 15, 14, 0, 15, 15, 0, 2, 12, 10, 14, 14, 10, 0, 0, 8, 1, 1, 8, 4, 4, 8, 6, 10, 8, 0, 13, 15, 2, 11, 13, 2, 9, 2, 3, 9, 3, 5, 9, 5, 7, 9, 11, 2]
        float3[] extent = [(0.521921694278717, 1.4530564546585083, -0.5239999890327454), (0.5432900786399841, 1.5968122482299805, -0.3580000102519989)]
        uniform token subdivisionScheme = "none"
        bool physics:collisionEnabled = false
        color3f[] primvars:displayColor = [(0.0235294122248888, 0.04313725605607033, 0.07450980693101883)]
    }
    def Mesh "Cell00_03"
    {
        point3f[] points = [(0.521921694278717, 1.5966452360153198, -0.3319999873638153), (0.521921694278717, 1.5966452360153198, -0.1979999989271164), (0.5231099724769592, 1.5968122482299805, -0.3319999873638153), (0.5231099724769592, 1.5968122482299805, -0.1979999989271164), (0.5241484642028809, 1.580801010131836, -0.18199999630451202), (0.5253368020057678, 1.5809680223464966, -0.18199999630451202), (0.5398749709129333, 1.4689009189605713, -0.18199999630451202), (0.5410633683204651, 1.4690678119659424, -0.18199999630451202), (0.5421017408370972, 1.4530564546585083, -0.1979999989271164), (0.5432900786399841, 1.4532233476638794, -0.1979999989271164), (0.5421017408370972, 1.4530564546585083, -0.3319999873638153), (0.5432900786399841, 1.4532233476638794, -0.3319999873638153), (0.5398749709129333, 1.4689009189605713, -0.3479999899864197), (0.5410633683204651, 1.4690678119659424, -0.3479999899864197), (0.5241484642028809, 1.580801010131836, -0.3479999899864197), (0.5253368020057678, 1.5809680223464966, -0.3479999899864197)]
        int[] faceVertexCounts = [3, 3, 3, 3, 3, 3, 3, 3, 3, 3, 3, 3, 3, 3, 3, 3, 3, 3, 3, 3, 3, 3, 3, 3, 3, 3, 3, 3]
        int[] faceVertexIndices = [0, 1, 2, 2, 1, 3, 1, 4, 3, 3, 4, 5, 4, 6, 5, 5, 6, 7, 6, 8, 7, 7, 8, 9, 8, 10, 9, 9, 10, 11, 10, 12, 11, 11, 12, 13, 12, 14, 13, 13, 14, 15, 14, 0, 15, 15, 0, 2, 12, 10, 14, 14, 10, 0, 0, 8, 1, 1, 8, 4, 4, 8, 6, 10, 8, 0, 11, 13, 15, 11, 15, 2, 9, 2, 3, 9, 3, 5, 9, 5, 7, 9, 11, 2]
        float3[] extent = [(0.521921694278717, 1.4530564546585083, -0.3479999899864197), (0.5432900786399841, 1.5968122482299805, -0.18199999630451202)]
        uniform token subdivisionScheme = "none"
        bool physics:collisionEnabled = false
        color3f[] primvars:displayColor = [(0.0235294122248888, 0.04313725605607033, 0.07450980693101883)]
    }
    def Mesh "Cell00_04"
    {
        point3f[] points = [(0.521921694278717, 1.5966452360153198, -0.15600000321865082), (0.521921694278717, 1.5966452360153198, -0.02199999988079071), (0.5231099724769592, 1.5968122482299805, -0.15600000321865082), (0.5231099724769592, 1.5968122482299805, -0.02199999988079071), (0.5241484642028809, 1.580801010131836, -0.006000000052154064), (0.5253368020057678, 1.5809680223464966, -0.006000000052154064), (0.5398749709129333, 1.4689009189605713, -0.006000000052154064), (0.5410633683204651, 1.4690678119659424, -0.006000000052154064), (0.5421017408370972, 1.4530564546585083, -0.02199999988079071), (0.5432900786399841, 1.4532233476638794, -0.02199999988079071), (0.5421017408370972, 1.4530564546585083, -0.15600000321865082), (0.5432900786399841, 1.4532233476638794, -0.15600000321865082), (0.5398749709129333, 1.4689009189605713, -0.1720000058412552), (0.5410633683204651, 1.4690678119659424, -0.1720000058412552), (0.5241484642028809, 1.580801010131836, -0.1720000058412552), (0.5253368020057678, 1.5809680223464966, -0.1720000058412552)]
        int[] faceVertexCounts = [3, 3, 3, 3, 3, 3, 3, 3, 3, 3, 3, 3, 3, 3, 3, 3, 3, 3, 3, 3, 3, 3, 3, 3, 3, 3, 3, 3]
        int[] faceVertexIndices = [0, 1, 2, 2, 1, 3, 1, 4, 3, 3, 4, 5, 4, 6, 5, 5, 6, 7, 6, 8, 7, 7, 8, 9, 8, 10, 9, 9, 10, 11, 10, 12, 11, 11, 12, 13, 12, 14, 13, 13, 14, 15, 14, 0, 15, 15, 0, 2, 12, 10, 14, 14, 10, 0, 1, 6, 4, 0, 8, 1, 10, 8, 0, 1, 8, 6, 11, 13, 15, 11, 15, 2, 9, 2, 3, 9, 11, 2, 7, 3, 5, 7, 9, 3]
        float3[] extent = [(0.521921694278717, 1.4530564546585083, -0.1720000058412552), (0.5432900786399841, 1.5968122482299805, -0.006000000052154064)]
        uniform token subdivisionScheme = "none"
        bool physics:collisionEnabled = false
        color3f[] primvars:displayColor = [(0.0235294122248888, 0.04313725605607033, 0.07450980693101883)]
    }
    def Mesh "Cell00_05"
    {
        point3f[] points = [(0.521921694278717, 1.5966452360153198, 0.019999999552965164), (0.521921694278717, 1.5966452360153198, 0.15399999916553497), (0.5231099724769592, 1.5968122482299805, 0.019999999552965164), (0.5231099724769592, 1.5968122482299805, 0.15399999916553497), (0.5241484642028809, 1.580801010131836, 0.17000000178813934), (0.5253368020057678, 1.5809680223464966, 0.17000000178813934), (0.5398749709129333, 1.4689009189605713, 0.17000000178813934), (0.5410633683204651, 1.4690678119659424, 0.17000000178813934), (0.5421017408370972, 1.4530564546585083, 0.15399999916553497), (0.5432900786399841, 1.4532233476638794, 0.15399999916553497), (0.5421017408370972, 1.4530564546585083, 0.019999999552965164), (0.5432900786399841, 1.4532233476638794, 0.019999999552965164), (0.5398749709129333, 1.4689009189605713, 0.004000000189989805), (0.5410633683204651, 1.4690678119659424, 0.004000000189989805), (0.5241484642028809, 1.580801010131836, 0.004000000189989805), (0.5253368020057678, 1.5809680223464966, 0.004000000189989805)]
        int[] faceVertexCounts = [3, 3, 3, 3, 3, 3, 3, 3, 3, 3, 3, 3, 3, 3, 3, 3, 3, 3, 3, 3, 3, 3, 3, 3, 3, 3, 3, 3]
        int[] faceVertexIndices = [0, 1, 2, 2, 1, 3, 1, 4, 3, 3, 4, 5, 4, 6, 5, 5, 6, 7, 6, 8, 7, 7, 8, 9, 8, 10, 9, 9, 10, 11, 10, 12, 11, 11, 12, 13, 12, 14, 13, 13, 14, 15, 14, 0, 15, 15, 0, 2, 12, 10, 14, 14, 10, 0, 1, 6, 4, 0, 8, 1, 10, 8, 0, 1, 8, 6, 13, 15, 2, 11, 13, 2, 9, 2, 3, 9, 3, 5, 9, 5, 7, 9, 11, 2]
        float3[] extent = [(0.521921694278717, 1.4530564546585083, 0.004000000189989805), (0.5432900786399841, 1.5968122482299805, 0.17000000178813934)]
        uniform token subdivisionScheme = "none"
        bool physics:collisionEnabled = false
        color3f[] primvars:displayColor = [(0.0235294122248888, 0.04313725605607033, 0.07450980693101883)]
    }
    def Mesh "Cell00_06"
    {
        point3f[] points = [(0.521921694278717, 1.5966452360153198, 0.19599999487400055), (0.521921694278717, 1.5966452360153198, 0.33000001311302185), (0.5231099724769592, 1.5968122482299805, 0.19599999487400055), (0.5231099724769592, 1.5968122482299805, 0.33000001311302185), (0.5241484642028809, 1.580801010131836, 0.34599998593330383), (0.5253368020057678, 1.5809680223464966, 0.34599998593330383), (0.5398749709129333, 1.4689009189605713, 0.34599998593330383), (0.5410633683204651, 1.4690678119659424, 0.34599998593330383), (0.5421017408370972, 1.4530564546585083, 0.33000001311302185), (0.5432900786399841, 1.4532233476638794, 0.33000001311302185), (0.5421017408370972, 1.4530564546585083, 0.19599999487400055), (0.5432900786399841, 1.4532233476638794, 0.19599999487400055), (0.5398749709129333, 1.4689009189605713, 0.18000000715255737), (0.5410633683204651, 1.4690678119659424, 0.18000000715255737), (0.5241484642028809, 1.580801010131836, 0.18000000715255737), (0.5253368020057678, 1.5809680223464966, 0.18000000715255737)]
        int[] faceVertexCounts = [3, 3, 3, 3, 3, 3, 3, 3, 3, 3, 3, 3, 3, 3, 3, 3, 3, 3, 3, 3, 3, 3, 3, 3, 3, 3, 3, 3]
        int[] faceVertexIndices = [0, 1, 2, 2, 1, 3, 1, 4, 3, 3, 4, 5, 4, 6, 5, 5, 6, 7, 6, 8, 7, 7, 8, 9, 8, 10, 9, 9, 10, 11, 10, 12, 11, 11, 12, 13, 12, 14, 13, 13, 14, 15, 14, 0, 15, 15, 0, 2, 12, 10, 14, 14, 10, 0, 0, 8, 1, 1, 8, 4, 4, 8, 6, 10, 8, 0, 13, 15, 2, 11, 13, 2, 9, 2, 3, 9, 11, 2, 7, 3, 5, 7, 9, 3]
        float3[] extent = [(0.521921694278717, 1.4530564546585083, 0.18000000715255737), (0.5432900786399841, 1.5968122482299805, 0.34599998593330383)]
        uniform token subdivisionScheme = "none"
        bool physics:collisionEnabled = false
        color3f[] primvars:displayColor = [(0.0235294122248888, 0.04313725605607033, 0.07450980693101883)]
    }
    def Mesh "Cell00_07"
    {
        point3f[] points = [(0.521921694278717, 1.5966452360153198, 0.3720000088214874), (0.521921694278717, 1.5966452360153198, 0.5059999823570251), (0.5231099724769592, 1.5968122482299805, 0.3720000088214874), (0.5231099724769592, 1.5968122482299805, 0.5059999823570251), (0.5241484642028809, 1.580801010131836, 0.5220000147819519), (0.5253368020057678, 1.5809680223464966, 0.5220000147819519), (0.5398749709129333, 1.4689009189605713, 0.5220000147819519), (0.5410633683204651, 1.4690678119659424, 0.5220000147819519), (0.5421017408370972, 1.4530564546585083, 0.5059999823570251), (0.5432900786399841, 1.4532233476638794, 0.5059999823570251), (0.5421017408370972, 1.4530564546585083, 0.3720000088214874), (0.5432900786399841, 1.4532233476638794, 0.3720000088214874), (0.5398749709129333, 1.4689009189605713, 0.35600000619888306), (0.5410633683204651, 1.4690678119659424, 0.35600000619888306), (0.5241484642028809, 1.580801010131836, 0.35600000619888306), (0.5253368020057678, 1.5809680223464966, 0.35600000619888306)]
        int[] faceVertexCounts = [3, 3, 3, 3, 3, 3, 3, 3, 3, 3, 3, 3, 3, 3, 3, 3, 3, 3, 3, 3, 3, 3, 3, 3, 3, 3, 3, 3]
        int[] faceVertexIndices = [0, 1, 2, 2, 1, 3, 1, 4, 3, 3, 4, 5, 4, 6, 5, 5, 6, 7, 6, 8, 7, 7, 8, 9, 8, 10, 9, 9, 10, 11, 10, 12, 11, 11, 12, 13, 12, 14, 13, 13, 14, 15, 14, 0, 15, 15, 0, 2, 12, 10, 14, 14, 10, 0, 1, 6, 4, 0, 8, 1, 10, 8, 0, 1, 8, 6, 11, 13, 15, 11, 15, 2, 9, 2, 3, 9, 11, 2, 7, 3, 5, 7, 9, 3]
        float3[] extent = [(0.521921694278717, 1.4530564546585083, 0.35600000619888306), (0.5432900786399841, 1.5968122482299805, 0.5220000147819519)]
        uniform token subdivisionScheme = "none"
        bool physics:collisionEnabled = false
        color3f[] primvars:displayColor = [(0.0235294122248888, 0.04313725605607033, 0.07450980693101883)]
    }
    def Mesh "Cell00_08"
    {
        point3f[] points = [(0.521921694278717, 1.5966452360153198, 0.5479999780654907), (0.521921694278717, 1.5966452360153198, 0.6819999814033508), (0.5231099724769592, 1.5968122482299805, 0.5479999780654907), (0.5231099724769592, 1.5968122482299805, 0.6819999814033508), (0.5241484642028809, 1.580801010131836, 0.6980000138282776), (0.5253368020057678, 1.5809680223464966, 0.6980000138282776), (0.5410633683204651, 1.4690678119659424, 0.6980000138282776), (0.5398749709129333, 1.4689009189605713, 0.6980000138282776), (0.5421017408370972, 1.4530564546585083, 0.6819999814033508), (0.5432900786399841, 1.4532233476638794, 0.6819999814033508), (0.5421017408370972, 1.4530564546585083, 0.5479999780654907), (0.5432900786399841, 1.4532233476638794, 0.5479999780654907), (0.5398749709129333, 1.4689009189605713, 0.5320000052452087), (0.5410633683204651, 1.4690678119659424, 0.5320000052452087), (0.5241484642028809, 1.580801010131836, 0.5320000052452087), (0.5253368020057678, 1.5809680223464966, 0.5320000052452087)]
        int[] faceVertexCounts = [3, 3, 3, 3, 3, 3, 3, 3, 3, 3, 3, 3, 3, 3, 3, 3, 3, 3, 3, 3, 3, 3, 3, 3, 3, 3, 3, 3]
        int[] faceVertexIndices = [0, 1, 2, 2, 1, 3, 1, 4, 3, 3, 4, 5, 4, 6, 5, 4, 7, 6, 7, 8, 6, 6, 8, 9, 8, 10, 9, 9, 10, 11, 10, 12, 11, 11, 12, 13, 12, 14, 13, 13, 14, 15, 14, 0, 15, 15, 0, 2, 12, 10, 14, 14, 10, 0, 1, 7, 4, 0, 8, 1, 10, 8, 0, 1, 8, 7, 11, 13, 15, 11, 15, 2, 6, 3, 5, 9, 2, 3, 9, 11, 2, 9, 3, 6]
        float3[] extent = [(0.521921694278717, 1.4530564546585083, 0.5320000052452087), (0.5432900786399841, 1.5968122482299805, 0.6980000138282776)]
        uniform token subdivisionScheme = "none"
        bool physics:collisionEnabled = false
        color3f[] primvars:displayColor = [(0.0235294122248888, 0.04313725605607033, 0.07450980693101883)]
    }
    def Mesh "Cell00_09"
    {
        point3f[] points = [(0.521921694278717, 1.5966452360153198, 0.7239999771118164), (0.521921694278717, 1.5966452360153198, 0.8579999804496765), (0.5231099724769592, 1.5968122482299805, 0.7239999771118164), (0.5231099724769592, 1.5968122482299805, 0.8579999804496765), (0.5241484642028809, 1.580801010131836, 0.8740000128746033), (0.5253368020057678, 1.5809680223464966, 0.8740000128746033), (0.5398749709129333, 1.4689009189605713, 0.8740000128746033), (0.5410633683204651, 1.4690678119659424, 0.8740000128746033), (0.5421017408370972, 1.4530564546585083, 0.8579999804496765), (0.5432900786399841, 1.4532233476638794, 0.8579999804496765), (0.5421017408370972, 1.4530564546585083, 0.7239999771118164), (0.5432900786399841, 1.4532233476638794, 0.7239999771118164), (0.5398749709129333, 1.4689009189605713, 0.7080000042915344), (0.5410633683204651, 1.4690678119659424, 0.7080000042915344), (0.5241484642028809, 1.580801010131836, 0.7080000042915344), (0.5253368020057678, 1.5809680223464966, 0.7080000042915344)]
        int[] faceVertexCounts = [3, 3, 3, 3, 3, 3, 3, 3, 3, 3, 3, 3, 3, 3, 3, 3, 3, 3, 3, 3, 3, 3, 3, 3, 3, 3, 3, 3]
        int[] faceVertexIndices = [0, 1, 2, 2, 1, 3, 1, 4, 3, 3, 4, 5, 4, 6, 5, 5, 6, 7, 6, 8, 7, 7, 8, 9, 8, 10, 9, 9, 10, 11, 10, 12, 11, 11, 12, 13, 12, 14, 13, 13, 14, 15, 14, 0, 15, 15, 0, 2, 12, 10, 14, 14, 10, 0, 0, 8, 1, 1, 8, 4, 4, 8, 6, 10, 8, 0, 11, 13, 15, 11, 15, 2, 9, 2, 3, 9, 3, 5, 9, 5, 7, 9, 11, 2]
        float3[] extent = [(0.521921694278717, 1.4530564546585083, 0.7080000042915344), (0.5432900786399841, 1.5968122482299805, 0.8740000128746033)]
        uniform token subdivisionScheme = "none"
        bool physics:collisionEnabled = false
        color3f[] primvars:displayColor = [(0.0235294122248888, 0.04313725605607033, 0.07450980693101883)]
    }
    def Mesh "Cell01_00"
    {
        point3f[] points = [(0.5441893935203552, 1.4382023811340332, -0.8600000143051147), (0.5441893935203552, 1.4382023811340332, -0.7260000109672546), (0.5453776717185974, 1.4383693933486938, -0.8600000143051147), (0.5453776717185974, 1.4383693933486938, -0.7260000109672546), (0.546416163444519, 1.4223581552505493, -0.7099999785423279), (0.547604501247406, 1.42252516746521, -0.7099999785423279), (0.5621427297592163, 1.3104579448699951, -0.7099999785423279), (0.5633310079574585, 1.3106248378753662, -0.7099999785423279), (0.5655577778816223, 1.2947806119918823, -0.7260000109672546), (0.5643694400787354, 1.2946135997772217, -0.7260000109672546), (0.5643694400787354, 1.2946135997772217, -0.8600000143051147), (0.5655577778816223, 1.2947806119918823, -0.8600000143051147), (0.5621427297592163, 1.3104579448699951, -0.8759999871253967), (0.5633310079574585, 1.3106248378753662, -0.8759999871253967), (0.547604501247406, 1.42252516746521, -0.8759999871253967), (0.546416163444519, 1.4223581552505493, -0.8759999871253967)]
        int[] faceVertexCounts = [3, 3, 3, 3, 3, 3, 3, 3, 3, 3, 3, 3, 3, 3, 3, 3, 3, 3, 3, 3, 3, 3, 3, 3, 3, 3, 3, 3]
        int[] faceVertexIndices = [0, 1, 2, 2, 1, 3, 1, 4, 3, 3, 4, 5, 4, 6, 5, 5, 6, 7, 6, 8, 7, 6, 9, 8, 9, 10, 8, 8, 10, 11, 10, 12, 11, 11, 12, 13, 12, 14, 13, 12, 15, 14, 15, 0, 14, 14, 0, 2, 12, 10, 15, 15, 10, 0, 0, 9, 1, 1, 9, 4, 4, 9, 6, 10, 9, 0, 11, 13, 14, 11, 14, 2, 7, 3, 5, 8, 2, 3, 8, 11, 2, 8, 3, 7]
        float3[] extent = [(0.5441893935203552, 1.2946135997772217, -0.8759999871253967), (0.5655577778816223, 1.4383693933486938, -0.7099999785423279)]
        uniform token subdivisionScheme = "none"
        bool physics:collisionEnabled = false
        color3f[] primvars:displayColor = [(0.0235294122248888, 0.04313725605607033, 0.07450980693101883)]
    }
    def Mesh "Cell01_01"
    {
        point3f[] points = [(0.5441893935203552, 1.4382023811340332, -0.6840000152587891), (0.5441893935203552, 1.4382023811340332, -0.550000011920929), (0.5453776717185974, 1.4383693933486938, -0.6840000152587891), (0.5453776717185974, 1.4383693933486938, -0.550000011920929), (0.546416163444519, 1.4223581552505493, -0.5339999794960022), (0.547604501247406, 1.42252516746521, -0.5339999794960022), (0.5633310079574585, 1.3106248378753662, -0.5339999794960022), (0.5621427297592163, 1.3104579448699951, -0.5339999794960022), (0.5643694400787354, 1.2946135997772217, -0.550000011920929), (0.5655577778816223, 1.2947806119918823, -0.550000011920929), (0.5643694400787354, 1.2946135997772217, -0.6840000152587891), (0.5655577778816223, 1.2947806119918823, -0.6840000152587891), (0.5621427297592163, 1.3104579448699951, -0.699999988079071), (0.5633310079574585, 1.3106248378753662, -0.699999988079071), (0.546416163444519, 1.4223581552505493, -0.699999988079071), (0.547604501247406, 1.42252516746521, -0.699999988079071)]
        int[] faceVertexCounts = [3, 3, 3, 3, 3, 3, 3, 3, 3, 3, 3, 3, 3, 3, 3, 3, 3, 3, 3, 3, 3, 3, 3, 3, 3, 3, 3, 3]
        int[] faceVertexIndices = [0, 1, 2, 2, 1, 3, 1, 4, 3, 3, 4, 5, 4, 6, 5, 4, 7, 6, 7, 8, 6, 6, 8, 9, 8, 10, 9, 9, 10, 11, 10, 12, 11, 11, 12, 13, 12, 14, 13, 13, 14, 15, 14, 0, 15, 15, 0, 2, 12, 10, 14, 14, 10, 0, 0, 8, 1, 1, 8, 4, 4, 8, 7, 10, 8, 0, 11, 13, 15, 11, 15, 2, 9, 2, 3, 9, 3, 5, 9, 5, 6, 9, 11, 2]
        float3[] extent = [(0.5441893935203552, 1.2946135997772217, -0.699999988079071), (0.5655577778816223, 1.4383693933486938, -0.5339999794960022)]
        uniform token subdivisionScheme = "none"
        bool physics:collisionEnabled = false
        color3f[] primvars:displayColor = [(0.0235294122248888, 0.04313725605607033, 0.07450980693101883)]
    }
    def Mesh "Cell01_02"
    {
        point3f[] points = [(0.5441893935203552, 1.4382023811340332, -0.5080000162124634), (0.5441893935203552, 1.4382023811340332, -0.37400001287460327), (0.5453776717185974, 1.4383693933486938, -0.5080000162124634), (0.5453776717185974, 1.4383693933486938, -0.37400001287460327), (0.546416163444519, 1.4223581552505493, -0.3580000102519989), (0.547604501247406, 1.42252516746521, -0.3580000102519989), (0.5621427297592163, 1.3104579448699951, -0.3580000102519989), (0.5633310079574585, 1.3106248378753662, -0.3580000102519989), (0.5643694400787354, 1.2946135997772217, -0.37400001287460327), (0.5655577778816223, 1.2947806119918823, -0.37400001287460327), (0.5643694400787354, 1.2946135997772217, -0.5080000162124634), (0.5655577778816223, 1.2947806119918823, -0.5080000162124634), (0.5621427297592163, 1.3104579448699951, -0.5239999890327454), (0.5633310079574585, 1.3106248378753662, -0.5239999890327454), (0.546416163444519, 1.4223581552505493, -0.5239999890327454), (0.547604501247406, 1.42252516746521, -0.5239999890327454)]
        int[] faceVertexCounts = [3, 3, 3, 3, 3, 3, 3, 3, 3, 3, 3, 3, 3, 3, 3, 3, 3, 3, 3, 3, 3, 3, 3, 3, 3, 3, 3, 3]
        int[] faceVertexIndices = [0, 1, 2, 2, 1, 3, 1, 4, 3, 3, 4, 5, 4, 6, 5, 5, 6, 7, 6, 8, 7, 7, 8, 9, 8, 10, 9, 9, 10, 11, 10, 12, 11, 11, 12, 13, 12, 14, 13, 13, 14, 15, 14, 0, 15, 15, 0, 2, 12, 10, 14, 14, 10, 0, 0, 8, 1, 1, 8, 4, 4, 8, 6, 10, 8, 0, 11, 13, 15, 11, 15, 2, 9, 2, 3, 9, 3, 5, 9, 5, 7, 9, 11, 2]
        float3[] extent = [(0.5441893935203552, 1.2946135997772217, -0.5239999890327454), (0.5655577778816223, 1.4383693933486938, -0.3580000102519989)]
        uniform token subdivisionScheme = "none"
        bool physics:collisionEnabled = false
        color3f[] primvars:displayColor = [(0.0235294122248888, 0.04313725605607033, 0.07450980693101883)]
    }
    def Mesh "Cell01_03"
    {
        point3f[] points = [(0.5441893935203552, 1.4382023811340332, -0.3319999873638153), (0.5441893935203552, 1.4382023811340332, -0.1979999989271164), (0.5453776717185974, 1.4383693933486938, -0.3319999873638153), (0.5453776717185974, 1.4383693933486938, -0.1979999989271164), (0.546416163444519, 1.4223581552505493, -0.18199999630451202), (0.547604501247406, 1.42252516746521, -0.18199999630451202), (0.5621427297592163, 1.3104579448699951, -0.18199999630451202), (0.5633310079574585, 1.3106248378753662, -0.18199999630451202), (0.5643694400787354, 1.2946135997772217, -0.1979999989271164), (0.5655577778816223, 1.2947806119918823, -0.1979999989271164), (0.5643694400787354, 1.2946135997772217, -0.3319999873638153), (0.5655577778816223, 1.2947806119918823, -0.3319999873638153), (0.5621427297592163, 1.3104579448699951, -0.3479999899864197), (0.5633310079574585, 1.3106248378753662, -0.3479999899864197), (0.546416163444519, 1.4223581552505493, -0.3479999899864197), (0.547604501247406, 1.42252516746521, -0.3479999899864197)]
        int[] faceVertexCounts = [3, 3, 3, 3, 3, 3, 3, 3, 3, 3, 3, 3, 3, 3, 3, 3, 3, 3, 3, 3, 3, 3, 3, 3, 3, 3, 3, 3]
        int[] faceVertexIndices = [0, 1, 2, 2, 1, 3, 1, 4, 3, 3, 4, 5, 4, 6, 5, 5, 6, 7, 6, 8, 7, 7, 8, 9, 8, 10, 9, 9, 10, 11, 10, 12, 11, 11, 12, 13, 12, 14, 13, 13, 14, 15, 14, 0, 15, 15, 0, 2, 12, 10, 14, 14, 10, 0, 0, 8, 1, 1, 8, 4, 4, 8, 6, 10, 8, 0, 11, 13, 15, 11, 15, 2, 7, 3, 5, 9, 2, 3, 9, 11, 2, 9, 3, 7]
        float3[] extent = [(0.5441893935203552, 1.2946135997772217, -0.3479999899864197), (0.5655577778816223, 1.4383693933486938, -0.18199999630451202)]
        uniform token subdivisionScheme = "none"
        bool physics:collisionEnabled = false
        color3f[] primvars:displayColor = [(0.0235294122248888, 0.04313725605607033, 0.07450980693101883)]
    }
    def Mesh "Cell01_04"
    {
        point3f[] points = [(0.5441893935203552, 1.4382023811340332, -0.15600000321865082), (0.5441893935203552, 1.4382023811340332, -0.02199999988079071), (0.5453776717185974, 1.4383693933486938, -0.15600000321865082), (0.5453776717185974, 1.4383693933486938, -0.02199999988079071), (0.546416163444519, 1.4223581552505493, -0.006000000052154064), (0.547604501247406, 1.42252516746521, -0.006000000052154064), (0.5621427297592163, 1.3104579448699951, -0.006000000052154064), (0.5633310079574585, 1.3106248378753662, -0.006000000052154064), (0.5643694400787354, 1.2946135997772217, -0.02199999988079071), (0.5655577778816223, 1.2947806119918823, -0.02199999988079071), (0.5643694400787354, 1.2946135997772217, -0.15600000321865082), (0.5655577778816223, 1.2947806119918823, -0.15600000321865082), (0.5621427297592163, 1.3104579448699951, -0.1720000058412552), (0.5633310079574585, 1.3106248378753662, -0.1720000058412552), (0.546416163444519, 1.4223581552505493, -0.1720000058412552), (0.547604501247406, 1.42252516746521, -0.1720000058412552)]
        int[] faceVertexCounts = [3, 3, 3, 3, 3, 3, 3, 3, 3, 3, 3, 3, 3, 3, 3, 3, 3, 3, 3, 3, 3, 3, 3, 3, 3, 3, 3, 3]
        int[] faceVertexIndices = [0, 1, 2, 2, 1, 3, 1, 4, 3, 3, 4, 5, 4, 6, 5, 5, 6, 7, 6, 8, 7, 7, 8, 9, 8, 10, 9, 9, 10, 11, 10, 12, 11, 11, 12, 13, 12, 14, 13, 13, 14, 15, 14, 0, 15, 15, 0, 2, 12, 10, 14, 14, 10, 0, 1, 6, 4, 0, 8, 1, 10, 8, 0, 1, 8, 6, 11, 13, 15, 11, 15, 2, 9, 2, 3, 9, 3, 5, 9, 5, 7, 9, 11, 2]
        float3[] extent = [(0.5441893935203552, 1.2946135997772217, -0.1720000058412552), (0.5655577778816223, 1.4383693933486938, -0.006000000052154064)]
        uniform token subdivisionScheme = "none"
        bool physics:collisionEnabled = false
        color3f[] primvars:displayColor = [(0.0235294122248888, 0.04313725605607033, 0.07450980693101883)]
    }
    def Mesh "Cell01_05"
    {
        point3f[] points = [(0.5441893935203552, 1.4382023811340332, 0.019999999552965164), (0.5441893935203552, 1.4382023811340332, 0.15399999916553497), (0.5453776717185974, 1.4383693933486938, 0.019999999552965164), (0.5453776717185974, 1.4383693933486938, 0.15399999916553497), (0.546416163444519, 1.4223581552505493, 0.17000000178813934), (0.547604501247406, 1.42252516746521, 0.17000000178813934), (0.5621427297592163, 1.3104579448699951, 0.17000000178813934), (0.5633310079574585, 1.3106248378753662, 0.17000000178813934), (0.5643694400787354, 1.2946135997772217, 0.15399999916553497), (0.5655577778816223, 1.2947806119918823, 0.15399999916553497), (0.5643694400787354, 1.2946135997772217, 0.019999999552965164), (0.5655577778816223, 1.2947806119918823, 0.019999999552965164), (0.5621427297592163, 1.3104579448699951, 0.004000000189989805), (0.5633310079574585, 1.3106248378753662, 0.004000000189989805), (0.546416163444519, 1.4223581552505493, 0.004000000189989805), (0.547604501247406, 1.42252516746521, 0.004000000189989805)]
        int[] faceVertexCounts = [3, 3, 3, 3, 3, 3, 3, 3, 3, 3, 3, 3, 3, 3, 3, 3, 3, 3, 3, 3, 3, 3, 3, 3, 3, 3, 3, 3]
        int[] faceVertexIndices = [0, 1, 2, 2, 1, 3, 1, 4, 3, 3, 4, 5, 4, 6, 5, 5, 6, 7, 6, 8, 7, 7, 8, 9, 8, 10, 9, 9, 10, 11, 10, 12, 11, 11, 12, 13, 12, 14, 13, 13, 14, 15, 14, 0, 15, 15, 0, 2, 12, 10, 14, 14, 10, 0, 1, 6, 4, 0, 8, 1, 10, 8, 0, 1, 8, 6, 11, 13, 15, 11, 15, 2, 9, 2, 3, 9, 3, 5, 9, 5, 7, 9, 11, 2]
        float3[] extent = [(0.5441893935203552, 1.2946135997772217, 0.004000000189989805), (0.5655577778816223, 1.4383693933486938, 0.17000000178813934)]
        uniform token subdivisionScheme = "none"
        bool physics:collisionEnabled = false
        color3f[] primvars:displayColor = [(0.0235294122248888, 0.04313725605607033, 0.07450980693101883)]
    }
    def Mesh "Cell01_06"
    {
        point3f[] points = [(0.5441893935203552, 1.4382023811340332, 0.19599999487400055), (0.5441893935203552, 1.4382023811340332, 0.33000001311302185), (0.5453776717185974, 1.4383693933486938, 0.19599999487400055), (0.5453776717185974, 1.4383693933486938, 0.33000001311302185), (0.546416163444519, 1.4223581552505493, 0.34599998593330383), (0.547604501247406, 1.42252516746521, 0.34599998593330383), (0.5621427297592163, 1.3104579448699951, 0.34599998593330383), (0.5633310079574585, 1.3106248378753662, 0.34599998593330383), (0.5643694400787354, 1.2946135997772217, 0.33000001311302185), (0.5655577778816223, 1.2947806119918823, 0.33000001311302185), (0.5643694400787354, 1.2946135997772217, 0.19599999487400055), (0.5655577778816223, 1.2947806119918823, 0.19599999487400055), (0.5621427297592163, 1.3104579448699951, 0.18000000715255737), (0.5633310079574585, 1.3106248378753662, 0.18000000715255737), (0.546416163444519, 1.4223581552505493, 0.18000000715255737), (0.547604501247406, 1.42252516746521, 0.18000000715255737)]
        int[] faceVertexCounts = [3, 3, 3, 3, 3, 3, 3, 3, 3, 3, 3, 3, 3, 3, 3, 3, 3, 3, 3, 3, 3, 3, 3, 3, 3, 3, 3, 3]
        int[] faceVertexIndices = [0, 1, 2, 2, 1, 3, 1, 4, 3, 3, 4, 5, 4, 6, 5, 5, 6, 7, 6, 8, 7, 7, 8, 9, 8, 10, 9, 9, 10, 11, 10, 12, 11, 11, 12, 13, 12, 14, 13, 13, 14, 15, 14, 0, 15, 15, 0, 2, 12, 10, 14, 14, 10, 0, 0, 8, 1, 1, 8, 4, 4, 8, 6, 10, 8, 0, 11, 13, 15, 11, 15, 2, 9, 2, 3, 9, 3, 5, 9, 5, 7, 9, 11, 2]
        float3[] extent = [(0.5441893935203552, 1.2946135997772217, 0.18000000715255737), (0.5655577778816223, 1.4383693933486938, 0.34599998593330383)]
        uniform token subdivisionScheme = "none"
        bool physics:collisionEnabled = false
        color3f[] primvars:displayColor = [(0.0235294122248888, 0.04313725605607033, 0.07450980693101883)]
    }
    def Mesh "Cell01_07"
    {
        point3f[] points = [(0.5441893935203552, 1.4382023811340332, 0.3720000088214874), (0.5441893935203552, 1.4382023811340332, 0.5059999823570251), (0.5453776717185974, 1.4383693933486938, 0.3720000088214874), (0.5453776717185974, 1.4383693933486938, 0.5059999823570251), (0.547604501247406, 1.42252516746521, 0.5220000147819519), (0.546416163444519, 1.4223581552505493, 0.5220000147819519), (0.5621427297592163, 1.3104579448699951, 0.5220000147819519), (0.5633310079574585, 1.3106248378753662, 0.5220000147819519), (0.5643694400787354, 1.2946135997772217, 0.5059999823570251), (0.5655577778816223, 1.2947806119918823, 0.5059999823570251), (0.5643694400787354, 1.2946135997772217, 0.3720000088214874), (0.5655577778816223, 1.2947806119918823, 0.3720000088214874), (0.5621427297592163, 1.3104579448699951, 0.35600000619888306), (0.5633310079574585, 1.3106248378753662, 0.35600000619888306), (0.546416163444519, 1.4223581552505493, 0.35600000619888306), (0.547604501247406, 1.42252516746521, 0.35600000619888306)]
        int[] faceVertexCounts = [3, 3, 3, 3, 3, 3, 3, 3, 3, 3, 3, 3, 3, 3, 3, 3, 3, 3, 3, 3, 3, 3, 3, 3, 3, 3, 3, 3]
        int[] faceVertexIndices = [0, 1, 2, 2, 1, 3, 1, 4, 3, 1, 5, 4, 5, 6, 4, 4, 6, 7, 6, 8, 7, 7, 8, 9, 8, 10, 9, 9, 10, 11, 10, 12, 11, 11, 12, 13, 12, 14, 13, 13, 14, 15, 14, 0, 15, 15, 0, 2, 12, 10, 14, 14, 10, 0, 0, 8, 1, 1, 8, 5, 5, 8, 6, 10, 8, 0, 11, 13, 15, 11, 15, 2, 9, 2, 3, 9, 3, 4, 9, 4, 7, 9, 11, 2]
        float3[] extent = [(0.5441893935203552, 1.2946135997772217, 0.35600000619888306), (0.5655577778816223, 1.4383693933486938, 0.5220000147819519)]
        uniform token subdivisionScheme = "none"
        bool physics:collisionEnabled = false
        color3f[] primvars:displayColor = [(0.0235294122248888, 0.04313725605607033, 0.07450980693101883)]
    }
    def Mesh "Cell01_08"
    {
        point3f[] points = [(0.5441893935203552, 1.4382023811340332, 0.5479999780654907), (0.5441893935203552, 1.4382023811340332, 0.6819999814033508), (0.5453776717185974, 1.4383693933486938, 0.5479999780654907), (0.5453776717185974, 1.4383693933486938, 0.6819999814033508), (0.546416163444519, 1.4223581552505493, 0.6980000138282776), (0.547604501247406, 1.42252516746521, 0.6980000138282776), (0.5621427297592163, 1.3104579448699951, 0.6980000138282776), (0.5633310079574585, 1.3106248378753662, 0.6980000138282776), (0.5643694400787354, 1.2946135997772217, 0.6819999814033508), (0.5655577778816223, 1.2947806119918823, 0.6819999814033508), (0.5643694400787354, 1.2946135997772217, 0.5479999780654907), (0.5655577778816223, 1.2947806119918823, 0.5479999780654907), (0.5621427297592163, 1.3104579448699951, 0.5320000052452087), (0.5633310079574585, 1.3106248378753662, 0.5320000052452087), (0.546416163444519, 1.4223581552505493, 0.5320000052452087), (0.547604501247406, 1.42252516746521, 0.5320000052452087)]
        int[] faceVertexCounts = [3, 3, 3, 3, 3, 3, 3, 3, 3, 3, 3, 3, 3, 3, 3, 3, 3, 3, 3, 3, 3, 3, 3, 3, 3, 3, 3, 3]
        int[] faceVertexIndices = [0, 1, 2, 2, 1, 3, 1, 4, 3, 3, 4, 5, 4, 6, 5, 5, 6, 7, 6, 8, 7, 7, 8, 9, 8, 10, 9, 9, 10, 11, 10, 12, 11, 11, 12, 13, 12, 14, 13, 13, 14, 15, 14, 2, 15, 14, 0, 2, 0, 10, 1, 12, 10, 14, 14, 10, 0, 1, 8, 4, 4, 8, 6, 10, 8, 1, 11, 13, 15, 11, 15, 2, 9, 2, 3, 9, 3, 5, 9, 5, 7, 9, 11, 2]
        float3[] extent = [(0.5441893935203552, 1.2946135997772217, 0.5320000052452087), (0.5655577778816223, 1.4383693933486938, 0.6980000138282776)]
        uniform token subdivisionScheme = "none"
        bool physics:collisionEnabled = false
        color3f[] primvars:displayColor = [(0.0235294122248888, 0.04313725605607033, 0.07450980693101883)]
    }
    def Mesh "Cell01_09"
    {
        point3f[] points = [(0.5441893935203552, 1.4382023811340332, 0.7239999771118164), (0.5441893935203552, 1.4382023811340332, 0.8579999804496765), (0.5453776717185974, 1.4383693933486938, 0.7239999771118164), (0.5453776717185974, 1.4383693933486938, 0.8579999804496765), (0.546416163444519, 1.4223581552505493, 0.8740000128746033), (0.547604501247406, 1.42252516746521, 0.8740000128746033), (0.5621427297592163, 1.3104579448699951, 0.8740000128746033), (0.5633310079574585, 1.3106248378753662, 0.8740000128746033), (0.5643694400787354, 1.2946135997772217, 0.8579999804496765), (0.5655577778816223, 1.2947806119918823, 0.8579999804496765), (0.5643694400787354, 1.2946135997772217, 0.7239999771118164), (0.5655577778816223, 1.2947806119918823, 0.7239999771118164), (0.5621427297592163, 1.3104579448699951, 0.7080000042915344), (0.5633310079574585, 1.3106248378753662, 0.7080000042915344), (0.546416163444519, 1.4223581552505493, 0.7080000042915344), (0.547604501247406, 1.42252516746521, 0.7080000042915344)]
        int[] faceVertexCounts = [3, 3, 3, 3, 3, 3, 3, 3, 3, 3, 3, 3, 3, 3, 3, 3, 3, 3, 3, 3, 3, 3, 3, 3, 3, 3, 3, 3]
        int[] faceVertexIndices = [0, 1, 2, 2, 1, 3, 1, 4, 3, 3, 4, 5, 4, 6, 5, 5, 6, 7, 6, 8, 7, 7, 8, 9, 8, 10, 9, 9, 10, 11, 10, 12, 11, 11, 12, 13, 12, 14, 13, 13, 14, 15, 14, 0, 15, 15, 0, 2, 12, 10, 14, 14, 10, 0, 0, 8, 1, 1, 8, 4, 4, 8, 6, 10, 8, 0, 11, 13, 15, 11, 15, 2, 9, 2, 3, 9, 11, 2, 7, 3, 5, 7, 9, 3]
        float3[] extent = [(0.5441893935203552, 1.2946135997772217, 0.7080000042915344), (0.5655577778816223, 1.4383693933486938, 0.8740000128746033)]
        uniform token subdivisionScheme = "none"
        bool physics:collisionEnabled = false
        color3f[] primvars:displayColor = [(0.0235294122248888, 0.04313725605607033, 0.07450980693101883)]
    }
    def Mesh "Cell02_00"
    {
        point3f[] points = [(0.5664570927619934, 1.2797595262527466, -0.8600000143051147), (0.5664570927619934, 1.2797595262527466, -0.7260000109672546), (0.5676453709602356, 1.2799266576766968, -0.8600000143051147), (0.5676453709602356, 1.2799266576766968, -0.7260000109672546), (0.5686838626861572, 1.2639153003692627, -0.7099999785423279), (0.5698721408843994, 1.2640823125839233, -0.7099999785423279), (0.5844104290008545, 1.152014970779419, -0.7099999785423279), (0.5855987071990967, 1.1521819829940796, -0.7099999785423279), (0.5866371393203735, 1.1361706256866455, -0.7260000109672546), (0.5878254771232605, 1.1363377571105957, -0.7260000109672546), (0.5866371393203735, 1.1361706256866455, -0.8600000143051147), (0.5878254771232605, 1.1363377571105957, -0.8600000143051147), (0.5844104290008545, 1.152014970779419, -0.8759999871253967), (0.5855987071990967, 1.1521819829940796, -0.8759999871253967), (0.5686838626861572, 1.2639153003692627, -0.8759999871253967), (0.5698721408843994, 1.2640823125839233, -0.8759999871253967)]
        int[] faceVertexCounts = [3, 3, 3, 3, 3, 3, 3, 3, 3, 3, 3, 3, 3, 3, 3, 3, 3, 3, 3, 3, 3, 3, 3, 3, 3, 3, 3, 3]
        int[] faceVertexIndices = [0, 1, 2, 2, 1, 3, 1, 4, 3, 3, 4, 5, 4, 6, 5, 5, 6, 7, 6, 8, 7, 7, 8, 9, 8, 10, 9, 9, 10, 11, 10, 12, 11, 11, 12, 13, 12, 14, 13, 13, 14, 15, 14, 0, 15, 15, 0, 2, 12, 10, 14, 14, 10, 0, 0, 8, 1, 1, 8, 4, 4, 8, 6, 10, 8, 0, 11, 2, 3, 11, 13, 15, 11, 15, 2, 9, 3, 5, 9, 5, 7, 9, 11, 3]
        float3[] extent = [(0.5664570927619934, 1.1361706256866455, -0.8759999871253967), (0.5878254771232605, 1.2799266576766968, -0.7099999785423279)]
        uniform token subdivisionScheme = "none"
        bool physics:collisionEnabled = false
        color3f[] primvars:displayColor = [(0.0235294122248888, 0.04313725605607033, 0.07450980693101883)]
    }
    def Mesh "Cell02_01"
    {
        point3f[] points = [(0.5664570927619934, 1.2797595262527466, -0.6840000152587891), (0.5664570927619934, 1.2797595262527466, -0.550000011920929), (0.5676453709602356, 1.2799266576766968, -0.6840000152587891), (0.5676453709602356, 1.2799266576766968, -0.550000011920929), (0.5686838626861572, 1.2639153003692627, -0.5339999794960022), (0.5698721408843994, 1.2640823125839233, -0.5339999794960022), (0.5844104290008545, 1.152014970779419, -0.5339999794960022), (0.5855987071990967, 1.1521819829940796, -0.5339999794960022), (0.5866371393203735, 1.1361706256866455, -0.550000011920929), (0.5878254771232605, 1.1363377571105957, -0.550000011920929), (0.5866371393203735, 1.1361706256866455, -0.6840000152587891), (0.5878254771232605, 1.1363377571105957, -0.6840000152587891), (0.5844104290008545, 1.152014970779419, -0.699999988079071), (0.5855987071990967, 1.1521819829940796, -0.699999988079071), (0.5686838626861572, 1.2639153003692627, -0.699999988079071), (0.5698721408843994, 1.2640823125839233, -0.699999988079071)]
        int[] faceVertexCounts = [3, 3, 3, 3, 3, 3, 3, 3, 3, 3, 3, 3, 3, 3, 3, 3, 3, 3, 3, 3, 3, 3, 3, 3, 3, 3, 3, 3]
        int[] faceVertexIndices = [0, 1, 2, 2, 1, 3, 1, 4, 3, 3, 4, 5, 4, 6, 5, 5, 6, 7, 6, 8, 7, 7, 8, 9, 8, 10, 9, 9, 10, 11, 10, 12, 11, 11, 12, 13, 12, 14, 13, 13, 14, 15, 14, 0, 15, 15, 0, 2, 12, 10, 14, 14, 10, 0, 0, 8, 1, 1, 8, 4, 4, 8, 6, 10, 8, 0, 13, 15, 2, 11, 13, 2, 9, 2, 3, 9, 3, 5, 9, 5, 7, 9, 11, 2]
        float3[] extent = [(0.5664570927619934, 1.1361706256866455, -0.699999988079071), (0.5878254771232605, 1.2799266576766968, -0.5339999794960022)]
        uniform token subdivisionScheme = "none"
        bool physics:collisionEnabled = false
        color3f[] primvars:displayColor = [(0.0235294122248888, 0.04313725605607033, 0.07450980693101883)]
    }
    def Mesh "Cell02_02"
    {
        point3f[] points = [(0.5664570927619934, 1.2797595262527466, -0.5080000162124634), (0.5664570927619934, 1.2797595262527466, -0.37400001287460327), (0.5676453709602356, 1.2799266576766968, -0.5080000162124634), (0.5676453709602356, 1.2799266576766968, -0.37400001287460327), (0.5686838626861572, 1.2639153003692627, -0.3580000102519989), (0.5698721408843994, 1.2640823125839233, -0.3580000102519989), (0.5844104290008545, 1.152014970779419, -0.3580000102519989), (0.5855987071990967, 1.1521819829940796, -0.3580000102519989), (0.5878254771232605, 1.1363377571105957, -0.37400001287460327), (0.5866371393203735, 1.1361706256866455, -0.37400001287460327), (0.5866371393203735, 1.1361706256866455, -0.5080000162124634), (0.5878254771232605, 1.1363377571105957, -0.5080000162124634), (0.5844104290008545, 1.152014970779419, -0.5239999890327454), (0.5855987071990967, 1.1521819829940796, -0.5239999890327454), (0.5686838626861572, 1.2639153003692627, -0.5239999890327454), (0.5698721408843994, 1.2640823125839233, -0.5239999890327454)]
        int[] faceVertexCounts = [3, 3, 3, 3, 3, 3, 3, 3, 3, 3, 3, 3, 3, 3, 3, 3, 3, 3, 3, 3, 3, 3, 3, 3, 3, 3, 3, 3]
        int[] faceVertexIndices = [0, 1, 2, 2, 1, 3, 1, 4, 3, 3, 4, 5, 4, 6, 5, 5, 6, 7, 6, 8, 7, 6, 9, 8, 9, 10, 8, 8, 10, 11, 10, 12, 11, 11, 12, 13, 12, 14, 13, 13, 14, 15, 14, 0, 15, 15, 0, 2, 12, 10, 14, 14, 10, 0, 1, 6, 4, 0, 9, 1, 10, 9, 0, 1, 9, 6, 11, 13, 15, 11, 15, 2, 8, 2, 3, 8, 3, 5, 8, 5, 7, 8, 11, 2]
        float3[] extent = [(0.5664570927619934, 1.1361706256866455, -0.5239999890327454), (0.5878254771232605, 1.2799266576766968, -0.3580000102519989)]
        uniform token subdivisionScheme = "none"
        bool physics:collisionEnabled = false
        color3f[] primvars:displayColor = [(0.0235294122248888, 0.04313725605607033, 0.07450980693101883)]
    }
    def Mesh "Cell02_03"
    {
        point3f[] points = [(0.5664570927619934, 1.2797595262527466, -0.3319999873638153), (0.5664570927619934, 1.2797595262527466, -0.1979999989271164), (0.5676453709602356, 1.2799266576766968, -0.3319999873638153), (0.5676453709602356, 1.2799266576766968, -0.1979999989271164), (0.5686838626861572, 1.2639153003692627, -0.18199999630451202), (0.5698721408843994, 1.2640823125839233, -0.18199999630451202), (0.5844104290008545, 1.152014970779419, -0.18199999630451202), (0.5855987071990967, 1.1521819829940796, -0.18199999630451202), (0.5866371393203735, 1.1361706256866455, -0.1979999989271164), (0.5878254771232605, 1.1363377571105957, -0.1979999989271164), (0.5866371393203735, 1.1361706256866455, -0.3319999873638153), (0.5878254771232605, 1.1363377571105957, -0.3319999873638153), (0.5844104290008545, 1.152014970779419, -0.3479999899864197), (0.5855987071990967, 1.1521819829940796, -0.3479999899864197), (0.5698721408843994, 1.2640823125839233, -0.3479999899864197), (0.5686838626861572, 1.2639153003692627, -0.3479999899864197)]
        int[] faceVertexCounts = [3, 3, 3, 3, 3, 3, 3, 3, 3, 3, 3, 3, 3, 3, 3, 3, 3, 3, 3, 3, 3, 3, 3, 3, 3, 3, 3, 3]
        int[] faceVertexIndices = [0, 1, 2, 2, 1, 3, 1, 4, 3, 3, 4, 5, 4, 6, 5, 5, 6, 7, 6, 8, 7, 7, 8, 9, 8, 10, 9, 9, 10, 11, 10, 12, 11, 11, 12, 13, 12, 14, 13, 12, 15, 14, 15, 0, 14, 14, 0, 2, 15, 12, 0, 12, 10, 0, 0, 8, 1, 1, 8, 4, 4, 8, 6, 10, 8, 0, 11, 13, 14, 11, 14, 2, 9, 2, 3, 9, 3, 5, 9, 5, 7, 9, 11, 2]
        float3[] extent = [(0.5664570927619934, 1.1361706256866455, -0.3479999899864197), (0.5878254771232605, 1.2799266576766968, -0.18199999630451202)]
        uniform token subdivisionScheme = "none"
        bool physics:collisionEnabled = false
        color3f[] primvars:displayColor = [(0.0235294122248888, 0.04313725605607033, 0.07450980693101883)]
    }
    def Mesh "Cell02_04"
    {
        point3f[] points = [(0.5664570927619934, 1.2797595262527466, -0.15600000321865082), (0.5664570927619934, 1.2797595262527466, -0.02199999988079071), (0.5676453709602356, 1.2799266576766968, -0.15600000321865082), (0.5676453709602356, 1.2799266576766968, -0.02199999988079071), (0.5698721408843994, 1.2640823125839233, -0.006000000052154064), (0.5686838626861572, 1.2639153003692627, -0.006000000052154064), (0.5844104290008545, 1.152014970779419, -0.006000000052154064), (0.5855987071990967, 1.1521819829940796, -0.006000000052154064), (0.5866371393203735, 1.1361706256866455, -0.02199999988079071), (0.5878254771232605, 1.1363377571105957, -0.02199999988079071), (0.5866371393203735, 1.1361706256866455, -0.15600000321865082), (0.5878254771232605, 1.1363377571105957, -0.15600000321865082), (0.5844104290008545, 1.152014970779419, -0.1720000058412552), (0.5855987071990967, 1.1521819829940796, -0.1720000058412552), (0.5686838626861572, 1.2639153003692627, -0.1720000058412552), (0.5698721408843994, 1.2640823125839233, -0.1720000058412552)]
        int[] faceVertexCounts = [3, 3, 3, 3, 3, 3, 3, 3, 3, 3, 3, 3, 3, 3, 3, 3, 3, 3, 3, 3, 3, 3, 3, 3, 3, 3, 3, 3]
        int[] faceVertexIndices = [0, 1, 2, 2, 1, 3, 1, 4, 3, 1, 5, 4, 5, 6, 4, 4, 6, 7, 6, 8, 7, 7, 8, 9, 8, 10, 9, 9, 10, 11, 10, 12, 11, 11, 12, 13, 12, 14, 13, 13, 14, 15, 14, 0, 15, 15, 0, 2, 12, 10, 14, 14, 10, 0, 1, 6, 5, 0, 8, 1, 10, 8, 0, 1, 8, 6, 11, 13, 15, 11, 15, 2, 9, 2, 3, 9, 3, 4, 9, 4, 7, 9, 11, 2]
        float3[] extent = [(0.5664570927619934, 1.1361706256866455, -0.1720000058412552), (0.5878254771232605, 1.2799266576766968, -0.006000000052154064)]
        uniform token subdivisionScheme = "none"
        bool physics:collisionEnabled = false
        color3f[] primvars:displayColor = [(0.0235294122248888, 0.04313725605607033, 0.07450980693101883)]
    }
    def Mesh "Cell02_05"
    {
        point3f[] points = [(0.5664570927619934, 1.2797595262527466, 0.019999999552965164), (0.5664570927619934, 1.2797595262527466, 0.15399999916553497), (0.5676453709602356, 1.2799266576766968, 0.019999999552965164), (0.5676453709602356, 1.2799266576766968, 0.15399999916553497), (0.5686838626861572, 1.2639153003692627, 0.17000000178813934), (0.5698721408843994, 1.2640823125839233, 0.17000000178813934), (0.5844104290008545, 1.152014970779419, 0.17000000178813934), (0.5855987071990967, 1.1521819829940796, 0.17000000178813934), (0.5866371393203735, 1.1361706256866455, 0.15399999916553497), (0.5878254771232605, 1.1363377571105957, 0.15399999916553497), (0.5866371393203735, 1.1361706256866455, 0.019999999552965164), (0.5878254771232605, 1.1363377571105957, 0.019999999552965164), (0.5855987071990967, 1.1521819829940796, 0.004000000189989805), (0.5844104290008545, 1.152014970779419, 0.004000000189989805), (0.5698721408843994, 1.2640823125839233, 0.004000000189989805), (0.5686838626861572, 1.2639153003692627, 0.004000000189989805)]
        int[] faceVertexCounts = [3, 3, 3, 3, 3, 3, 3, 3, 3, 3, 3, 3, 3, 3, 3, 3, 3, 3, 3, 3, 3, 3, 3, 3, 3, 3, 3, 3]
        int[] faceVertexIndices = [0, 1, 2, 2, 1, 3, 1, 4, 3, 3, 4, 5, 4, 6, 5, 5, 6, 7, 6, 8, 7, 7, 8, 9, 8, 10, 9, 9, 10, 11, 10, 12, 11, 10, 13, 12, 13, 14, 12, 13, 15, 14, 15, 0, 14, 14, 0, 2, 13, 10, 15, 15, 10, 0, 1, 6, 4, 0, 8, 1, 10, 8, 0, 1, 8, 6, 11, 12, 14, 11, 14, 2, 7, 3, 5, 9, 2, 3, 9, 11, 2, 9, 3, 7]
        float3[] extent = [(0.5664570927619934, 1.1361706256866455, 0.004000000189989805), (0.5878254771232605, 1.2799266576766968, 0.17000000178813934)]
        uniform token subdivisionScheme = "none"
        bool physics:collisionEnabled = false
        color3f[] primvars:displayColor = [(0.0235294122248888, 0.04313725605607033, 0.07450980693101883)]
    }
    def Mesh "Cell02_06"
    {
        point3f[] points = [(0.5664570927619934, 1.2797595262527466, 0.19599999487400055), (0.5664570927619934, 1.2797595262527466, 0.33000001311302185), (0.5676453709602356, 1.2799266576766968, 0.19599999487400055), (0.5676453709602356, 1.2799266576766968, 0.33000001311302185), (0.5686838626861572, 1.2639153003692627, 0.34599998593330383), (0.5698721408843994, 1.2640823125839233, 0.34599998593330383), (0.5844104290008545, 1.152014970779419, 0.34599998593330383), (0.5855987071990967, 1.1521819829940796, 0.34599998593330383), (0.5866371393203735, 1.1361706256866455, 0.33000001311302185), (0.5878254771232605, 1.1363377571105957, 0.33000001311302185), (0.5866371393203735, 1.1361706256866455, 0.19599999487400055), (0.5878254771232605, 1.1363377571105957, 0.19599999487400055), (0.5844104290008545, 1.152014970779419, 0.18000000715255737), (0.5855987071990967, 1.1521819829940796, 0.18000000715255737), (0.5686838626861572, 1.2639153003692627, 0.18000000715255737), (0.5698721408843994, 1.2640823125839233, 0.18000000715255737)]
        int[] faceVertexCounts = [3, 3, 3, 3, 3, 3, 3, 3, 3, 3, 3, 3, 3, 3, 3, 3, 3, 3, 3, 3, 3, 3, 3, 3, 3, 3, 3, 3]
        int[] faceVertexIndices = [0, 1, 2, 2, 1, 3, 1, 4, 3, 3, 4, 5, 4, 6, 5, 5, 6, 7, 6, 8, 7, 7, 8, 9, 8, 10, 9, 9, 10, 11, 10, 12, 11, 11, 12, 13, 12, 14, 13, 13, 14, 15, 14, 0, 15, 15, 0, 2, 0, 10, 1, 12, 10, 14, 14, 10, 0, 1, 8, 4, 4, 8, 6, 10, 8, 1, 11, 13, 15, 11, 15, 2, 7, 3, 5, 9, 2, 3, 9, 11, 2, 9, 3, 7]
        float3[] extent = [(0.5664570927619934, 1.1361706256866455, 0.18000000715255737), (0.5878254771232605, 1.2799266576766968, 0.34599998593330383)]
        uniform token subdivisionScheme = "none"
        bool physics:collisionEnabled = false
        color3f[] primvars:displayColor = [(0.0235294122248888, 0.04313725605607033, 0.07450980693101883)]
    }
    def Mesh "Cell02_07"
    {
        point3f[] points = [(0.5664570927619934, 1.2797595262527466, 0.3720000088214874), (0.5664570927619934, 1.2797595262527466, 0.5059999823570251), (0.5676453709602356, 1.2799266576766968, 0.3720000088214874), (0.5676453709602356, 1.2799266576766968, 0.5059999823570251), (0.5686838626861572, 1.2639153003692627, 0.5220000147819519), (0.5698721408843994, 1.2640823125839233, 0.5220000147819519), (0.5844104290008545, 1.152014970779419, 0.5220000147819519), (0.5855987071990967, 1.1521819829940796, 0.5220000147819519), (0.5866371393203735, 1.1361706256866455, 0.5059999823570251), (0.5878254771232605, 1.1363377571105957, 0.5059999823570251), (0.5866371393203735, 1.1361706256866455, 0.3720000088214874), (0.5878254771232605, 1.1363377571105957, 0.3720000088214874), (0.5844104290008545, 1.152014970779419, 0.35600000619888306), (0.5855987071990967, 1.1521819829940796, 0.35600000619888306), (0.5686838626861572, 1.2639153003692627, 0.35600000619888306), (0.5698721408843994, 1.2640823125839233, 0.35600000619888306)]
        int[] faceVertexCounts = [3, 3, 3, 3, 3, 3, 3, 3, 3, 3, 3, 3, 3, 3, 3, 3, 3, 3, 3, 3, 3, 3, 3, 3, 3, 3, 3, 3]
        int[] faceVertexIndices = [0, 1, 2, 2, 1, 3, 1, 4, 3, 3, 4, 5, 4, 6, 5, 5, 6, 7, 6, 8, 7, 7, 8, 9, 8, 10, 9, 9, 10, 11, 10, 12, 11, 11, 12, 13, 12, 14, 13, 13, 14, 15, 14, 0, 15, 15, 0, 2, 0, 10, 1, 12, 10, 14, 14, 10, 0, 1, 6, 4, 10, 8, 1, 1, 8, 6, 13, 15, 2, 11, 13, 2, 9, 2, 3, 9, 3, 5, 9, 5, 7, 9, 11, 2]
        float3[] extent = [(0.5664570927619934, 1.1361706256866455, 0.35600000619888306), (0.5878254771232605, 1.2799266576766968, 0.5220000147819519)]
        uniform token subdivisionScheme = "none"
        bool physics:collisionEnabled = false
        color3f[] primvars:displayColor = [(0.0235294122248888, 0.04313725605607033, 0.07450980693101883)]
    }
    def Mesh "Cell02_08"
    {
        point3f[] points = [(0.5664570927619934, 1.2797595262527466, 0.5479999780654907), (0.5664570927619934, 1.2797595262527466, 0.6819999814033508), (0.5676453709602356, 1.2799266576766968, 0.5479999780654907), (0.5676453709602356, 1.2799266576766968, 0.6819999814033508), (0.5686838626861572, 1.2639153003692627, 0.6980000138282776), (0.5698721408843994, 1.2640823125839233, 0.6980000138282776), (0.5844104290008545, 1.152014970779419, 0.6980000138282776), (0.5855987071990967, 1.1521819829940796, 0.6980000138282776), (0.5866371393203735, 1.1361706256866455, 0.6819999814033508), (0.5878254771232605, 1.1363377571105957, 0.6819999814033508), (0.5866371393203735, 1.1361706256866455, 0.5479999780654907), (0.5878254771232605, 1.1363377571105957, 0.5479999780654907), (0.5844104290008545, 1.152014970779419, 0.5320000052452087), (0.5855987071990967, 1.1521819829940796, 0.5320000052452087), (0.5686838626861572, 1.2639153003692627, 0.5320000052452087), (0.5698721408843994, 1.2640823125839233, 0.5320000052452087)]
        int[] faceVertexCounts = [3, 3, 3, 3, 3, 3, 3, 3, 3, 3, 3, 3, 3, 3, 3, 3, 3, 3, 3, 3, 3, 3, 3, 3, 3, 3, 3, 3]
        int[] faceVertexIndices = [0, 1, 2, 2, 1, 3, 1, 4, 3, 3, 4, 5, 4, 6, 5, 5, 6, 7, 6, 8, 7, 7, 8, 9, 8, 10, 9, 9, 10, 11, 10, 12, 11, 11, 12, 13, 12, 14, 13, 13, 14, 15, 14, 2, 15, 14, 0, 2, 12, 10, 14, 14, 10, 0, 0, 8, 1, 1, 8, 4, 4, 8, 6, 10, 8, 0, 11, 13, 15, 11, 15, 2, 7, 3, 5, 9, 2, 3, 9, 11, 2, 9, 3, 7]
        float3[] extent = [(0.5664570927619934, 1.1361706256866455, 0.5320000052452087), (0.5878254771232605, 1.2799266576766968, 0.6980000138282776)]
        uniform token subdivisionScheme = "none"
        bool physics:collisionEnabled = false
        color3f[] primvars:displayColor = [(0.0235294122248888, 0.04313725605607033, 0.07450980693101883)]
    }
    def Mesh "Cell02_09"
    {
        point3f[] points = [(0.5664570927619934, 1.2797595262527466, 0.7239999771118164), (0.5664570927619934, 1.2797595262527466, 0.8579999804496765), (0.5676453709602356, 1.2799266576766968, 0.7239999771118164), (0.5676453709602356, 1.2799266576766968, 0.8579999804496765), (0.5686838626861572, 1.2639153003692627, 0.8740000128746033), (0.5698721408843994, 1.2640823125839233, 0.8740000128746033), (0.5844104290008545, 1.152014970779419, 0.8740000128746033), (0.5855987071990967, 1.1521819829940796, 0.8740000128746033), (0.5866371393203735, 1.1361706256866455, 0.8579999804496765), (0.5878254771232605, 1.1363377571105957, 0.8579999804496765), (0.5866371393203735, 1.1361706256866455, 0.7239999771118164), (0.5878254771232605, 1.1363377571105957, 0.7239999771118164), (0.5844104290008545, 1.152014970779419, 0.7080000042915344), (0.5855987071990967, 1.1521819829940796, 0.7080000042915344), (0.5686838626861572, 1.2639153003692627, 0.7080000042915344), (0.5698721408843994, 1.2640823125839233, 0.7080000042915344)]
        int[] faceVertexCounts = [3, 3, 3, 3, 3, 3, 3, 3, 3, 3, 3, 3, 3, 3, 3, 3, 3, 3, 3, 3, 3, 3, 3, 3, 3, 3, 3, 3]
        int[] faceVertexIndices = [0, 1, 2, 2, 1, 3, 1, 4, 3, 3, 4, 5, 4, 6, 5, 5, 6, 7, 6, 8, 7, 7, 8, 9, 8, 10, 9, 9, 10, 11, 10, 12, 11, 11, 12, 13, 12, 14, 13, 13, 14, 15, 14, 0, 15, 15, 0, 2, 0, 10, 1, 12, 10, 14, 14, 10, 0, 1, 8, 4, 4, 8, 6, 10, 8, 1, 11, 2, 3, 11, 13, 15, 11, 15, 2, 9, 3, 5, 9, 5, 7, 9, 11, 3]
        float3[] extent = [(0.5664570927619934, 1.1361706256866455, 0.7080000042915344), (0.5878254771232605, 1.2799266576766968, 0.8740000128746033)]
        uniform token subdivisionScheme = "none"
        bool physics:collisionEnabled = false
        color3f[] primvars:displayColor = [(0.0235294122248888, 0.04313725605607033, 0.07450980693101883)]
    }
    def Mesh "Cell03_00"
    {
        point3f[] points = [(0.5887247920036316, 1.12131667137146, -0.8600000143051147), (0.5887247920036316, 1.12131667137146, -0.7260000109672546), (0.5899130702018738, 1.1214836835861206, -0.8600000143051147), (0.5899130702018738, 1.1214836835861206, -0.7260000109672546), (0.5909515619277954, 1.105472445487976, -0.7099999785423279), (0.5921398401260376, 1.1056394577026367, -0.7099999785423279), (0.6066781282424927, 0.9935721158981323, -0.7099999785423279), (0.6078664064407349, 0.993739128112793, -0.7099999785423279), (0.6089048385620117, 0.9777277708053589, -0.7260000109672546), (0.6100931763648987, 0.9778947830200195, -0.7260000109672546), (0.6089048385620117, 0.9777277708053589, -0.8600000143051147), (0.6100931763648987, 0.9778947830200195, -0.8600000143051147), (0.6066781282424927, 0.9935721158981323, -0.8759999871253967), (0.6078664064407349, 0.993739128112793, -0.8759999871253967), (0.5909515619277954, 1.105472445487976, -0.8759999871253967), (0.5921398401260376, 1.1056394577026367, -0.8759999871253967)]
        int[] faceVertexCounts = [3, 3, 3, 3, 3, 3, 3, 3, 3, 3, 3, 3, 3, 3, 3, 3, 3, 3, 3, 3, 3, 3, 3, 3, 3, 3, 3, 3]
        int[] faceVertexIndices = [0, 1, 2, 2, 1, 3, 1, 4, 3, 3, 4, 5, 4, 6, 5, 5, 6, 7, 6, 8, 7, 7, 8, 9, 8, 10, 9, 9, 10, 11, 10, 12, 11, 11, 12, 13, 12, 14, 13, 13, 14, 15, 14, 0, 15, 15, 0, 2, 12, 10, 14, 14, 10, 0, 0, 8, 1, 1, 8, 4, 4, 8, 6, 10, 8, 0, 11, 13, 15, 11, 15, 2, 9, 2, 3, 9, 3, 5, 9, 5, 7, 9, 11, 2]
        float3[] extent = [(0.5887247920036316, 0.9777277708053589, -0.8759999871253967), (0.6100931763648987, 1.1214836835861206, -0.7099999785423279)]
        uniform token subdivisionScheme = "none"
        bool physics:collisionEnabled = false
        color3f[] primvars:displayColor = [(0.0235294122248888, 0.04313725605607033, 0.07450980693101883)]
    }
    def Mesh "Cell03_01"
    {
        point3f[] points = [(0.5887247920036316, 1.12131667137146, -0.6840000152587891), (0.5887247920036316, 1.12131667137146, -0.550000011920929), (0.5899130702018738, 1.1214836835861206, -0.6840000152587891), (0.5899130702018738, 1.1214836835861206, -0.550000011920929), (0.5909515619277954, 1.105472445487976, -0.5339999794960022), (0.5921398401260376, 1.1056394577026367, -0.5339999794960022), (0.6066781282424927, 0.9935721158981323, -0.5339999794960022), (0.6078664064407349, 0.993739128112793, -0.5339999794960022), (0.6100931763648987, 0.9778947830200195, -0.550000011920929), (0.6089048385620117, 0.9777277708053589, -0.550000011920929), (0.6089048385620117, 0.9777277708053589, -0.6840000152587891), (0.6100931763648987, 0.9778947830200195, -0.6840000152587891), (0.6066781282424927, 0.9935721158981323, -0.699999988079071), (0.6078664064407349, 0.993739128112793, -0.699999988079071), (0.5909515619277954, 1.105472445487976, -0.699999988079071), (0.5921398401260376, 1.1056394577026367, -0.699999988079071)]
        int[] faceVertexCounts = [3, 3, 3, 3, 3, 3, 3, 3, 3, 3, 3, 3, 3, 3, 3, 3, 3, 3, 3, 3, 3, 3, 3, 3, 3, 3, 3, 3]
        int[] faceVertexIndices = [0, 1, 2, 2, 1, 3, 1, 4, 3, 3, 4, 5, 4, 6, 5, 5, 6, 7, 6, 8, 7, 6, 9, 8, 9, 10, 8, 8, 10, 11, 10, 12, 11, 11, 12, 13, 12, 14, 13, 13, 14, 15, 14, 0, 15, 15, 0, 2, 12, 10, 14, 14, 10, 0, 0, 9, 1, 1, 9, 4, 4, 9, 6, 10, 9, 0, 11, 13, 15, 11, 15, 2, 8, 2, 3, 8, 3, 5, 8, 5, 7, 8, 11, 2]
        float3[] extent = [(0.5887247920036316, 0.9777277708053589, -0.699999988079071), (0.6100931763648987, 1.1214836835861206, -0.5339999794960022)]
        uniform token subdivisionScheme = "none"
        bool physics:collisionEnabled = false
        color3f[] primvars:displayColor = [(0.0235294122248888, 0.04313725605607033, 0.07450980693101883)]
    }
    def Mesh "Cell03_02"
    {
        point3f[] points = [(0.5887247920036316, 1.12131667137146, -0.5080000162124634), (0.5887247920036316, 1.12131667137146, -0.37400001287460327), (0.5899130702018738, 1.1214836835861206, -0.5080000162124634), (0.5899130702018738, 1.1214836835861206, -0.37400001287460327), (0.5909515619277954, 1.105472445487976, -0.3580000102519989), (0.5921398401260376, 1.1056394577026367, -0.3580000102519989), (0.6066781282424927, 0.9935721158981323, -0.3580000102519989), (0.6078664064407349, 0.993739128112793, -0.3580000102519989), (0.6089048385620117, 0.9777277708053589, -0.37400001287460327), (0.6100931763648987, 0.9778947830200195, -0.37400001287460327), (0.6089048385620117, 0.9777277708053589, -0.5080000162124634), (0.6100931763648987, 0.9778947830200195, -0.5080000162124634), (0.6078664064407349, 0.993739128112793, -0.5239999890327454), (0.6066781282424927, 0.9935721158981323, -0.5239999890327454), (0.5909515619277954, 1.105472445487976, -0.5239999890327454), (0.5921398401260376, 1.1056394577026367, -0.5239999890327454)]
        int[] faceVertexCounts = [3, 3, 3, 3, 3, 3, 3, 3, 3, 3, 3, 3, 3, 3, 3, 3, 3, 3, 3, 3, 3, 3, 3, 3, 3, 3, 3, 3]
        int[] faceVertexIndices = [0, 1, 2, 2, 1, 3, 1, 4, 3, 3, 4, 5, 4, 6, 5, 5, 6, 7, 6, 8, 7, 7, 8, 9, 8, 10, 9, 9, 10, 11, 10, 12, 11, 10, 13, 12, 13, 14, 12, 12, 14, 15, 14, 0, 15, 15, 0, 2, 14, 13, 0, 0, 10, 1, 13, 10, 0, 1, 6, 4, 10, 8, 1, 1, 8, 6, 12, 15, 2, 11, 2, 3, 11, 12, 2, 7, 3, 5, 9, 11, 3, 9, 3, 7]
        float3[] extent = [(0.5887247920036316, 0.9777277708053589, -0.5239999890327454), (0.6100931763648987, 1.1214836835861206, -0.3580000102519989)]
        uniform token subdivisionScheme = "none"
        bool physics:collisionEnabled = false
        color3f[] primvars:displayColor = [(0.0235294122248888, 0.04313725605607033, 0.07450980693101883)]
    }
    def Mesh "Cell03_03"
    {
        point3f[] points = [(0.5887247920036316, 1.12131667137146, -0.3319999873638153), (0.5887247920036316, 1.12131667137146, -0.1979999989271164), (0.5899130702018738, 1.1214836835861206, -0.3319999873638153), (0.5899130702018738, 1.1214836835861206, -0.1979999989271164), (0.5909515619277954, 1.105472445487976, -0.18199999630451202), (0.5921398401260376, 1.1056394577026367, -0.18199999630451202), (0.6066781282424927, 0.9935721158981323, -0.18199999630451202), (0.6078664064407349, 0.993739128112793, -0.18199999630451202), (0.6089048385620117, 0.9777277708053589, -0.1979999989271164), (0.6100931763648987, 0.9778947830200195, -0.1979999989271164), (0.6089048385620117, 0.9777277708053589, -0.3319999873638153), (0.6100931763648987, 0.9778947830200195, -0.3319999873638153), (0.6066781282424927, 0.9935721158981323, -0.3479999899864197), (0.6078664064407349, 0.993739128112793, -0.3479999899864197), (0.5909515619277954, 1.105472445487976, -0.3479999899864197), (0.5921398401260376, 1.1056394577026367, -0.3479999899864197)]
        int[] faceVertexCounts = [3, 3, 3, 3, 3, 3, 3, 3, 3, 3, 3, 3, 3, 3, 3, 3, 3, 3, 3, 3, 3, 3, 3, 3, 3, 3, 3, 3]
        int[] faceVertexIndices = [0, 1, 2, 2, 1, 3, 1, 4, 3, 3, 4, 5, 4, 6, 5, 5, 6, 7, 6, 8, 7, 7, 8, 9, 8, 10, 9, 9, 10, 11, 10, 12, 11, 11, 12, 13, 12, 14, 13, 13, 14, 15, 14, 0, 15, 15, 0, 2, 12, 10, 14, 14, 10, 0, 1, 6, 4, 0, 8, 1, 10, 8, 0, 1, 8, 6, 11, 13, 15, 11, 15, 2, 7, 3, 5, 9, 2, 3, 9, 11, 2, 9, 3, 7]
        float3[] extent = [(0.5887247920036316, 0.9777277708053589, -0.3479999899864197), (0.6100931763648987, 1.1214836835861206, -0.18199999630451202)]
        uniform token subdivisionScheme = "none"
        bool physics:collisionEnabled = false
        color3f[] primvars:displayColor = [(0.0235294122248888, 0.04313725605607033, 0.07450980693101883)]
    }
    def Mesh "Cell03_04"
    {
        point3f[] points = [(0.5887247920036316, 1.12131667137146, -0.15600000321865082), (0.5887247920036316, 1.12131667137146, -0.02199999988079071), (0.5899130702018738, 1.1214836835861206, -0.15600000321865082), (0.5899130702018738, 1.1214836835861206, -0.02199999988079071), (0.5909515619277954, 1.105472445487976, -0.006000000052154064), (0.5921398401260376, 1.1056394577026367, -0.006000000052154064), (0.6066781282424927, 0.9935721158981323, -0.006000000052154064), (0.6078664064407349, 0.993739128112793, -0.006000000052154064), (0.6100931763648987, 0.9778947830200195, -0.02199999988079071), (0.6089048385620117, 0.9777277708053589, -0.02199999988079071), (0.6089048385620117, 0.9777277708053589, -0.15600000321865082), (0.6100931763648987, 0.9778947830200195, -0.15600000321865082), (0.6066781282424927, 0.9935721158981323, -0.1720000058412552), (0.6078664064407349, 0.993739128112793, -0.1720000058412552), (0.5909515619277954, 1.105472445487976, -0.1720000058412552), (0.5921398401260376, 1.1056394577026367, -0.1720000058412552)]
        int[] faceVertexCounts = [3, 3, 3, 3, 3, 3, 3, 3, 3, 3, 3, 3, 3, 3, 3, 3, 3, 3, 3, 3, 3, 3, 3, 3, 3, 3, 3, 3]
        int[] faceVertexIndices = [0, 1, 2, 2, 1, 3, 1, 4, 3, 3, 4, 5, 4, 6, 5, 5, 6, 7, 6, 8, 7, 6, 9, 8, 9, 10, 8, 8, 10, 11, 10, 12, 11, 11, 12, 13, 12, 14, 13, 13, 14, 15, 14, 0, 15, 15, 0, 2, 12, 10, 14, 14, 10, 0, 0, 9, 1, 1, 9, 4, 4, 9, 6, 10, 9, 0, 11, 13, 15, 11, 15, 2, 8, 2, 3, 8, 3, 5, 8, 5, 7, 8, 11, 2]
        float3[] extent = [(0.5887247920036316, 0.9777277708053589, -0.1720000058412552), (0.6100931763648987, 1.1214836835861206, -0.006000000052154064)]
        uniform token subdivisionScheme = "none"
        bool physics:collisionEnabled = false
        color3f[] primvars:displayColor = [(0.0235294122248888, 0.04313725605607033, 0.07450980693101883)]
    }
    def Mesh "Cell03_05"
    {
        point3f[] points = [(0.5887247920036316, 1.12131667137146, 0.019999999552965164), (0.5887247920036316, 1.12131667137146, 0.15399999916553497), (0.5899130702018738, 1.1214836835861206, 0.019999999552965164), (0.5899130702018738, 1.1214836835861206, 0.15399999916553497), (0.5909515619277954, 1.105472445487976, 0.17000000178813934), (0.5921398401260376, 1.1056394577026367, 0.17000000178813934), (0.6066781282424927, 0.9935721158981323, 0.17000000178813934), (0.6078664064407349, 0.993739128112793, 0.17000000178813934), (0.6089048385620117, 0.9777277708053589, 0.15399999916553497), (0.6100931763648987, 0.9778947830200195, 0.15399999916553497), (0.6089048385620117, 0.9777277708053589, 0.019999999552965164), (0.6100931763648987, 0.9778947830200195, 0.019999999552965164), (0.6066781282424927, 0.9935721158981323, 0.004000000189989805), (0.6078664064407349, 0.993739128112793, 0.004000000189989805), (0.5909515619277954, 1.105472445487976, 0.004000000189989805), (0.5921398401260376, 1.1056394577026367, 0.004000000189989805)]
        int[] faceVertexCounts = [3, 3, 3, 3, 3, 3, 3, 3, 3, 3, 3, 3, 3, 3, 3, 3, 3, 3, 3, 3, 3, 3, 3, 3, 3, 3, 3, 3]
        int[] faceVertexIndices = [0, 1, 2, 2, 1, 3, 1, 4, 3, 3, 4, 5, 4, 6, 5, 5, 6, 7, 6, 8, 7, 7, 8, 9, 8, 10, 9, 9, 10, 11, 10, 12, 11, 11, 12, 13, 12, 14, 13, 13, 14, 15, 14, 0, 15, 15, 0, 2, 12, 10, 14, 14, 10, 0, 1, 6, 4, 0, 8, 1, 10, 8, 0, 1, 8, 6, 11, 13, 15, 11, 15, 2, 7, 3, 5, 9, 2, 3, 9, 11, 2, 9, 3, 7]
        float3[] extent = [(0.5887247920036316, 0.9777277708053589, 0.004000000189989805), (0.6100931763648987, 1.1214836835861206, 0.17000000178813934)]
        uniform token subdivisionScheme = "none"
        bool physics:collisionEnabled = false
        color3f[] primvars:displayColor = [(0.0235294122248888, 0.04313725605607033, 0.07450980693101883)]
    }
    def Mesh "Cell03_06"
    {
        point3f[] points = [(0.5887247920036316, 1.12131667137146, 0.19599999487400055), (0.5887247920036316, 1.12131667137146, 0.33000001311302185), (0.5899130702018738, 1.1214836835861206, 0.19599999487400055), (0.5899130702018738, 1.1214836835861206, 0.33000001311302185), (0.5909515619277954, 1.105472445487976, 0.34599998593330383), (0.5921398401260376, 1.1056394577026367, 0.34599998593330383), (0.6066781282424927, 0.9935721158981323, 0.34599998593330383), (0.6078664064407349, 0.993739128112793, 0.34599998593330383), (0.6089048385620117, 0.9777277708053589, 0.33000001311302185), (0.6100931763648987, 0.9778947830200195, 0.33000001311302185), (0.6089048385620117, 0.9777277708053589, 0.19599999487400055), (0.6100931763648987, 0.9778947830200195, 0.19599999487400055), (0.6066781282424927, 0.9935721158981323, 0.18000000715255737), (0.6078664064407349, 0.993739128112793, 0.18000000715255737), (0.5909515619277954, 1.105472445487976, 0.18000000715255737), (0.5921398401260376, 1.1056394577026367, 0.18000000715255737)]
        int[] faceVertexCounts = [3, 3, 3, 3, 3, 3, 3, 3, 3, 3, 3, 3, 3, 3, 3, 3, 3, 3, 3, 3, 3, 3, 3, 3, 3, 3, 3, 3]
        int[] faceVertexIndices = [0, 1, 2, 2, 1, 3, 1, 4, 3, 3, 4, 5, 4, 6, 5, 5, 6, 7, 6, 8, 7, 7, 8, 9, 8, 10, 9, 9, 10, 11, 10, 12, 11, 11, 12, 13, 12, 14, 13, 13, 14, 15, 14, 0, 15, 15, 0, 2, 12, 10, 14, 14, 10, 0, 0, 8, 1, 1, 8, 4, 4, 8, 6, 10, 8, 0, 11, 13, 15, 11, 15, 2, 7, 3, 5, 9, 2, 3, 9, 11, 2, 9, 3, 7]
        float3[] extent = [(0.5887247920036316, 0.9777277708053589, 0.18000000715255737), (0.6100931763648987, 1.1214836835861206, 0.34599998593330383)]
        uniform token subdivisionScheme = "none"
        bool physics:collisionEnabled = false
        color3f[] primvars:displayColor = [(0.0235294122248888, 0.04313725605607033, 0.07450980693101883)]
    }
    def Mesh "Cell03_07"
    {
        point3f[] points = [(0.5887247920036316, 1.12131667137146, 0.3720000088214874), (0.5887247920036316, 1.12131667137146, 0.5059999823570251), (0.5899130702018738, 1.1214836835861206, 0.3720000088214874), (0.5899130702018738, 1.1214836835861206, 0.5059999823570251), (0.5909515619277954, 1.105472445487976, 0.5220000147819519), (0.5921398401260376, 1.1056394577026367, 0.5220000147819519), (0.6066781282424927, 0.9935721158981323, 0.5220000147819519), (0.6078664064407349, 0.993739128112793, 0.5220000147819519), (0.6100931763648987, 0.9778947830200195, 0.5059999823570251), (0.6089048385620117, 0.9777277708053589, 0.5059999823570251), (0.6089048385620117, 0.9777277708053589, 0.3720000088214874), (0.6100931763648987, 0.9778947830200195, 0.3720000088214874), (0.6066781282424927, 0.9935721158981323, 0.35600000619888306), (0.6078664064407349, 0.993739128112793, 0.35600000619888306), (0.5909515619277954, 1.105472445487976, 0.35600000619888306), (0.5921398401260376, 1.1056394577026367, 0.35600000619888306)]
        int[] faceVertexCounts = [3, 3, 3, 3, 3, 3, 3, 3, 3, 3, 3, 3, 3, 3, 3, 3, 3, 3, 3, 3, 3, 3, 3, 3, 3, 3, 3, 3]
        int[] faceVertexIndices = [0, 1, 2, 2, 1, 3, 1, 4, 3, 3, 4, 5, 4, 6, 5, 5, 6, 7, 6, 8, 7, 6, 9, 8, 9, 10, 8, 8, 10, 11, 10, 12, 11, 11, 12, 13, 12, 14, 13, 13, 14, 15, 14, 0, 15, 15, 0, 2, 12, 10, 14, 14, 10, 0, 1, 6, 4, 0, 9, 1, 10, 9, 0, 1, 9, 6, 11, 13, 15, 11, 15, 2, 7, 3, 5, 8, 2, 3, 8, 11, 2, 8, 3, 7]
        float3[] extent = [(0.5887247920036316, 0.9777277708053589, 0.35600000619888306), (0.6100931763648987, 1.1214836835861206, 0.5220000147819519)]
        uniform token subdivisionScheme = "none"
        bool physics:collisionEnabled = false
        color3f[] primvars:displayColor = [(0.0235294122248888, 0.04313725605607033, 0.07450980693101883)]
    }
    def Mesh "Cell03_08"
    {
        point3f[] points = [(0.5887247920036316, 1.12131667137146, 0.5479999780654907), (0.5887247920036316, 1.12131667137146, 0.6819999814033508), (0.5899130702018738, 1.1214836835861206, 0.5479999780654907), (0.5899130702018738, 1.1214836835861206, 0.6819999814033508), (0.5909515619277954, 1.105472445487976, 0.6980000138282776), (0.5921398401260376, 1.1056394577026367, 0.6980000138282776), (0.6066781282424927, 0.9935721158981323, 0.6980000138282776), (0.6078664064407349, 0.993739128112793, 0.6980000138282776), (0.6089048385620117, 0.9777277708053589, 0.6819999814033508), (0.6100931763648987, 0.9778947830200195, 0.6819999814033508), (0.6089048385620117, 0.9777277708053589, 0.5479999780654907), (0.6100931763648987, 0.9778947830200195, 0.5479999780654907), (0.6066781282424927, 0.9935721158981323, 0.5320000052452087), (0.6078664064407349, 0.993739128112793, 0.5320000052452087), (0.5909515619277954, 1.105472445487976, 0.5320000052452087), (0.5921398401260376, 1.1056394577026367, 0.5320000052452087)]
        int[] faceVertexCounts = [3, 3, 3, 3, 3, 3, 3, 3, 3, 3, 3, 3, 3, 3, 3, 3, 3, 3, 3, 3, 3, 3, 3, 3, 3, 3, 3, 3]
        int[] faceVertexIndices = [0, 1, 2, 2, 1, 3, 1, 4, 3, 3, 4, 5, 4, 6, 5, 5, 6, 7, 6, 8, 7, 7, 8, 9, 8, 10, 9, 9, 10, 11, 10, 12, 11, 11, 12, 13, 12, 14, 13, 13, 14, 15, 14, 0, 15, 15, 0, 2, 12, 10, 14, 14, 10, 0, 1, 6, 4, 0, 8, 1, 10, 8, 0, 1, 8, 6, 11, 13, 15, 11, 15, 2, 7, 3, 5, 9, 2, 3, 9, 11, 2, 9, 3, 7]
        float3[] extent = [(0.5887247920036316, 0.9777277708053589, 0.5320000052452087), (0.6100931763648987, 1.1214836835861206, 0.6980000138282776)]
        uniform token subdivisionScheme = "none"
        bool physics:collisionEnabled = false
        color3f[] primvars:displayColor = [(0.0235294122248888, 0.04313725605607033, 0.07450980693101883)]
    }
    def Mesh "Cell03_09"
    {
        point3f[] points = [(0.5887247920036316, 1.12131667137146, 0.7239999771118164), (0.5887247920036316, 1.12131667137146, 0.8579999804496765), (0.5899130702018738, 1.1214836835861206, 0.7239999771118164), (0.5899130702018738, 1.1214836835861206, 0.8579999804496765), (0.5909515619277954, 1.105472445487976, 0.8740000128746033), (0.5921398401260376, 1.1056394577026367, 0.8740000128746033), (0.6066781282424927, 0.9935721158981323, 0.8740000128746033), (0.6078664064407349, 0.993739128112793, 0.8740000128746033), (0.6089048385620117, 0.9777277708053589, 0.8579999804496765), (0.6100931763648987, 0.9778947830200195, 0.8579999804496765), (0.6089048385620117, 0.9777277708053589, 0.7239999771118164), (0.6100931763648987, 0.9778947830200195, 0.7239999771118164), (0.6066781282424927, 0.9935721158981323, 0.7080000042915344), (0.6078664064407349, 0.993739128112793, 0.7080000042915344), (0.5909515619277954, 1.105472445487976, 0.7080000042915344), (0.5921398401260376, 1.1056394577026367, 0.7080000042915344)]
        int[] faceVertexCounts = [3, 3, 3, 3, 3, 3, 3, 3, 3, 3, 3, 3, 3, 3, 3, 3, 3, 3, 3, 3, 3, 3, 3, 3, 3, 3, 3, 3]
        int[] faceVertexIndices = [0, 1, 2, 2, 1, 3, 1, 4, 3, 3, 4, 5, 4, 6, 5, 5, 6, 7, 6, 8, 7, 7, 8, 9, 8, 10, 9, 9, 10, 11, 10, 12, 11, 11, 12, 13, 12, 14, 13, 13, 14, 15, 14, 0, 15, 15, 0, 2, 12, 10, 14, 14, 10, 0, 0, 8, 1, 1, 8, 4, 4, 8, 6, 10, 8, 0, 11, 13, 15, 11, 15, 2, 9, 2, 3, 9, 3, 5, 9, 5, 7, 9, 11, 2]
        float3[] extent = [(0.5887247920036316, 0.9777277708053589, 0.7080000042915344), (0.6100931763648987, 1.1214836835861206, 0.8740000128746033)]
        uniform token subdivisionScheme = "none"
        bool physics:collisionEnabled = false
        color3f[] primvars:displayColor = [(0.0235294122248888, 0.04313725605607033, 0.07450980693101883)]
    }
    def Mesh "Cell04_00"
    {
        point3f[] points = [(0.610992431640625, 0.9628737568855286, -0.8600000143051147), (0.610992431640625, 0.9628737568855286, -0.7260000109672546), (0.612180769443512, 0.9630407691001892, -0.8600000143051147), (0.612180769443512, 0.9630407691001892, -0.7260000109672546), (0.6132192611694336, 0.9470295310020447, -0.7099999785423279), (0.6144075393676758, 0.9471965432167053, -0.7099999785423279), (0.6289458274841309, 0.8351291418075562, -0.7099999785423279), (0.630134105682373, 0.8352962732315063, -0.7099999785423279), (0.6323608756065369, 0.8194519281387329, -0.7260000109672546), (0.6311725378036499, 0.8192849159240723, -0.7260000109672546), (0.6311725378036499, 0.8192849159240723, -0.8600000143051147), (0.6323608756065369, 0.8194519281387329, -0.8600000143051147), (0.6289458274841309, 0.8351291418075562, -0.8759999871253967), (0.630134105682373, 0.8352962732315063, -0.8759999871253967), (0.6132192611694336, 0.9470295310020447, -0.8759999871253967), (0.6144075393676758, 0.9471965432167053, -0.8759999871253967)]
        int[] faceVertexCounts = [3, 3, 3, 3, 3, 3, 3, 3, 3, 3, 3, 3, 3, 3, 3, 3, 3, 3, 3, 3, 3, 3, 3, 3, 3, 3, 3, 3]
        int[] faceVertexIndices = [0, 1, 2, 2, 1, 3, 1, 4, 3, 3, 4, 5, 4, 6, 5, 5, 6, 7, 6, 8, 7, 6, 9, 8, 9, 10, 8, 8, 10, 11, 10, 12, 11, 11, 12, 13, 12, 14, 13, 13, 14, 15, 14, 0, 15, 15, 0, 2, 0, 10, 1, 12, 10, 14, 14, 10, 0, 1, 9, 4, 4, 9, 6, 10, 9, 1, 11, 13, 15, 11, 15, 2, 8, 2, 3, 8, 3, 5, 8, 5, 7, 8, 11, 2]
        float3[] extent = [(0.610992431640625, 0.8192849159240723, -0.8759999871253967), (0.6323608756065369, 0.9630407691001892, -0.7099999785423279)]
        uniform token subdivisionScheme = "none"
        bool physics:collisionEnabled = false
        color3f[] primvars:displayColor = [(0.0235294122248888, 0.04313725605607033, 0.07450980693101883)]
    }
    def Mesh "Cell04_01"
    {
        point3f[] points = [(0.610992431640625, 0.9628737568855286, -0.6840000152587891), (0.610992431640625, 0.9628737568855286, -0.550000011920929), (0.612180769443512, 0.9630407691001892, -0.6840000152587891), (0.612180769443512, 0.9630407691001892, -0.550000011920929), (0.6132192611694336, 0.9470295310020447, -0.5339999794960022), (0.6144075393676758, 0.9471965432167053, -0.5339999794960022), (0.6289458274841309, 0.8351291418075562, -0.5339999794960022), (0.630134105682373, 0.8352962732315063, -0.5339999794960022), (0.6311725378036499, 0.8192849159240723, -0.550000011920929), (0.6323608756065369, 0.8194519281387329, -0.550000011920929), (0.6311725378036499, 0.8192849159240723, -0.6840000152587891), (0.6323608756065369, 0.8194519281387329, -0.6840000152587891), (0.6289458274841309, 0.8351291418075562, -0.699999988079071), (0.630134105682373, 0.8352962732315063, -0.699999988079071), (0.6132192611694336, 0.9470295310020447, -0.699999988079071), (0.6144075393676758, 0.9471965432167053, -0.699999988079071)]
        int[] faceVertexCounts = [3, 3, 3, 3, 3, 3, 3, 3, 3, 3, 3, 3, 3, 3, 3, 3, 3, 3, 3, 3, 3, 3, 3, 3, 3, 3, 3, 3]
        int[] faceVertexIndices = [0, 1, 2, 2, 1, 3, 1, 4, 3, 3, 4, 5, 4, 6, 5, 5, 6, 7, 6, 8, 7, 7, 8, 9, 8, 10, 9, 9, 10, 11, 10, 12, 11, 11, 12, 13, 12, 14, 13, 13, 14, 15, 14, 0, 15, 15, 0, 2, 12, 10, 14, 14, 10, 0, 0, 8, 1, 1, 8, 4, 4, 8, 6, 10, 8, 0, 11, 13, 15, 11, 15, 2, 9, 2, 3, 9, 3, 5, 9, 5, 7, 9, 11, 2]
        float3[] extent = [(0.610992431640625, 0.8192849159240723, -0.699999988079071), (0.6323608756065369, 0.9630407691001892, -0.5339999794960022)]
        uniform token subdivisionScheme = "none"
        bool physics:collisionEnabled = false
        color3f[] primvars:displayColor = [(0.0235294122248888, 0.04313725605607033, 0.07450980693101883)]
    }
    def Mesh "Cell04_02"
    {
        point3f[] points = [(0.610992431640625, 0.9628737568855286, -0.5080000162124634), (0.610992431640625, 0.9628737568855286, -0.37400001287460327), (0.612180769443512, 0.9630407691001892, -0.5080000162124634), (0.612180769443512, 0.9630407691001892, -0.37400001287460327), (0.6132192611694336, 0.9470295310020447, -0.3580000102519989), (0.6144075393676758, 0.9471965432167053, -0.3580000102519989), (0.6289458274841309, 0.8351291418075562, -0.3580000102519989), (0.630134105682373, 0.8352962732315063, -0.3580000102519989), (0.6311725378036499, 0.8192849159240723, -0.37400001287460327), (0.6323608756065369, 0.8194519281387329, -0.37400001287460327), (0.6311725378036499, 0.8192849159240723, -0.5080000162124634), (0.6323608756065369, 0.8194519281387329, -0.5080000162124634), (0.630134105682373, 0.8352962732315063, -0.5239999890327454), (0.6289458274841309, 0.8351291418075562, -0.5239999890327454), (0.6132192611694336, 0.9470295310020447, -0.5239999890327454), (0.6144075393676758, 0.9471965432167053, -0.5239999890327454)]
        int[] faceVertexCounts = [3, 3, 3, 3, 3, 3, 3, 3, 3, 3, 3, 3, 3, 3, 3, 3, 3, 3, 3, 3, 3, 3, 3, 3, 3, 3, 3, 3]
        int[] faceVertexIndices = [0, 1, 2, 2, 1, 3, 1, 4, 3, 3, 4, 5, 4, 6, 5, 5, 6, 7, 6, 8, 7, 7, 8, 9, 8, 10, 9, 9, 10, 11, 10, 12, 11, 10, 13, 12, 13, 14, 12, 12, 14, 15, 14, 0, 15, 15, 0, 2, 13, 10, 14, 14, 10, 0, 0, 8, 1, 1, 8, 4, 4, 8, 6, 10, 8, 0, 11, 12, 15, 11, 15, 2, 9, 2, 3, 9, 3, 5, 9, 5, 7, 9, 11, 2]
        float3[] extent = [(0.610992431640625, 0.8192849159240723, -0.5239999890327454), (0.6323608756065369, 0.9630407691001892, -0.3580000102519989)]
        uniform token subdivisionScheme = "none"
        bool physics:collisionEnabled = false
        color3f[] primvars:displayColor = [(0.0235294122248888, 0.04313725605607033, 0.07450980693101883)]
    }
    def Mesh "Cell04_03"
    {
        point3f[] points = [(0.610992431640625, 0.9628737568855286, -0.3319999873638153), (0.610992431640625, 0.9628737568855286, -0.1979999989271164), (0.612180769443512, 0.9630407691001892, -0.3319999873638153), (0.612180769443512, 0.9630407691001892, -0.1979999989271164), (0.6144075393676758, 0.9471965432167053, -0.18199999630451202), (0.6132192611694336, 0.9470295310020447, -0.18199999630451202), (0.6289458274841309, 0.8351291418075562, -0.18199999630451202), (0.630134105682373, 0.8352962732315063, -0.18199999630451202), (0.6311725378036499, 0.8192849159240723, -0.1979999989271164), (0.6323608756065369, 0.8194519281387329, -0.1979999989271164), (0.6311725378036499, 0.8192849159240723, -0.3319999873638153), (0.6323608756065369, 0.8194519281387329, -0.3319999873638153), (0.6289458274841309, 0.8351291418075562, -0.3479999899864197), (0.630134105682373, 0.8352962732315063, -0.3479999899864197), (0.6132192611694336, 0.9470295310020447, -0.3479999899864197), (0.6144075393676758, 0.9471965432167053, -0.3479999899864197)]
        int[] faceVertexCounts = [3, 3, 3, 3, 3, 3, 3, 3, 3, 3, 3, 3, 3, 3, 3, 3, 3, 3, 3, 3, 3, 3, 3, 3, 3, 3, 3, 3]
        int[] faceVertexIndices = [0, 1, 2, 2, 1, 3, 1, 4, 3, 1, 5, 4, 5, 6, 4, 4, 6, 7, 6, 8, 7, 7, 8, 9, 8, 10, 9, 9, 10, 11, 10, 12, 11, 11, 12, 13, 12, 14, 13, 13, 14, 15, 14, 0, 15, 15, 0, 2, 0, 10, 1, 12, 10, 14, 14, 10, 0, 1, 8, 5, 5, 8, 6, 10, 8, 1, 11, 13, 15, 11, 15, 2, 9, 2, 3, 9, 3, 4, 9, 4, 7, 9, 11, 2]
        float3[] extent = [(0.610992431640625, 0.8192849159240723, -0.3479999899864197), (0.6323608756065369, 0.9630407691001892, -0.18199999630451202)]
        uniform token subdivisionScheme = "none"
        bool physics:collisionEnabled = false
        color3f[] primvars:displayColor = [(0.0235294122248888, 0.04313725605607033, 0.07450980693101883)]
    }
    def Mesh "Cell04_04"
    {
        point3f[] points = [(0.610992431640625, 0.9628737568855286, -0.15600000321865082), (0.610992431640625, 0.9628737568855286, -0.02199999988079071), (0.612180769443512, 0.9630407691001892, -0.15600000321865082), (0.612180769443512, 0.9630407691001892, -0.02199999988079071), (0.6132192611694336, 0.9470295310020447, -0.006000000052154064), (0.6144075393676758, 0.9471965432167053, -0.006000000052154064), (0.6289458274841309, 0.8351291418075562, -0.006000000052154064), (0.630134105682373, 0.8352962732315063, -0.006000000052154064), (0.6311725378036499, 0.8192849159240723, -0.02199999988079071), (0.6323608756065369, 0.8194519281387329, -0.02199999988079071), (0.6311725378036499, 0.8192849159240723, -0.15600000321865082), (0.6323608756065369, 0.8194519281387329, -0.15600000321865082), (0.6289458274841309, 0.8351291418075562, -0.1720000058412552), (0.630134105682373, 0.8352962732315063, -0.1720000058412552), (0.6132192611694336, 0.9470295310020447, -0.1720000058412552), (0.6144075393676758, 0.9471965432167053, -0.1720000058412552)]
        int[] faceVertexCounts = [3, 3, 3, 3, 3, 3, 3, 3, 3, 3, 3, 3, 3, 3, 3, 3, 3, 3, 3, 3, 3, 3, 3, 3, 3, 3, 3, 3]
        int[] faceVertexIndices = [0, 1, 2, 2, 1, 3, 1, 4, 3, 3, 4, 5, 4, 6, 5, 5, 6, 7, 6, 8, 7, 7, 8, 9, 8, 10, 9, 9, 10, 11, 10, 12, 11, 11, 12, 13, 12, 14, 13, 13, 14, 15, 14, 0, 15, 15, 0, 2, 12, 10, 14, 14, 10, 0, 1, 6, 4, 0, 8, 1, 10, 8, 0, 1, 8, 6, 11, 13, 15, 11, 15, 2, 9, 2, 3, 9, 3, 5, 9, 5, 7, 9, 11, 2]
        float3[] extent = [(0.610992431640625, 0.8192849159240723, -0.1720000058412552), (0.6323608756065369, 0.9630407691001892, -0.006000000052154064)]
        uniform token subdivisionScheme = "none"
        bool physics:collisionEnabled = false
        color3f[] primvars:displayColor = [(0.0235294122248888, 0.04313725605607033, 0.07450980693101883)]
    }
    def Mesh "Cell04_05"
    {
        point3f[] points = [(0.610992431640625, 0.9628737568855286, 0.019999999552965164), (0.610992431640625, 0.9628737568855286, 0.15399999916553497), (0.612180769443512, 0.9630407691001892, 0.019999999552965164), (0.612180769443512, 0.9630407691001892, 0.15399999916553497), (0.6132192611694336, 0.9470295310020447, 0.17000000178813934), (0.6144075393676758, 0.9471965432167053, 0.17000000178813934), (0.6289458274841309, 0.8351291418075562, 0.17000000178813934), (0.630134105682373, 0.8352962732315063, 0.17000000178813934), (0.6311725378036499, 0.8192849159240723, 0.15399999916553497), (0.6323608756065369, 0.8194519281387329, 0.15399999916553497), (0.6311725378036499, 0.8192849159240723, 0.019999999552965164), (0.6323608756065369, 0.8194519281387329, 0.019999999552965164), (0.6289458274841309, 0.8351291418075562, 0.004000000189989805), (0.630134105682373, 0.8352962732315063, 0.004000000189989805), (0.6132192611694336, 0.9470295310020447, 0.004000000189989805), (0.6144075393676758, 0.9471965432167053, 0.004000000189989805)]
        int[] faceVertexCounts = [3, 3, 3, 3, 3, 3, 3, 3, 3, 3, 3, 3, 3, 3, 3, 3, 3, 3, 3, 3, 3, 3, 3, 3, 3, 3, 3, 3]
        int[] faceVertexIndices = [0, 1, 2, 2, 1, 3, 1, 4, 3, 3, 4, 5, 4, 6, 5, 5, 6, 7, 6, 8, 7, 7, 8, 9, 8, 10, 9, 9, 10, 11, 10, 12, 11, 11, 12, 13, 12, 14, 13, 13, 14, 15, 14, 0, 15, 15, 0, 2, 12, 10, 14, 14, 10, 0, 1, 6, 4, 0, 8, 1, 10, 8, 0, 1, 8, 6, 11, 13, 15, 11, 15, 2, 9, 2, 3, 9, 3, 5, 9, 5, 7, 9, 11, 2]
        float3[] extent = [(0.610992431640625, 0.8192849159240723, 0.004000000189989805), (0.6323608756065369, 0.9630407691001892, 0.17000000178813934)]
        uniform token subdivisionScheme = "none"
        bool physics:collisionEnabled = false
        color3f[] primvars:displayColor = [(0.0235294122248888, 0.04313725605607033, 0.07450980693101883)]
    }
    def Mesh "Cell04_06"
    {
        point3f[] points = [(0.610992431640625, 0.9628737568855286, 0.19599999487400055), (0.610992431640625, 0.9628737568855286, 0.33000001311302185), (0.612180769443512, 0.9630407691001892, 0.19599999487400055), (0.612180769443512, 0.9630407691001892, 0.33000001311302185), (0.6132192611694336, 0.9470295310020447, 0.34599998593330383), (0.6144075393676758, 0.9471965432167053, 0.34599998593330383), (0.6289458274841309, 0.8351291418075562, 0.34599998593330383), (0.630134105682373, 0.8352962732315063, 0.34599998593330383), (0.6323608756065369, 0.8194519281387329, 0.33000001311302185), (0.6311725378036499, 0.8192849159240723, 0.33000001311302185), (0.6311725378036499, 0.8192849159240723, 0.19599999487400055), (0.6323608756065369, 0.8194519281387329, 0.19599999487400055), (0.6289458274841309, 0.8351291418075562, 0.18000000715255737), (0.630134105682373, 0.8352962732315063, 0.18000000715255737), (0.6132192611694336, 0.9470295310020447, 0.18000000715255737), (0.6144075393676758, 0.9471965432167053, 0.18000000715255737)]
        int[] faceVertexCounts = [3, 3, 3, 3, 3, 3, 3, 3, 3, 3, 3, 3, 3, 3, 3, 3, 3, 3, 3, 3, 3, 3, 3, 3, 3, 3, 3, 3]
        int[] faceVertexIndices = [0, 1, 2, 2, 1, 3, 1, 4, 3, 3, 4, 5, 4, 6, 5, 5, 6, 7, 6, 8, 7, 6, 9, 8, 9, 10, 8, 8, 10, 11, 10, 12, 11, 11, 12, 13, 12, 14, 13, 13, 14, 15, 14, 0, 15, 15, 0, 2, 12, 10, 14, 14, 10, 0, 0, 9, 1, 1, 9, 4, 4, 9, 6, 10, 9, 0, 11, 13, 15, 11, 15, 2, 8, 2, 3, 8, 3, 5, 8, 5, 7, 8, 11, 2]
        float3[] extent = [(0.610992431640625, 0.8192849159240723, 0.18000000715255737), (0.6323608756065369, 0.9630407691001892, 0.34599998593330383)]
        uniform token subdivisionScheme = "none"
        bool physics:collisionEnabled = false
        color3f[] primvars:displayColor = [(0.0235294122248888, 0.04313725605607033, 0.07450980693101883)]
    }
    def Mesh "Cell04_07"
    {
        point3f[] points = [(0.610992431640625, 0.9628737568855286, 0.3720000088214874), (0.610992431640625, 0.9628737568855286, 0.5059999823570251), (0.612180769443512, 0.9630407691001892, 0.3720000088214874), (0.612180769443512, 0.9630407691001892, 0.5059999823570251), (0.6132192611694336, 0.9470295310020447, 0.5220000147819519), (0.6144075393676758, 0.9471965432167053, 0.5220000147819519), (0.6289458274841309, 0.8351291418075562, 0.5220000147819519), (0.630134105682373, 0.8352962732315063, 0.5220000147819519), (0.6311725378036499, 0.8192849159240723, 0.5059999823570251), (0.6323608756065369, 0.8194519281387329, 0.5059999823570251), (0.6311725378036499, 0.8192849159240723, 0.3720000088214874), (0.6323608756065369, 0.8194519281387329, 0.3720000088214874), (0.6289458274841309, 0.8351291418075562, 0.35600000619888306), (0.630134105682373, 0.8352962732315063, 0.35600000619888306), (0.6132192611694336, 0.9470295310020447, 0.35600000619888306), (0.6144075393676758, 0.9471965432167053, 0.35600000619888306)]
        int[] faceVertexCounts = [3, 3, 3, 3, 3, 3, 3, 3, 3, 3, 3, 3, 3, 3, 3, 3, 3, 3, 3, 3, 3, 3, 3, 3, 3, 3, 3, 3]
        int[] faceVertexIndices = [0, 1, 2, 2, 1, 3, 1, 4, 3, 3, 4, 5, 4, 6, 5, 5, 6, 7, 6, 8, 7, 7, 8, 9, 8, 10, 9, 9, 10, 11, 10, 12, 11, 11, 12, 13, 12, 14, 13, 13, 14, 15, 14, 0, 15, 15, 0, 2, 14, 12, 0, 12, 10, 0, 0, 8, 1, 1, 8, 4, 4, 8, 6, 10, 8, 0, 13, 15, 2, 11, 2, 3, 11, 13, 2, 7, 3, 5, 9, 11, 3, 9, 3, 7]
        float3[] extent = [(0.610992431640625, 0.8192849159240723, 0.35600000619888306), (0.6323608756065369, 0.9630407691001892, 0.5220000147819519)]
        uniform token subdivisionScheme = "none"
        bool physics:collisionEnabled = false
        color3f[] primvars:displayColor = [(0.0235294122248888, 0.04313725605607033, 0.07450980693101883)]
    }
    def Mesh "Cell04_08"
    {
        point3f[] points = [(0.610992431640625, 0.9628737568855286, 0.5479999780654907), (0.610992431640625, 0.9628737568855286, 0.6819999814033508), (0.612180769443512, 0.9630407691001892, 0.5479999780654907), (0.612180769443512, 0.9630407691001892, 0.6819999814033508), (0.6132192611694336, 0.9470295310020447, 0.6980000138282776), (0.6144075393676758, 0.9471965432167053, 0.6980000138282776), (0.6289458274841309, 0.8351291418075562, 0.6980000138282776), (0.630134105682373, 0.8352962732315063, 0.6980000138282776), (0.6311725378036499, 0.8192849159240723, 0.6819999814033508), (0.6323608756065369, 0.8194519281387329, 0.6819999814033508), (0.6311725378036499, 0.8192849159240723, 0.5479999780654907), (0.6323608756065369, 0.8194519281387329, 0.5479999780654907), (0.6289458274841309, 0.8351291418075562, 0.5320000052452087), (0.630134105682373, 0.8352962732315063, 0.5320000052452087), (0.6132192611694336, 0.9470295310020447, 0.5320000052452087), (0.6144075393676758, 0.9471965432167053, 0.5320000052452087)]
        int[] faceVertexCounts = [3, 3, 3, 3, 3, 3, 3, 3, 3, 3, 3, 3, 3, 3, 3, 3, 3, 3, 3, 3, 3, 3, 3, 3, 3, 3, 3, 3]
        int[] faceVertexIndices = [0, 1, 2, 2, 1, 3, 1, 4, 3, 3, 4, 5, 4, 6, 5, 5, 6, 7, 6, 8, 7, 7, 8, 9, 8, 10, 9, 9, 10, 11, 10, 12, 11, 11, 12, 13, 12, 14, 13, 13, 14, 15, 14, 0, 15, 15, 0, 2, 12, 10, 14, 14, 10, 0, 1, 6, 4, 0, 8, 1, 10, 8, 0, 1, 8, 6, 11, 13, 15, 11, 15, 2, 7, 3, 5, 9, 2, 3, 9, 11, 2, 9, 3, 7]
        float3[] extent = [(0.610992431640625, 0.8192849159240723, 0.5320000052452087), (0.6323608756065369, 0.9630407691001892, 0.6980000138282776)]
        uniform token subdivisionScheme = "none"
        bool physics:collisionEnabled = false
        color3f[] primvars:displayColor = [(0.0235294122248888, 0.04313725605607033, 0.07450980693101883)]
    }
    def Mesh "Cell04_09"
    {
        point3f[] points = [(0.610992431640625, 0.9628737568855286, 0.7239999771118164), (0.610992431640625, 0.9628737568855286, 0.8579999804496765), (0.612180769443512, 0.9630407691001892, 0.7239999771118164), (0.612180769443512, 0.9630407691001892, 0.8579999804496765), (0.6132192611694336, 0.9470295310020447, 0.8740000128746033), (0.6144075393676758, 0.9471965432167053, 0.8740000128746033), (0.6289458274841309, 0.8351291418075562, 0.8740000128746033), (0.630134105682373, 0.8352962732315063, 0.8740000128746033), (0.6311725378036499, 0.8192849159240723, 0.8579999804496765), (0.6323608756065369, 0.8194519281387329, 0.8579999804496765), (0.6311725378036499, 0.8192849159240723, 0.7239999771118164), (0.6323608756065369, 0.8194519281387329, 0.7239999771118164), (0.6289458274841309, 0.8351291418075562, 0.7080000042915344), (0.630134105682373, 0.8352962732315063, 0.7080000042915344), (0.6132192611694336, 0.9470295310020447, 0.7080000042915344), (0.6144075393676758, 0.9471965432167053, 0.7080000042915344)]
        int[] faceVertexCounts = [3, 3, 3, 3, 3, 3, 3, 3, 3, 3, 3, 3, 3, 3, 3, 3, 3, 3, 3, 3, 3, 3, 3, 3, 3, 3, 3, 3]
        int[] faceVertexIndices = [0, 1, 2, 2, 1, 3, 1, 4, 3, 3, 4, 5, 4, 6, 5, 5, 6, 7, 6, 8, 7, 7, 8, 9, 8, 10, 9, 9, 10, 11, 10, 12, 11, 11, 12, 13, 12, 14, 13, 13, 14, 15, 14, 0, 15, 15, 0, 2, 0, 10, 1, 12, 10, 14, 14, 10, 0, 1, 8, 4, 4, 8, 6, 10, 8, 1, 11, 13, 15, 11, 15, 2, 9, 2, 3, 9, 3, 5, 9, 5, 7, 9, 11, 2]
        float3[] extent = [(0.610992431640625, 0.8192849159240723, 0.7080000042915344), (0.6323608756065369, 0.9630407691001892, 0.8740000128746033)]
        uniform token subdivisionScheme = "none"
        bool physics:collisionEnabled = false
        color3f[] primvars:displayColor = [(0.0235294122248888, 0.04313725605607033, 0.07450980693101883)]
    }
    def Mesh "Cell05_00"
    {
        point3f[] points = [(0.6332601308822632, 0.8044309020042419, -0.8600000143051147), (0.6332601308822632, 0.8044309020042419, -0.7260000109672546), (0.6344484686851501, 0.8045979142189026, -0.8600000143051147), (0.6344484686851501, 0.8045979142189026, -0.7260000109672546), (0.6354869604110718, 0.7885866761207581, -0.7099999785423279), (0.636675238609314, 0.7887536883354187, -0.7099999785423279), (0.651213526725769, 0.6766862869262695, -0.7099999785423279), (0.6524018049240112, 0.6768532991409302, -0.7099999785423279), (0.6534402370452881, 0.6608420610427856, -0.7260000109672546), (0.654628574848175, 0.6610090136528015, -0.7260000109672546), (0.6534402370452881, 0.6608420610427856, -0.8600000143051147), (0.654628574848175, 0.6610090136528015, -0.8600000143051147), (0.651213526725769, 0.6766862869262695, -0.8759999871253967), (0.6524018049240112, 0.6768532991409302, -0.8759999871253967), (0.6354869604110718, 0.7885866761207581, -0.8759999871253967), (0.636675238609314, 0.7887536883354187, -0.8759999871253967)]
        int[] faceVertexCounts = [3, 3, 3, 3, 3, 3, 3, 3, 3, 3, 3, 3, 3, 3, 3, 3, 3, 3, 3, 3, 3, 3, 3, 3, 3, 3, 3, 3]
        int[] faceVertexIndices = [0, 1, 2, 2, 1, 3, 1, 4, 3, 3, 4, 5, 4, 6, 5, 5, 6, 7, 6, 8, 7, 7, 8, 9, 8, 10, 9, 9, 10, 11, 10, 12, 11, 11, 12, 13, 12, 14, 13, 13, 14, 15, 14, 0, 15, 15, 0, 2, 12, 10, 14, 14, 10, 0, 0, 8, 1, 1, 8, 4, 4, 8, 6, 10, 8, 0, 11, 13, 15, 11, 15, 2, 9, 2, 3, 9, 3, 5, 9, 5, 7, 9, 11, 2]
        float3[] extent = [(0.6332601308822632, 0.6608420610427856, -0.8759999871253967), (0.654628574848175, 0.8045979142189026, -0.7099999785423279)]
        uniform token subdivisionScheme = "none"
        bool physics:collisionEnabled = false
        color3f[] primvars:displayColor = [(0.0235294122248888, 0.04313725605607033, 0.07450980693101883)]
    }
    def Mesh "Cell05_01"
    {
        point3f[] points = [(0.6332601308822632, 0.8044309020042419, -0.6840000152587891), (0.6332601308822632, 0.8044309020042419, -0.550000011920929), (0.6344484686851501, 0.8045979142189026, -0.6840000152587891), (0.6344484686851501, 0.8045979142189026, -0.550000011920929), (0.6354869604110718, 0.7885866761207581, -0.5339999794960022), (0.636675238609314, 0.7887536883354187, -0.5339999794960022), (0.651213526725769, 0.6766862869262695, -0.5339999794960022), (0.6524018049240112, 0.6768532991409302, -0.5339999794960022), (0.6534402370452881, 0.6608420610427856, -0.550000011920929), (0.654628574848175, 0.6610090136528015, -0.550000011920929), (0.6534402370452881, 0.6608420610427856, -0.6840000152587891), (0.654628574848175, 0.6610090136528015, -0.6840000152587891), (0.651213526725769, 0.6766862869262695, -0.699999988079071), (0.6524018049240112, 0.6768532991409302, -0.699999988079071), (0.636675238609314, 0.7887536883354187, -0.699999988079071), (0.6354869604110718, 0.7885866761207581, -0.699999988079071)]
        int[] faceVertexCounts = [3, 3, 3, 3, 3, 3, 3, 3, 3, 3, 3, 3, 3, 3, 3, 3, 3, 3, 3, 3, 3, 3, 3, 3, 3, 3, 3, 3]
        int[] faceVertexIndices = [0, 1, 2, 2, 1, 3, 1, 4, 3, 3, 4, 5, 4, 6, 5, 5, 6, 7, 6, 8, 7, 7, 8, 9, 8, 10, 9, 9, 10, 11, 10, 12, 11, 11, 12, 13, 12, 14, 13, 12, 15, 14, 15, 2, 14, 15, 0, 2, 12, 10, 15, 15, 10, 0, 0, 8, 1, 1, 8, 4, 4, 8, 6, 10, 8, 0, 11, 13, 14, 11, 14, 2, 7, 3, 5, 9, 2, 3, 9, 11, 2, 9, 3, 7]
        float3[] extent = [(0.6332601308822632, 0.6608420610427856, -0.699999988079071), (0.654628574848175, 0.8045979142189026, -0.5339999794960022)]
        uniform token subdivisionScheme = "none"
        bool physics:collisionEnabled = false
        color3f[] primvars:displayColor = [(0.0235294122248888, 0.04313725605607033, 0.07450980693101883)]
    }
    def Mesh "Cell05_02"
    {
        point3f[] points = [(0.6332601308822632, 0.8044309020042419, -0.5080000162124634), (0.6332601308822632, 0.8044309020042419, -0.37400001287460327), (0.6344484686851501, 0.8045979142189026, -0.5080000162124634), (0.6344484686851501, 0.8045979142189026, -0.37400001287460327), (0.6354869604110718, 0.7885866761207581, -0.3580000102519989), (0.636675238609314, 0.7887536883354187, -0.3580000102519989), (0.651213526725769, 0.6766862869262695, -0.3580000102519989), (0.6524018049240112, 0.6768532991409302, -0.3580000102519989), (0.6534402370452881, 0.6608420610427856, -0.37400001287460327), (0.654628574848175, 0.6610090136528015, -0.37400001287460327), (0.6534402370452881, 0.6608420610427856, -0.5080000162124634), (0.654628574848175, 0.6610090136528015, -0.5080000162124634), (0.651213526725769, 0.6766862869262695, -0.5239999890327454), (0.6524018049240112, 0.6768532991409302, -0.5239999890327454), (0.6354869604110718, 0.7885866761207581, -0.5239999890327454), (0.636675238609314, 0.7887536883354187, -0.5239999890327454)]
        int[] faceVertexCounts = [3, 3, 3, 3, 3, 3, 3, 3, 3, 3, 3, 3, 3, 3, 3, 3, 3, 3, 3, 3, 3, 3, 3, 3, 3, 3, 3, 3]
        int[] faceVertexIndices = [0, 1, 2, 2, 1, 3, 1, 4, 3, 3, 4, 5, 4, 6, 5, 5, 6, 7, 6, 8, 7, 7, 8, 9, 8, 10, 9, 9, 10, 11, 10, 12, 11, 11, 12, 13, 12, 14, 13, 13, 14, 15, 14, 0, 15, 15, 0, 2, 12, 10, 14, 14, 10, 0, 0, 8, 1, 1, 8, 4, 4, 8, 6, 10, 8, 0, 11, 13, 15, 11, 15, 2, 7, 3, 5, 9, 2, 3, 9, 11, 2, 9, 3, 7]
        float3[] extent = [(0.6332601308822632, 0.6608420610427856, -0.5239999890327454), (0.654628574848175, 0.8045979142189026, -0.3580000102519989)]
        uniform token subdivisionScheme = "none"
        bool physics:collisionEnabled = false
        color3f[] primvars:displayColor = [(0.0235294122248888, 0.04313725605607033, 0.07450980693101883)]
    }
    def Mesh "Cell05_03"
    {
        point3f[] points = [(0.6332601308822632, 0.8044309020042419, -0.3319999873638153), (0.6332601308822632, 0.8044309020042419, -0.1979999989271164), (0.6344484686851501, 0.8045979142189026, -0.3319999873638153), (0.6344484686851501, 0.8045979142189026, -0.1979999989271164), (0.6354869604110718, 0.7885866761207581, -0.18199999630451202), (0.636675238609314, 0.7887536883354187, -0.18199999630451202), (0.651213526725769, 0.6766862869262695, -0.18199999630451202), (0.6524018049240112, 0.6768532991409302, -0.18199999630451202), (0.6534402370452881, 0.6608420610427856, -0.1979999989271164), (0.654628574848175, 0.6610090136528015, -0.1979999989271164), (0.6534402370452881, 0.6608420610427856, -0.3319999873638153), (0.654628574848175, 0.6610090136528015, -0.3319999873638153), (0.6524018049240112, 0.6768532991409302, -0.3479999899864197), (0.651213526725769, 0.6766862869262695, -0.3479999899864197), (0.6354869604110718, 0.7885866761207581, -0.3479999899864197), (0.636675238609314, 0.7887536883354187, -0.3479999899864197)]
        int[] faceVertexCounts = [3, 3, 3, 3, 3, 3, 3, 3, 3, 3, 3, 3, 3, 3, 3, 3, 3, 3, 3, 3, 3, 3, 3, 3, 3, 3, 3, 3]
        int[] faceVertexIndices = [0, 1, 2, 2, 1, 3, 1, 4, 3, 3, 4, 5, 4, 6, 5, 5, 6, 7, 6, 8, 7, 7, 8, 9, 8, 10, 9, 9, 10, 11, 10, 12, 11, 10, 13, 12, 13, 14, 12, 12, 14, 15, 14, 0, 15, 15, 0, 2, 13, 10, 14, 14, 10, 0, 0, 8, 1, 1, 8, 4, 4, 8, 6, 10, 8, 0, 11, 12, 15, 11, 15, 2, 9, 2, 3, 9, 3, 5, 9, 5, 7, 9, 11, 2]
        float3[] extent = [(0.6332601308822632, 0.6608420610427856, -0.3479999899864197), (0.654628574848175, 0.8045979142189026, -0.18199999630451202)]
        uniform token subdivisionScheme = "none"
        bool physics:collisionEnabled = false
        color3f[] primvars:displayColor = [(0.0235294122248888, 0.04313725605607033, 0.07450980693101883)]
    }
    def Mesh "Cell05_04"
    {
        point3f[] points = [(0.6332601308822632, 0.8044309020042419, -0.15600000321865082), (0.6332601308822632, 0.8044309020042419, -0.02199999988079071), (0.6344484686851501, 0.8045979142189026, -0.15600000321865082), (0.6344484686851501, 0.8045979142189026, -0.02199999988079071), (0.6354869604110718, 0.7885866761207581, -0.006000000052154064), (0.636675238609314, 0.7887536883354187, -0.006000000052154064), (0.651213526725769, 0.6766862869262695, -0.006000000052154064), (0.6524018049240112, 0.6768532991409302, -0.006000000052154064), (0.6534402370452881, 0.6608420610427856, -0.02199999988079071), (0.654628574848175, 0.6610090136528015, -0.02199999988079071), (0.6534402370452881, 0.6608420610427856, -0.15600000321865082), (0.654628574848175, 0.6610090136528015, -0.15600000321865082), (0.6524018049240112, 0.6768532991409302, -0.1720000058412552), (0.651213526725769, 0.6766862869262695, -0.1720000058412552), (0.6354869604110718, 0.7885866761207581, -0.1720000058412552), (0.636675238609314, 0.7887536883354187, -0.1720000058412552)]
        int[] faceVertexCounts = [3, 3, 3, 3, 3, 3, 3, 3, 3, 3, 3, 3, 3, 3, 3, 3, 3, 3, 3, 3, 3, 3, 3, 3, 3, 3, 3, 3]
        int[] faceVertexIndices = [0, 1, 2, 2, 1, 3, 1, 4, 3, 3, 4, 5, 4, 6, 5, 5, 6, 7, 6, 8, 7, 7, 8, 9, 8, 10, 9, 9, 10, 11, 10, 12, 11, 10, 13, 12, 13, 14, 12, 12, 14, 15, 14, 0, 15, 15, 0, 2, 13, 10, 14, 14, 10, 0, 0, 8, 1, 1, 8, 4, 4, 8, 6, 10, 8, 0, 11, 12, 15, 11, 15, 2, 9, 2, 3, 9, 3, 5, 9, 5, 7, 9, 11, 2]
        float3[] extent = [(0.6332601308822632, 0.6608420610427856, -0.1720000058412552), (0.654628574848175, 0.8045979142189026, -0.006000000052154064)]
        uniform token subdivisionScheme = "none"
        bool physics:collisionEnabled = false
        color3f[] primvars:displayColor = [(0.0235294122248888, 0.04313725605607033, 0.07450980693101883)]
    }
    def Mesh "Cell05_05"
    {
        point3f[] points = [(0.6332601308822632, 0.8044309020042419, 0.019999999552965164), (0.6332601308822632, 0.8044309020042419, 0.15399999916553497), (0.6344484686851501, 0.8045979142189026, 0.019999999552965164), (0.6344484686851501, 0.8045979142189026, 0.15399999916553497), (0.6354869604110718, 0.7885866761207581, 0.17000000178813934), (0.636675238609314, 0.7887536883354187, 0.17000000178813934), (0.651213526725769, 0.6766862869262695, 0.17000000178813934), (0.6524018049240112, 0.6768532991409302, 0.17000000178813934), (0.6534402370452881, 0.6608420610427856, 0.15399999916553497), (0.654628574848175, 0.6610090136528015, 0.15399999916553497), (0.6534402370452881, 0.6608420610427856, 0.019999999552965164), (0.654628574848175, 0.6610090136528015, 0.019999999552965164), (0.651213526725769, 0.6766862869262695, 0.004000000189989805), (0.6524018049240112, 0.6768532991409302, 0.004000000189989805), (0.6354869604110718, 0.7885866761207581, 0.004000000189989805), (0.636675238609314, 0.7887536883354187, 0.004000000189989805)]
        int[] faceVertexCounts = [3, 3, 3, 3, 3, 3, 3, 3, 3, 3, 3, 3, 3, 3, 3, 3, 3, 3, 3, 3, 3, 3, 3, 3, 3, 3, 3, 3]
        int[] faceVertexIndices = [0, 1, 2, 2, 1, 3, 1, 4, 3, 3, 4, 5, 4, 6, 5, 5, 6, 7, 6, 8, 7, 7, 8, 9, 8, 10, 9, 9, 10, 11, 10, 12, 11, 11, 12, 13, 12, 14, 13, 13, 14, 15, 14, 0, 15, 15, 0, 2, 0, 10, 1, 12, 10, 14, 14, 10, 0, 1, 8, 4, 4, 8, 6, 10, 8, 1, 11, 2, 3, 11, 13, 15, 11, 15, 2, 9, 3, 5, 9, 5, 7, 9, 11, 3]
        float3[] extent = [(0.6332601308822632, 0.6608420610427856, 0.004000000189989805), (0.654628574848175, 0.8045979142189026, 0.17000000178813934)]
        uniform token subdivisionScheme = "none"
        bool physics:collisionEnabled = false
        color3f[] primvars:displayColor = [(0.0235294122248888, 0.04313725605607033, 0.07450980693101883)]
    }
    def Mesh "Cell05_06"
    {
        point3f[] points = [(0.6332601308822632, 0.8044309020042419, 0.19599999487400055), (0.6332601308822632, 0.8044309020042419, 0.33000001311302185), (0.6344484686851501, 0.8045979142189026, 0.19599999487400055), (0.6344484686851501, 0.8045979142189026, 0.33000001311302185), (0.6354869604110718, 0.7885866761207581, 0.34599998593330383), (0.636675238609314, 0.7887536883354187, 0.34599998593330383), (0.651213526725769, 0.6766862869262695, 0.34599998593330383), (0.6524018049240112, 0.6768532991409302, 0.34599998593330383), (0.6534402370452881, 0.6608420610427856, 0.33000001311302185), (0.654628574848175, 0.6610090136528015, 0.33000001311302185), (0.6534402370452881, 0.6608420610427856, 0.19599999487400055), (0.654628574848175, 0.6610090136528015, 0.19599999487400055), (0.651213526725769, 0.6766862869262695, 0.18000000715255737), (0.6524018049240112, 0.6768532991409302, 0.18000000715255737), (0.636675238609314, 0.7887536883354187, 0.18000000715255737), (0.6354869604110718, 0.7885866761207581, 0.18000000715255737)]
        int[] faceVertexCounts = [3, 3, 3, 3, 3, 3, 3, 3, 3, 3, 3, 3, 3, 3, 3, 3, 3, 3, 3, 3, 3, 3, 3, 3, 3, 3, 3, 3]
        int[] faceVertexIndices = [0, 1, 2, 2, 1, 3, 1, 4, 3, 3, 4, 5, 4, 6, 5, 5, 6, 7, 6, 8, 7, 7, 8, 9, 8, 10, 9, 9, 10, 11, 10, 12, 11, 11, 12, 13, 12, 14, 13, 12, 15, 14, 15, 0, 14, 14, 0, 2, 15, 12, 0, 12, 10, 0, 0, 8, 1, 1, 8, 4, 4, 8, 6, 10, 8, 0, 11, 13, 14, 11, 14, 2, 9, 2, 3, 9, 3, 5, 9, 5, 7, 9, 11, 2]
        float3[] extent = [(0.6332601308822632, 0.6608420610427856, 0.18000000715255737), (0.654628574848175, 0.8045979142189026, 0.34599998593330383)]
        uniform token subdivisionScheme = "none"
        bool physics:collisionEnabled = false
        color3f[] primvars:displayColor = [(0.0235294122248888, 0.04313725605607033, 0.07450980693101883)]
    }
    def Mesh "Cell05_07"
    {
        point3f[] points = [(0.6332601308822632, 0.8044309020042419, 0.3720000088214874), (0.6332601308822632, 0.8044309020042419, 0.5059999823570251), (0.6344484686851501, 0.8045979142189026, 0.3720000088214874), (0.6344484686851501, 0.8045979142189026, 0.5059999823570251), (0.6354869604110718, 0.7885866761207581, 0.5220000147819519), (0.636675238609314, 0.7887536883354187, 0.5220000147819519), (0.651213526725769, 0.6766862869262695, 0.5220000147819519), (0.6524018049240112, 0.6768532991409302, 0.5220000147819519), (0.6534402370452881, 0.6608420610427856, 0.5059999823570251), (0.654628574848175, 0.6610090136528015, 0.5059999823570251), (0.6534402370452881, 0.6608420610427856, 0.3720000088214874), (0.654628574848175, 0.6610090136528015, 0.3720000088214874), (0.651213526725769, 0.6766862869262695, 0.35600000619888306), (0.6524018049240112, 0.6768532991409302, 0.35600000619888306), (0.6354869604110718, 0.7885866761207581, 0.35600000619888306), (0.636675238609314, 0.7887536883354187, 0.35600000619888306)]
        int[] faceVertexCounts = [3, 3, 3, 3, 3, 3, 3, 3, 3, 3, 3, 3, 3, 3, 3, 3, 3, 3, 3, 3, 3, 3, 3, 3, 3, 3, 3, 3]
        int[] faceVertexIndices = [0, 1, 2, 2, 1, 3, 1, 4, 3, 3, 4, 5, 4, 6, 5, 5, 6, 7, 6, 8, 7, 7, 8, 9, 8, 10, 9, 9, 10, 11, 10, 12, 11, 11, 12, 13, 12, 14, 13, 13, 14, 15, 14, 0, 15, 15, 0, 2, 12, 10, 14, 14, 10, 0, 0, 8, 1, 1, 8, 4, 4, 8, 6, 10, 8, 0, 11, 2, 3, 11, 13, 15, 11, 15, 2, 7, 3, 5, 9, 11, 3, 9, 3, 7]
        float3[] extent = [(0.6332601308822632, 0.6608420610427856, 0.35600000619888306), (0.654628574848175, 0.8045979142189026, 0.5220000147819519)]
        uniform token subdivisionScheme = "none"
        bool physics:collisionEnabled = false
        color3f[] primvars:displayColor = [(0.0235294122248888, 0.04313725605607033, 0.07450980693101883)]
    }
    def Mesh "Cell05_08"
    {
        point3f[] points = [(0.6332601308822632, 0.8044309020042419, 0.5479999780654907), (0.6332601308822632, 0.8044309020042419, 0.6819999814033508), (0.6344484686851501, 0.8045979142189026, 0.5479999780654907), (0.6344484686851501, 0.8045979142189026, 0.6819999814033508), (0.6354869604110718, 0.7885866761207581, 0.6980000138282776), (0.636675238609314, 0.7887536883354187, 0.6980000138282776), (0.651213526725769, 0.6766862869262695, 0.6980000138282776), (0.6524018049240112, 0.6768532991409302, 0.6980000138282776), (0.6534402370452881, 0.6608420610427856, 0.6819999814033508), (0.654628574848175, 0.6610090136528015, 0.6819999814033508), (0.6534402370452881, 0.6608420610427856, 0.5479999780654907), (0.654628574848175, 0.6610090136528015, 0.5479999780654907), (0.651213526725769, 0.6766862869262695, 0.5320000052452087), (0.6524018049240112, 0.6768532991409302, 0.5320000052452087), (0.6354869604110718, 0.7885866761207581, 0.5320000052452087), (0.636675238609314, 0.7887536883354187, 0.5320000052452087)]
        int[] faceVertexCounts = [3, 3, 3, 3, 3, 3, 3, 3, 3, 3, 3, 3, 3, 3, 3, 3, 3, 3, 3, 3, 3, 3, 3, 3, 3, 3, 3, 3]
        int[] faceVertexIndices = [0, 1, 2, 2, 1, 3, 1, 4, 3, 3, 4, 5, 4, 6, 5, 5, 6, 7, 6, 8, 7, 7, 8, 9, 8, 10, 9, 9, 10, 11, 10, 12, 11, 11, 12, 13, 12, 14, 13, 13, 14, 15, 14, 0, 15, 15, 0, 2, 12, 10, 14, 14, 10, 0, 1, 6, 4, 0, 8, 1, 10, 8, 0, 1, 8, 6, 11, 13, 15, 11, 15, 2, 9, 2, 3, 9, 3, 5, 9, 5, 7, 9, 11, 2]
        float3[] extent = [(0.6332601308822632, 0.6608420610427856, 0.5320000052452087), (0.654628574848175, 0.8045979142189026, 0.6980000138282776)]
        uniform token subdivisionScheme = "none"
        bool physics:collisionEnabled = false
        color3f[] primvars:displayColor = [(0.0235294122248888, 0.04313725605607033, 0.07450980693101883)]
    }
    def Mesh "Cell05_09"
    {
        point3f[] points = [(0.6332601308822632, 0.8044309020042419, 0.7239999771118164), (0.6332601308822632, 0.8044309020042419, 0.8579999804496765), (0.6344484686851501, 0.8045979142189026, 0.7239999771118164), (0.6344484686851501, 0.8045979142189026, 0.8579999804496765), (0.6354869604110718, 0.7885866761207581, 0.8740000128746033), (0.636675238609314, 0.7887536883354187, 0.8740000128746033), (0.651213526725769, 0.6766862869262695, 0.8740000128746033), (0.6524018049240112, 0.6768532991409302, 0.8740000128746033), (0.6534402370452881, 0.6608420610427856, 0.8579999804496765), (0.654628574848175, 0.6610090136528015, 0.8579999804496765), (0.6534402370452881, 0.6608420610427856, 0.7239999771118164), (0.654628574848175, 0.6610090136528015, 0.7239999771118164), (0.651213526725769, 0.6766862869262695, 0.7080000042915344), (0.6524018049240112, 0.6768532991409302, 0.7080000042915344), (0.6354869604110718, 0.7885866761207581, 0.7080000042915344), (0.636675238609314, 0.7887536883354187, 0.7080000042915344)]
        int[] faceVertexCounts = [3, 3, 3, 3, 3, 3, 3, 3, 3, 3, 3, 3, 3, 3, 3, 3, 3, 3, 3, 3, 3, 3, 3, 3, 3, 3, 3, 3]
        int[] faceVertexIndices = [0, 1, 2, 2, 1, 3, 1, 4, 3, 3, 4, 5, 4, 6, 5, 5, 6, 7, 6, 8, 7, 7, 8, 9, 8, 10, 9, 9, 10, 11, 10, 12, 11, 11, 12, 13, 12, 14, 13, 13, 14, 15, 14, 0, 15, 15, 0, 2, 12, 10, 14, 14, 10, 0, 0, 8, 1, 1, 8, 4, 4, 8, 6, 10, 8, 0, 11, 2, 3, 11, 13, 15, 11, 15, 2, 9, 3, 5, 9, 5, 7, 9, 11, 3]
        float3[] extent = [(0.6332601308822632, 0.6608420610427856, 0.7080000042915344), (0.654628574848175, 0.8045979142189026, 0.8740000128746033)]
        uniform token subdivisionScheme = "none"
        bool physics:collisionEnabled = false
        color3f[] primvars:displayColor = [(0.0235294122248888, 0.04313725605607033, 0.07450980693101883)]
    }
    def Mesh "Cell06_00"
    {
        point3f[] points = [(0.6555278301239014, 0.6459880471229553, -0.8600000143051147), (0.6555278301239014, 0.6459880471229553, -0.7260000109672546), (0.6567161679267883, 0.6461549997329712, -0.8600000143051147), (0.6567161679267883, 0.6461549997329712, -0.7260000109672546), (0.65775465965271, 0.6301437020301819, -0.7099999785423279), (0.6589429378509521, 0.6303106546401978, -0.7099999785423279), (0.6746695041656494, 0.5184103846549988, -0.7099999785423279), (0.6734812259674072, 0.5182434320449829, -0.7099999785423279), (0.6757079362869263, 0.5023991465568542, -0.7260000109672546), (0.6768962740898132, 0.5025661587715149, -0.7260000109672546), (0.6757079362869263, 0.5023991465568542, -0.8600000143051147), (0.6768962740898132, 0.5025661587715149, -0.8600000143051147), (0.6734812259674072, 0.5182434320449829, -0.8759999871253967), (0.6746695041656494, 0.5184103846549988, -0.8759999871253967), (0.6589429378509521, 0.6303106546401978, -0.8759999871253967), (0.65775465965271, 0.6301437020301819, -0.8759999871253967)]
        int[] faceVertexCounts = [3, 3, 3, 3, 3, 3, 3, 3, 3, 3, 3, 3, 3, 3, 3, 3, 3, 3, 3, 3, 3, 3, 3, 3, 3, 3, 3, 3]
        int[] faceVertexIndices = [0, 1, 2, 2, 1, 3, 1, 4, 3, 3, 4, 5, 4, 6, 5, 4, 7, 6, 7, 8, 6, 6, 8, 9, 8, 10, 9, 9, 10, 11, 10, 12, 11, 11, 12, 13, 12, 14, 13, 12, 15, 14, 15, 0, 14, 14, 0, 2, 12, 10, 15, 15, 10, 0, 0, 8, 1, 1, 8, 4, 4, 8, 7, 10, 8, 0, 11, 13, 14, 11, 14, 2, 9, 2, 3, 9, 3, 5, 9, 5, 6, 9, 11, 2]
        float3[] extent = [(0.6555278301239014, 0.5023991465568542, -0.8759999871253967), (0.6768962740898132, 0.6461549997329712, -0.7099999785423279)]
        uniform token subdivisionScheme = "none"
        bool physics:collisionEnabled = false
        color3f[] primvars:displayColor = [(0.0235294122248888, 0.04313725605607033, 0.07450980693101883)]
    }
    def Mesh "Cell06_01"
    {
        point3f[] points = [(0.6555278301239014, 0.6459880471229553, -0.6840000152587891), (0.6555278301239014, 0.6459880471229553, -0.550000011920929), (0.6567161679267883, 0.6461549997329712, -0.6840000152587891), (0.6567161679267883, 0.6461549997329712, -0.550000011920929), (0.65775465965271, 0.6301437020301819, -0.5339999794960022), (0.6589429378509521, 0.6303106546401978, -0.5339999794960022), (0.6734812259674072, 0.5182434320449829, -0.5339999794960022), (0.6746695041656494, 0.5184103846549988, -0.5339999794960022), (0.6757079362869263, 0.5023991465568542, -0.550000011920929), (0.6768962740898132, 0.5025661587715149, -0.550000011920929), (0.6757079362869263, 0.5023991465568542, -0.6840000152587891), (0.6768962740898132, 0.5025661587715149, -0.6840000152587891), (0.6734812259674072, 0.5182434320449829, -0.699999988079071), (0.6746695041656494, 0.5184103846549988, -0.699999988079071), (0.6589429378509521, 0.6303106546401978, -0.699999988079071), (0.65775465965271, 0.6301437020301819, -0.699999988079071)]
        int[] faceVertexCounts = [3, 3, 3, 3, 3, 3, 3, 3, 3, 3, 3, 3, 3, 3, 3, 3, 3, 3, 3, 3, 3, 3, 3, 3, 3, 3, 3, 3]
        int[] faceVertexIndices = [0, 1, 2, 2, 1, 3, 1, 4, 3, 3, 4, 5, 4, 6, 5, 5, 6, 7, 6, 8, 7, 7, 8, 9, 8, 10, 9, 9, 10, 11, 10, 12, 11, 11, 12, 13, 12, 14, 13, 12, 15, 14, 15, 0, 14, 14, 0, 2, 12, 10, 15, 15, 10, 0, 0, 8, 1, 1, 8, 4, 4, 8, 6, 10, 8, 0, 11, 13, 14, 11, 14, 2, 7, 3, 5, 9, 2, 3, 9, 11, 2, 9, 3, 7]
        float3[] extent = [(0.6555278301239014, 0.5023991465568542, -0.699999988079071), (0.6768962740898132, 0.6461549997329712, -0.5339999794960022)]
        uniform token subdivisionScheme = "none"
        bool physics:collisionEnabled = false
        color3f[] primvars:displayColor = [(0.0235294122248888, 0.04313725605607033, 0.07450980693101883)]
    }
    def Mesh "Cell06_02"
    {
        point3f[] points = [(0.6555278301239014, 0.6459880471229553, -0.5080000162124634), (0.6555278301239014, 0.6459880471229553, -0.37400001287460327), (0.6567161679267883, 0.6461549997329712, -0.5080000162124634), (0.6567161679267883, 0.6461549997329712, -0.37400001287460327), (0.65775465965271, 0.6301437020301819, -0.3580000102519989), (0.6589429378509521, 0.6303106546401978, -0.3580000102519989), (0.6734812259674072, 0.5182434320449829, -0.3580000102519989), (0.6746695041656494, 0.5184103846549988, -0.3580000102519989), (0.6757079362869263, 0.5023991465568542, -0.37400001287460327), (0.6768962740898132, 0.5025661587715149, -0.37400001287460327), (0.6757079362869263, 0.5023991465568542, -0.5080000162124634), (0.6768962740898132, 0.5025661587715149, -0.5080000162124634), (0.6734812259674072, 0.5182434320449829, -0.5239999890327454), (0.6746695041656494, 0.5184103846549988, -0.5239999890327454), (0.6589429378509521, 0.6303106546401978, -0.5239999890327454), (0.65775465965271, 0.6301437020301819, -0.5239999890327454)]
        int[] faceVertexCounts = [3, 3, 3, 3, 3, 3, 3, 3, 3, 3, 3, 3, 3, 3, 3, 3, 3, 3, 3, 3, 3, 3, 3, 3, 3, 3, 3, 3]
        int[] faceVertexIndices = [0, 1, 2, 2, 1, 3, 1, 4, 3, 3, 4, 5, 4, 6, 5, 5, 6, 7, 6, 8, 7, 7, 8, 9, 8, 10, 9, 9, 10, 11, 10, 12, 11, 11, 12, 13, 12, 14, 13, 12, 15, 14, 15, 0, 14, 14, 0, 2, 0, 10, 1, 12, 10, 15, 15, 10, 0, 1, 6, 4, 10, 8, 1, 1, 8, 6, 11, 2, 3, 11, 13, 14, 11, 14, 2, 9, 3, 5, 9, 5, 7, 9, 11, 3]
        float3[] extent = [(0.6555278301239014, 0.5023991465568542, -0.5239999890327454), (0.6768962740898132, 0.6461549997329712, -0.3580000102519989)]
        uniform token subdivisionScheme = "none"
        bool physics:collisionEnabled = false
        color3f[] primvars:displayColor = [(0.0235294122248888, 0.04313725605607033, 0.07450980693101883)]
    }
    def Mesh "Cell06_03"
    {
        point3f[] points = [(0.6555278301239014, 0.6459880471229553, -0.3319999873638153), (0.6555278301239014, 0.6459880471229553, -0.1979999989271164), (0.6567161679267883, 0.6461549997329712, -0.3319999873638153), (0.6567161679267883, 0.6461549997329712, -0.1979999989271164), (0.65775465965271, 0.6301437020301819, -0.18199999630451202), (0.6589429378509521, 0.6303106546401978, -0.18199999630451202), (0.6734812259674072, 0.5182434320449829, -0.18199999630451202), (0.6746695041656494, 0.5184103846549988, -0.18199999630451202), (0.6757079362869263, 0.5023991465568542, -0.1979999989271164), (0.6768962740898132, 0.5025661587715149, -0.1979999989271164), (0.6757079362869263, 0.5023991465568542, -0.3319999873638153), (0.6768962740898132, 0.5025661587715149, -0.3319999873638153), (0.6734812259674072, 0.5182434320449829, -0.3479999899864197), (0.6746695041656494, 0.5184103846549988, -0.3479999899864197), (0.65775465965271, 0.6301437020301819, -0.3479999899864197), (0.6589429378509521, 0.6303106546401978, -0.3479999899864197)]
        int[] faceVertexCounts = [3, 3, 3, 3, 3, 3, 3, 3, 3, 3, 3, 3, 3, 3, 3, 3, 3, 3, 3, 3, 3, 3, 3, 3, 3, 3, 3, 3]
        int[] faceVertexIndices = [0, 1, 2, 2, 1, 3, 1, 4, 3, 3, 4, 5, 4, 6, 5, 5, 6, 7, 6, 8, 7, 7, 8, 9, 8, 10, 9, 9, 10, 11, 10, 12, 11, 11, 12, 13, 12, 14, 13, 13, 14, 15, 14, 0, 15, 15, 0, 2, 12, 10, 14, 14, 10, 0, 0, 8, 1, 1, 8, 4, 4, 8, 6, 10, 8, 0, 11, 2, 3, 11, 13, 15, 11, 15, 2, 7, 3, 5, 9, 11, 3, 9, 3, 7]
        float3[] extent = [(0.6555278301239014, 0.5023991465568542, -0.3479999899864197), (0.6768962740898132, 0.6461549997329712, -0.18199999630451202)]
        uniform token subdivisionScheme = "none"
        bool physics:collisionEnabled = false
        color3f[] primvars:displayColor = [(0.0235294122248888, 0.04313725605607033, 0.07450980693101883)]
    }
    def Mesh "Cell06_04"
    {
        point3f[] points = [(0.6555278301239014, 0.6459880471229553, -0.15600000321865082), (0.6555278301239014, 0.6459880471229553, -0.02199999988079071), (0.6567161679267883, 0.6461549997329712, -0.15600000321865082), (0.6567161679267883, 0.6461549997329712, -0.02199999988079071), (0.65775465965271, 0.6301437020301819, -0.006000000052154064), (0.6589429378509521, 0.6303106546401978, -0.006000000052154064), (0.6734812259674072, 0.5182434320449829, -0.006000000052154064), (0.6746695041656494, 0.5184103846549988, -0.006000000052154064), (0.6757079362869263, 0.5023991465568542, -0.02199999988079071), (0.6768962740898132, 0.5025661587715149, -0.02199999988079071), (0.6757079362869263, 0.5023991465568542, -0.15600000321865082), (0.6768962740898132, 0.5025661587715149, -0.15600000321865082), (0.6734812259674072, 0.5182434320449829, -0.1720000058412552), (0.6746695041656494, 0.5184103846549988, -0.1720000058412552), (0.65775465965271, 0.6301437020301819, -0.1720000058412552), (0.6589429378509521, 0.6303106546401978, -0.1720000058412552)]
        int[] faceVertexCounts = [3, 3, 3, 3, 3, 3, 3, 3, 3, 3, 3, 3, 3, 3, 3, 3, 3, 3, 3, 3, 3, 3, 3, 3, 3, 3, 3, 3]
        int[] faceVertexIndices = [0, 1, 2, 2, 1, 3, 1, 4, 3, 3, 4, 5, 4, 6, 5, 5, 6, 7, 6, 8, 7, 7, 8, 9, 8, 10, 9, 9, 10, 11, 10, 12, 11, 11, 12, 13, 12, 14, 13, 13, 14, 15, 14, 0, 15, 15, 0, 2, 0, 10, 1, 12, 10, 14, 14, 10, 0, 1, 8, 4, 4, 8, 6, 10, 8, 1, 11, 13, 15, 11, 15, 2, 9, 2, 3, 9, 3, 5, 9, 5, 7, 9, 11, 2]
        float3[] extent = [(0.6555278301239014, 0.5023991465568542, -0.1720000058412552), (0.6768962740898132, 0.6461549997329712, -0.006000000052154064)]
        uniform token subdivisionScheme = "none"
        bool physics:collisionEnabled = false
        color3f[] primvars:displayColor = [(0.0235294122248888, 0.04313725605607033, 0.07450980693101883)]
    }
    def Mesh "Cell06_05"
    {
        point3f[] points = [(0.6555278301239014, 0.6459880471229553, 0.019999999552965164), (0.6555278301239014, 0.6459880471229553, 0.15399999916553497), (0.6567161679267883, 0.6461549997329712, 0.019999999552965164), (0.6567161679267883, 0.6461549997329712, 0.15399999916553497), (0.65775465965271, 0.6301437020301819, 0.17000000178813934), (0.6589429378509521, 0.6303106546401978, 0.17000000178813934), (0.6746695041656494, 0.5184103846549988, 0.17000000178813934), (0.6734812259674072, 0.5182434320449829, 0.17000000178813934), (0.6757079362869263, 0.5023991465568542, 0.15399999916553497), (0.6768962740898132, 0.5025661587715149, 0.15399999916553497), (0.6757079362869263, 0.5023991465568542, 0.019999999552965164), (0.6768962740898132, 0.5025661587715149, 0.019999999552965164), (0.6734812259674072, 0.5182434320449829, 0.004000000189989805), (0.6746695041656494, 0.5184103846549988, 0.004000000189989805), (0.65775465965271, 0.6301437020301819, 0.004000000189989805), (0.6589429378509521, 0.6303106546401978, 0.004000000189989805)]
        int[] faceVertexCounts = [3, 3, 3, 3, 3, 3, 3, 3, 3, 3, 3, 3, 3, 3, 3, 3, 3, 3, 3, 3, 3, 3, 3, 3, 3, 3, 3, 3]
        int[] faceVertexIndices = [0, 1, 2, 2, 1, 3, 1, 4, 3, 3, 4, 5, 4, 6, 5, 4, 7, 6, 7, 8, 6, 6, 8, 9, 8, 10, 9, 9, 10, 11, 10, 12, 11, 11, 12, 13, 12, 14, 13, 13, 14, 15, 14, 0, 15, 15, 0, 2, 12, 10, 14, 14, 10, 0, 0, 8, 1, 1, 8, 4, 4, 8, 7, 10, 8, 0, 11, 13, 15, 11, 15, 2, 9, 2, 3, 9, 3, 5, 9, 5, 6, 9, 11, 2]
        float3[] extent = [(0.6555278301239014, 0.5023991465568542, 0.004000000189989805), (0.6768962740898132, 0.6461549997329712, 0.17000000178813934)]
        uniform token subdivisionScheme = "none"
        bool physics:collisionEnabled = false
        color3f[] primvars:displayColor = [(0.0235294122248888, 0.04313725605607033, 0.07450980693101883)]
    }
    def Mesh "Cell06_06"
    {
        point3f[] points = [(0.6555278301239014, 0.6459880471229553, 0.19599999487400055), (0.6555278301239014, 0.6459880471229553, 0.33000001311302185), (0.6567161679267883, 0.6461549997329712, 0.19599999487400055), (0.6567161679267883, 0.6461549997329712, 0.33000001311302185), (0.65775465965271, 0.6301437020301819, 0.34599998593330383), (0.6589429378509521, 0.6303106546401978, 0.34599998593330383), (0.6746695041656494, 0.5184103846549988, 0.34599998593330383), (0.6734812259674072, 0.5182434320449829, 0.34599998593330383), (0.6757079362869263, 0.5023991465568542, 0.33000001311302185), (0.6768962740898132, 0.5025661587715149, 0.33000001311302185), (0.6757079362869263, 0.5023991465568542, 0.19599999487400055), (0.6768962740898132, 0.5025661587715149, 0.19599999487400055), (0.6734812259674072, 0.5182434320449829, 0.18000000715255737), (0.6746695041656494, 0.5184103846549988, 0.18000000715255737), (0.65775465965271, 0.6301437020301819, 0.18000000715255737), (0.6589429378509521, 0.6303106546401978, 0.18000000715255737)]
        int[] faceVertexCounts = [3, 3, 3, 3, 3, 3, 3, 3, 3, 3, 3, 3, 3, 3, 3, 3, 3, 3, 3, 3, 3, 3, 3, 3, 3, 3, 3, 3]
        int[] faceVertexIndices = [0, 1, 2, 2, 1, 3, 1, 4, 3, 3, 4, 5, 4, 6, 5, 4, 7, 6, 7, 8, 6, 6, 8, 9, 8, 10, 9, 9, 10, 11, 10, 12, 11, 11, 12, 13, 12, 14, 13, 13, 14, 15, 14, 2, 15, 14, 0, 2, 14, 12, 0, 12, 10, 0, 0, 8, 1, 1, 8, 4, 4, 8, 7, 10, 8, 0, 11, 13, 15, 11, 15, 2, 9, 2, 3, 9, 3, 5, 9, 5, 6, 9, 11, 2]
        float3[] extent = [(0.6555278301239014, 0.5023991465568542, 0.18000000715255737), (0.6768962740898132, 0.6461549997329712, 0.34599998593330383)]
        uniform token subdivisionScheme = "none"
        bool physics:collisionEnabled = false
        color3f[] primvars:displayColor = [(0.0235294122248888, 0.04313725605607033, 0.07450980693101883)]
    }
    def Mesh "Cell06_07"
    {
        point3f[] points = [(0.6555278301239014, 0.6459880471229553, 0.3720000088214874), (0.6555278301239014, 0.6459880471229553, 0.5059999823570251), (0.6567161679267883, 0.6461549997329712, 0.3720000088214874), (0.6567161679267883, 0.6461549997329712, 0.5059999823570251), (0.65775465965271, 0.6301437020301819, 0.5220000147819519), (0.6589429378509521, 0.6303106546401978, 0.5220000147819519), (0.6734812259674072, 0.5182434320449829, 0.5220000147819519), (0.6746695041656494, 0.5184103846549988, 0.5220000147819519), (0.6757079362869263, 0.5023991465568542, 0.5059999823570251), (0.6768962740898132, 0.5025661587715149, 0.5059999823570251), (0.6757079362869263, 0.5023991465568542, 0.3720000088214874), (0.6768962740898132, 0.5025661587715149, 0.3720000088214874), (0.6734812259674072, 0.5182434320449829, 0.35600000619888306), (0.6746695041656494, 0.5184103846549988, 0.35600000619888306), (0.65775465965271, 0.6301437020301819, 0.35600000619888306), (0.6589429378509521, 0.6303106546401978, 0.35600000619888306)]
        int[] faceVertexCounts = [3, 3, 3, 3, 3, 3, 3, 3, 3, 3, 3, 3, 3, 3, 3, 3, 3, 3, 3, 3, 3, 3, 3, 3, 3, 3, 3, 3]
        int[] faceVertexIndices = [0, 1, 2, 2, 1, 3, 1, 4, 3, 3, 4, 5, 4, 6, 5, 5, 6, 7, 6, 8, 7, 7, 8, 9, 8, 10, 9, 9, 10, 11, 10, 12, 11, 11, 12, 13, 12, 14, 13, 13, 14, 15, 14, 0, 15, 15, 0, 2, 12, 10, 14, 14, 10, 0, 0, 8, 1, 1, 8, 4, 4, 8, 6, 10, 8, 0, 11, 13, 15, 11, 15, 2, 9, 2, 3, 9, 3, 5, 9, 5, 7, 9, 11, 2]
        float3[] extent = [(0.6555278301239014, 0.5023991465568542, 0.35600000619888306), (0.6768962740898132, 0.6461549997329712, 0.5220000147819519)]
        uniform token subdivisionScheme = "none"
        bool physics:collisionEnabled = false
        color3f[] primvars:displayColor = [(0.0235294122248888, 0.04313725605607033, 0.07450980693101883)]
    }
    def Mesh "Cell06_08"
    {
        point3f[] points = [(0.6555278301239014, 0.6459880471229553, 0.5479999780654907), (0.6555278301239014, 0.6459880471229553, 0.6819999814033508), (0.6567161679267883, 0.6461549997329712, 0.5479999780654907), (0.6567161679267883, 0.6461549997329712, 0.6819999814033508), (0.65775465965271, 0.6301437020301819, 0.6980000138282776), (0.6589429378509521, 0.6303106546401978, 0.6980000138282776), (0.6734812259674072, 0.5182434320449829, 0.6980000138282776), (0.6746695041656494, 0.5184103846549988, 0.6980000138282776), (0.6757079362869263, 0.5023991465568542, 0.6819999814033508), (0.6768962740898132, 0.5025661587715149, 0.6819999814033508), (0.6757079362869263, 0.5023991465568542, 0.5479999780654907), (0.6768962740898132, 0.5025661587715149, 0.5479999780654907), (0.6734812259674072, 0.5182434320449829, 0.5320000052452087), (0.6746695041656494, 0.5184103846549988, 0.5320000052452087), (0.65775465965271, 0.6301437020301819, 0.5320000052452087), (0.6589429378509521, 0.6303106546401978, 0.5320000052452087)]
        int[] faceVertexCounts = [3, 3, 3, 3, 3, 3, 3, 3, 3, 3, 3, 3, 3, 3, 3, 3, 3, 3, 3, 3, 3, 3, 3, 3, 3, 3, 3, 3]
        int[] faceVertexIndices = [0, 1, 2, 2, 1, 3, 1, 4, 3, 3, 4, 5, 4, 6, 5, 5, 6, 7, 6, 8, 7, 7, 8, 9, 8, 10, 9, 9, 10, 11, 10, 12, 11, 11, 12, 13, 12, 14, 13, 13, 14, 15, 14, 0, 15, 15, 0, 2, 12, 10, 14, 14, 10, 0, 0, 8, 1, 1, 8, 4, 4, 8, 6, 10, 8, 0, 11, 13, 15, 11, 15, 2, 9, 2, 3, 9, 3, 5, 9, 5, 7, 9, 11, 2]
        float3[] extent = [(0.6555278301239014, 0.5023991465568542, 0.5320000052452087), (0.6768962740898132, 0.6461549997329712, 0.6980000138282776)]
        uniform token subdivisionScheme = "none"
        bool physics:collisionEnabled = false
        color3f[] primvars:displayColor = [(0.0235294122248888, 0.04313725605607033, 0.07450980693101883)]
    }
    def Mesh "Cell06_09"
    {
        point3f[] points = [(0.6555278301239014, 0.6459880471229553, 0.7239999771118164), (0.6555278301239014, 0.6459880471229553, 0.8579999804496765), (0.6567161679267883, 0.6461549997329712, 0.7239999771118164), (0.6567161679267883, 0.6461549997329712, 0.8579999804496765), (0.65775465965271, 0.6301437020301819, 0.8740000128746033), (0.6589429378509521, 0.6303106546401978, 0.8740000128746033), (0.6746695041656494, 0.5184103846549988, 0.8740000128746033), (0.6734812259674072, 0.5182434320449829, 0.8740000128746033), (0.6757079362869263, 0.5023991465568542, 0.8579999804496765), (0.6768962740898132, 0.5025661587715149, 0.8579999804496765), (0.6757079362869263, 0.5023991465568542, 0.7239999771118164), (0.6768962740898132, 0.5025661587715149, 0.7239999771118164), (0.6746695041656494, 0.5184103846549988, 0.7080000042915344), (0.6734812259674072, 0.5182434320449829, 0.7080000042915344), (0.65775465965271, 0.6301437020301819, 0.7080000042915344), (0.6589429378509521, 0.6303106546401978, 0.7080000042915344)]
        int[] faceVertexCounts = [3, 3, 3, 3, 3, 3, 3, 3, 3, 3, 3, 3, 3, 3, 3, 3, 3, 3, 3, 3, 3, 3, 3, 3, 3, 3, 3, 3]
        int[] faceVertexIndices = [0, 1, 2, 2, 1, 3, 1, 4, 3, 3, 4, 5, 4, 6, 5, 4, 7, 6, 7, 8, 6, 6, 8, 9, 8, 10, 9, 9, 10, 11, 10, 12, 11, 10, 13, 12, 13, 14, 12, 12, 14, 15, 14, 0, 15, 15, 0, 2, 13, 10, 14, 14, 10, 0, 0, 8, 1, 1, 8, 4, 4, 8, 7, 10, 8, 0, 11, 2, 3, 11, 12, 15, 11, 15, 2, 9, 3, 5, 9, 5, 6, 9, 11, 3]
        float3[] extent = [(0.6555278301239014, 0.5023991465568542, 0.7080000042915344), (0.6768962740898132, 0.6461549997329712, 0.8740000128746033)]
        uniform token subdivisionScheme = "none"
        bool physics:collisionEnabled = false
        color3f[] primvars:displayColor = [(0.0235294122248888, 0.04313725605607033, 0.07450980693101883)]
    }
    def Mesh "Cell07_00"
    {
        point3f[] points = [(0.6777955293655396, 0.4875451624393463, -0.8600000143051147), (0.6777955293655396, 0.4875451624393463, -0.7260000109672546), (0.6789838671684265, 0.48771214485168457, -0.8600000143051147), (0.6789838671684265, 0.48771214485168457, -0.7260000109672546), (0.6800223588943481, 0.4717008173465729, -0.7099999785423279), (0.6812106370925903, 0.47186779975891113, -0.7099999785423279), (0.6957489252090454, 0.3598005473613739, -0.7099999785423279), (0.6969372034072876, 0.35996752977371216, -0.7099999785423279), (0.6979756355285645, 0.3439562916755676, -0.7260000109672546), (0.6991639137268066, 0.34412330389022827, -0.7260000109672546), (0.6979756355285645, 0.3439562916755676, -0.8600000143051147), (0.6991639137268066, 0.34412330389022827, -0.8600000143051147), (0.6957489252090454, 0.3598005473613739, -0.8759999871253967), (0.6969372034072876, 0.35996752977371216, -0.8759999871253967), (0.6812106370925903, 0.47186779975891113, -0.8759999871253967), (0.6800223588943481, 0.4717008173465729, -0.8759999871253967)]
        int[] faceVertexCounts = [3, 3, 3, 3, 3, 3, 3, 3, 3, 3, 3, 3, 3, 3, 3, 3, 3, 3, 3, 3, 3, 3, 3, 3, 3, 3, 3, 3]
        int[] faceVertexIndices = [0, 1, 2, 2, 1, 3, 1, 4, 3, 3, 4, 5, 4, 6, 5, 5, 6, 7, 6, 8, 7, 7, 8, 9, 8, 10, 9, 9, 10, 11, 10, 12, 11, 11, 12, 13, 12, 14, 13, 12, 15, 14, 15, 0, 14, 14, 0, 2, 12, 10, 15, 15, 10, 0, 0, 8, 1, 1, 8, 4, 4, 8, 6, 10, 8, 0, 11, 2, 3, 11, 13, 14, 11, 14, 2, 9, 3, 5, 9, 5, 7, 9, 11, 3]
        float3[] extent = [(0.6777955293655396, 0.3439562916755676, -0.8759999871253967), (0.6991639137268066, 0.48771214485168457, -0.7099999785423279)]
        uniform token subdivisionScheme = "none"
        bool physics:collisionEnabled = false
        color3f[] primvars:displayColor = [(0.0235294122248888, 0.04313725605607033, 0.07450980693101883)]
    }
    def Mesh "Cell07_01"
    {
        point3f[] points = [(0.6777955293655396, 0.4875451624393463, -0.6840000152587891), (0.6777955293655396, 0.4875451624393463, -0.550000011920929), (0.6789838671684265, 0.48771214485168457, -0.6840000152587891), (0.6789838671684265, 0.48771214485168457, -0.550000011920929), (0.6800223588943481, 0.4717008173465729, -0.5339999794960022), (0.6812106370925903, 0.47186779975891113, -0.5339999794960022), (0.6957489252090454, 0.3598005473613739, -0.5339999794960022), (0.6969372034072876, 0.35996752977371216, -0.5339999794960022), (0.6979756355285645, 0.3439562916755676, -0.550000011920929), (0.6991639137268066, 0.34412330389022827, -0.550000011920929), (0.6979756355285645, 0.3439562916755676, -0.6840000152587891), (0.6991639137268066, 0.34412330389022827, -0.6840000152587891), (0.6957489252090454, 0.3598005473613739, -0.699999988079071), (0.6969372034072876, 0.35996752977371216, -0.699999988079071), (0.6800223588943481, 0.4717008173465729, -0.699999988079071), (0.6812106370925903, 0.47186779975891113, -0.699999988079071)]
        int[] faceVertexCounts = [3, 3, 3, 3, 3, 3, 3, 3, 3, 3, 3, 3, 3, 3, 3, 3, 3, 3, 3, 3, 3, 3, 3, 3, 3, 3, 3, 3]
        int[] faceVertexIndices = [0, 1, 2, 2, 1, 3, 1, 4, 3, 3, 4, 5, 4, 6, 5, 5, 6, 7, 6, 8, 7, 7, 8, 9, 8, 10, 9, 9, 10, 11, 10, 12, 11, 11, 12, 13, 12, 14, 13, 13, 14, 15, 14, 0, 15, 15, 0, 2, 12, 10, 14, 14, 10, 0, 0, 8, 1, 1, 8, 4, 4, 8, 6, 10, 8, 0, 11, 13, 15, 11, 15, 2, 9, 2, 3, 9, 3, 5, 9, 5, 7, 9, 11, 2]
        float3[] extent = [(0.6777955293655396, 0.3439562916755676, -0.699999988079071), (0.6991639137268066, 0.48771214485168457, -0.5339999794960022)]
        uniform token subdivisionScheme = "none"
        bool physics:collisionEnabled = false
        color3f[] primvars:displayColor = [(0.0235294122248888, 0.04313725605607033, 0.07450980693101883)]
    }
    def Mesh "Cell07_02"
    {
        point3f[] points = [(0.6777955293655396, 0.4875451624393463, -0.5080000162124634), (0.6777955293655396, 0.4875451624393463, -0.37400001287460327), (0.6789838671684265, 0.48771214485168457, -0.5080000162124634), (0.6789838671684265, 0.48771214485168457, -0.37400001287460327), (0.6800223588943481, 0.4717008173465729, -0.3580000102519989), (0.6812106370925903, 0.47186779975891113, -0.3580000102519989), (0.6957489252090454, 0.3598005473613739, -0.3580000102519989), (0.6969372034072876, 0.35996752977371216, -0.3580000102519989), (0.6979756355285645, 0.3439562916755676, -0.37400001287460327), (0.6991639137268066, 0.34412330389022827, -0.37400001287460327), (0.6979756355285645, 0.3439562916755676, -0.5080000162124634), (0.6991639137268066, 0.34412330389022827, -0.5080000162124634), (0.6957489252090454, 0.3598005473613739, -0.5239999890327454), (0.6969372034072876, 0.35996752977371216, -0.5239999890327454), (0.6812106370925903, 0.47186779975891113, -0.5239999890327454), (0.6800223588943481, 0.4717008173465729, -0.5239999890327454)]
        int[] faceVertexCounts = [3, 3, 3, 3, 3, 3, 3, 3, 3, 3, 3, 3, 3, 3, 3, 3, 3, 3, 3, 3, 3, 3, 3, 3, 3, 3, 3, 3]
        int[] faceVertexIndices = [0, 1, 2, 2, 1, 3, 1, 4, 3, 3, 4, 5, 4, 6, 5, 5, 6, 7, 6, 8, 7, 7, 8, 9, 8, 10, 9, 9, 10, 11, 10, 12, 11, 11, 12, 13, 12, 14, 13, 12, 15, 14, 15, 0, 14, 14, 0, 2, 12, 10, 15, 15, 10, 0, 0, 8, 1, 1, 8, 4, 4, 8, 6, 10, 8, 0, 11, 13, 14, 11, 14, 2, 7, 3, 5, 9, 2, 3, 9, 11, 2, 9, 3, 7]
        float3[] extent = [(0.6777955293655396, 0.3439562916755676, -0.5239999890327454), (0.6991639137268066, 0.48771214485168457, -0.3580000102519989)]
        uniform token subdivisionScheme = "none"
        bool physics:collisionEnabled = false
        color3f[] primvars:displayColor = [(0.0235294122248888, 0.04313725605607033, 0.07450980693101883)]
    }
    def Mesh "Cell07_03"
    {
        point3f[] points = [(0.6777955293655396, 0.4875451624393463, -0.3319999873638153), (0.6777955293655396, 0.4875451624393463, -0.1979999989271164), (0.6789838671684265, 0.48771214485168457, -0.3319999873638153), (0.6789838671684265, 0.48771214485168457, -0.1979999989271164), (0.6800223588943481, 0.4717008173465729, -0.18199999630451202), (0.6812106370925903, 0.47186779975891113, -0.18199999630451202), (0.6957489252090454, 0.3598005473613739, -0.18199999630451202), (0.6969372034072876, 0.35996752977371216, -0.18199999630451202), (0.6979756355285645, 0.3439562916755676, -0.1979999989271164), (0.6991639137268066, 0.34412330389022827, -0.1979999989271164), (0.6979756355285645, 0.3439562916755676, -0.3319999873638153), (0.6991639137268066, 0.34412330389022827, -0.3319999873638153), (0.6957489252090454, 0.3598005473613739, -0.3479999899864197), (0.6969372034072876, 0.35996752977371216, -0.3479999899864197), (0.6800223588943481, 0.4717008173465729, -0.3479999899864197), (0.6812106370925903, 0.47186779975891113, -0.3479999899864197)]
        int[] faceVertexCounts = [3, 3, 3, 3, 3, 3, 3, 3, 3, 3, 3, 3, 3, 3, 3, 3, 3, 3, 3, 3, 3, 3, 3, 3, 3, 3, 3, 3]
        int[] faceVertexIndices = [0, 1, 2, 2, 1, 3, 1, 4, 3, 3, 4, 5, 4, 6, 5, 5, 6, 7, 6, 8, 7, 7, 8, 9, 8, 10, 9, 9, 10, 11, 10, 12, 11, 11, 12, 13, 12, 14, 13, 13, 14, 15, 14, 0, 15, 15, 0, 2, 12, 10, 14, 14, 10, 0, 0, 8, 1, 1, 8, 4, 4, 8, 6, 10, 8, 0, 11, 13, 15, 11, 15, 2, 7, 3, 5, 9, 2, 3, 9, 11, 2, 9, 3, 7]
        float3[] extent = [(0.6777955293655396, 0.3439562916755676, -0.3479999899864197), (0.6991639137268066, 0.48771214485168457, -0.18199999630451202)]
        uniform token subdivisionScheme = "none"
        bool physics:collisionEnabled = false
        color3f[] primvars:displayColor = [(0.0235294122248888, 0.04313725605607033, 0.07450980693101883)]
    }
    def Mesh "Cell07_04"
    {
        point3f[] points = [(0.6777955293655396, 0.4875451624393463, -0.15600000321865082), (0.6777955293655396, 0.4875451624393463, -0.02199999988079071), (0.6789838671684265, 0.48771214485168457, -0.15600000321865082), (0.6789838671684265, 0.48771214485168457, -0.02199999988079071), (0.6800223588943481, 0.4717008173465729, -0.006000000052154064), (0.6812106370925903, 0.47186779975891113, -0.006000000052154064), (0.6957489252090454, 0.3598005473613739, -0.006000000052154064), (0.6969372034072876, 0.35996752977371216, -0.006000000052154064), (0.6979756355285645, 0.3439562916755676, -0.02199999988079071), (0.6991639137268066, 0.34412330389022827, -0.02199999988079071), (0.6979756355285645, 0.3439562916755676, -0.15600000321865082), (0.6991639137268066, 0.34412330389022827, -0.15600000321865082), (0.6957489252090454, 0.3598005473613739, -0.1720000058412552), (0.6969372034072876, 0.35996752977371216, -0.1720000058412552), (0.6800223588943481, 0.4717008173465729, -0.1720000058412552), (0.6812106370925903, 0.47186779975891113, -0.1720000058412552)]
        int[] faceVertexCounts = [3, 3, 3, 3, 3, 3, 3, 3, 3, 3, 3, 3, 3, 3, 3, 3, 3, 3, 3, 3, 3, 3, 3, 3, 3, 3, 3, 3]
        int[] faceVertexIndices = [0, 1, 2, 2, 1, 3, 1, 4, 3, 3, 4, 5, 4, 6, 5, 5, 6, 7, 6, 8, 7, 7, 8, 9, 8, 10, 9, 9, 10, 11, 10, 12, 11, 11, 12, 13, 12, 14, 13, 13, 14, 15, 14, 0, 15, 15, 0, 2, 12, 10, 14, 14, 10, 0, 0, 8, 1, 1, 8, 4, 4, 8, 6, 10, 8, 0, 11, 13, 15, 11, 15, 2, 9, 2, 3, 9, 3, 5, 9, 5, 7, 9, 11, 2]
        float3[] extent = [(0.6777955293655396, 0.3439562916755676, -0.1720000058412552), (0.6991639137268066, 0.48771214485168457, -0.006000000052154064)]
        uniform token subdivisionScheme = "none"
        bool physics:collisionEnabled = false
        color3f[] primvars:displayColor = [(0.0235294122248888, 0.04313725605607033, 0.07450980693101883)]
    }
    def Mesh "Cell07_05"
    {
        point3f[] points = [(0.6777955293655396, 0.4875451624393463, 0.019999999552965164), (0.6777955293655396, 0.4875451624393463, 0.15399999916553497), (0.6789838671684265, 0.48771214485168457, 0.019999999552965164), (0.6789838671684265, 0.48771214485168457, 0.15399999916553497), (0.6800223588943481, 0.4717008173465729, 0.17000000178813934), (0.6812106370925903, 0.47186779975891113, 0.17000000178813934), (0.6957489252090454, 0.3598005473613739, 0.17000000178813934), (0.6969372034072876, 0.35996752977371216, 0.17000000178813934), (0.6979756355285645, 0.3439562916755676, 0.15399999916553497), (0.6991639137268066, 0.34412330389022827, 0.15399999916553497), (0.6979756355285645, 0.3439562916755676, 0.019999999552965164), (0.6991639137268066, 0.34412330389022827, 0.019999999552965164), (0.6957489252090454, 0.3598005473613739, 0.004000000189989805), (0.6969372034072876, 0.35996752977371216, 0.004000000189989805), (0.6800223588943481, 0.4717008173465729, 0.004000000189989805), (0.6812106370925903, 0.47186779975891113, 0.004000000189989805)]
        int[] faceVertexCounts = [3, 3, 3, 3, 3, 3, 3, 3, 3, 3, 3, 3, 3, 3, 3, 3, 3, 3, 3, 3, 3, 3, 3, 3, 3, 3, 3, 3]
        int[] faceVertexIndices = [0, 1, 2, 2, 1, 3, 1, 4, 3, 3, 4, 5, 4, 6, 5, 5, 6, 7, 6, 8, 7, 7, 8, 9, 8, 10, 9, 9, 10, 11, 10, 12, 11, 11, 12, 13, 12, 14, 13, 13, 14, 15, 14, 2, 15, 14, 0, 2, 12, 10, 14, 14, 10, 0, 1, 6, 4, 0, 8, 1, 10, 8, 0, 1, 8, 6, 11, 13, 15, 11, 15, 2, 9, 2, 3, 9, 3, 5, 9, 5, 7, 9, 11, 2]
        float3[] extent = [(0.6777955293655396, 0.3439562916755676, 0.004000000189989805), (0.6991639137268066, 0.48771214485168457, 0.17000000178813934)]
        uniform token subdivisionScheme = "none"
        bool physics:collisionEnabled = false
        color3f[] primvars:displayColor = [(0.0235294122248888, 0.04313725605607033, 0.07450980693101883)]
    }
    def Mesh "Cell07_06"
    {
        point3f[] points = [(0.6777955293655396, 0.4875451624393463, 0.19599999487400055), (0.6777955293655396, 0.4875451624393463, 0.33000001311302185), (0.6789838671684265, 0.48771214485168457, 0.19599999487400055), (0.6789838671684265, 0.48771214485168457, 0.33000001311302185), (0.6800223588943481, 0.4717008173465729, 0.34599998593330383), (0.6812106370925903, 0.47186779975891113, 0.34599998593330383), (0.6957489252090454, 0.3598005473613739, 0.34599998593330383), (0.6969372034072876, 0.35996752977371216, 0.34599998593330383), (0.6979756355285645, 0.3439562916755676, 0.33000001311302185), (0.6991639137268066, 0.34412330389022827, 0.33000001311302185), (0.6979756355285645, 0.3439562916755676, 0.19599999487400055), (0.6991639137268066, 0.34412330389022827, 0.19599999487400055), (0.6969372034072876, 0.35996752977371216, 0.18000000715255737), (0.6957489252090454, 0.3598005473613739, 0.18000000715255737), (0.6800223588943481, 0.4717008173465729, 0.18000000715255737), (0.6812106370925903, 0.47186779975891113, 0.18000000715255737)]
        int[] faceVertexCounts = [3, 3, 3, 3, 3, 3, 3, 3, 3, 3, 3, 3, 3, 3, 3, 3, 3, 3, 3, 3, 3, 3, 3, 3, 3, 3, 3, 3]
        int[] faceVertexIndices = [0, 1, 2, 2, 1, 3, 1, 4, 3, 3, 4, 5, 4, 6, 5, 5, 6, 7, 6, 8, 7, 7, 8, 9, 8, 10, 9, 9, 10, 11, 10, 12, 11, 10, 13, 12, 13, 14, 12, 12, 14, 15, 14, 0, 15, 15, 0, 2, 13, 10, 14, 14, 10, 0, 0, 8, 1, 1, 8, 4, 4, 8, 6, 10, 8, 0, 11, 12, 15, 11, 15, 2, 9, 2, 3, 9, 3, 5, 9, 5, 7, 9, 11, 2]
        float3[] extent = [(0.6777955293655396, 0.3439562916755676, 0.18000000715255737), (0.6991639137268066, 0.48771214485168457, 0.34599998593330383)]
        uniform token subdivisionScheme = "none"
        bool physics:collisionEnabled = false
        color3f[] primvars:displayColor = [(0.0235294122248888, 0.04313725605607033, 0.07450980693101883)]
    }
    def Mesh "Cell07_07"
    {
        point3f[] points = [(0.6777955293655396, 0.4875451624393463, 0.3720000088214874), (0.6777955293655396, 0.4875451624393463, 0.5059999823570251), (0.6789838671684265, 0.48771214485168457, 0.3720000088214874), (0.6789838671684265, 0.48771214485168457, 0.5059999823570251), (0.6800223588943481, 0.4717008173465729, 0.5220000147819519), (0.6812106370925903, 0.47186779975891113, 0.5220000147819519), (0.6957489252090454, 0.3598005473613739, 0.5220000147819519), (0.6969372034072876, 0.35996752977371216, 0.5220000147819519), (0.6979756355285645, 0.3439562916755676, 0.5059999823570251), (0.6991639137268066, 0.34412330389022827, 0.5059999823570251), (0.6979756355285645, 0.3439562916755676, 0.3720000088214874), (0.6991639137268066, 0.34412330389022827, 0.3720000088214874), (0.6957489252090454, 0.3598005473613739, 0.35600000619888306), (0.6969372034072876, 0.35996752977371216, 0.35600000619888306), (0.6800223588943481, 0.4717008173465729, 0.35600000619888306), (0.6812106370925903, 0.47186779975891113, 0.35600000619888306)]
        int[] faceVertexCounts = [3, 3, 3, 3, 3, 3, 3, 3, 3, 3, 3, 3, 3, 3, 3, 3, 3, 3, 3, 3, 3, 3, 3, 3, 3, 3, 3, 3]
        int[] faceVertexIndices = [0, 1, 2, 2, 1, 3, 1, 4, 3, 3, 4, 5, 4, 6, 5, 5, 6, 7, 6, 8, 7, 7, 8, 9, 8, 10, 9, 9, 10, 11, 10, 12, 11, 11, 12, 13, 12, 14, 13, 13, 14, 15, 14, 0, 15, 15, 0, 2, 12, 10, 14, 14, 10, 0, 0, 8, 1, 1, 8, 4, 4, 8, 6, 10, 8, 0, 11, 13, 15, 11, 15, 2, 9, 2, 3, 9, 3, 5, 9, 5, 7, 9, 11, 2]
        float3[] extent = [(0.6777955293655396, 0.3439562916755676, 0.35600000619888306), (0.6991639137268066, 0.48771214485168457, 0.5220000147819519)]
        uniform token subdivisionScheme = "none"
        bool physics:collisionEnabled = false
        color3f[] primvars:displayColor = [(0.0235294122248888, 0.04313725605607033, 0.07450980693101883)]
    }
    def Mesh "Cell07_08"
    {
        point3f[] points = [(0.6777955293655396, 0.4875451624393463, 0.5479999780654907), (0.6777955293655396, 0.4875451624393463, 0.6819999814033508), (0.6789838671684265, 0.48771214485168457, 0.5479999780654907), (0.6789838671684265, 0.48771214485168457, 0.6819999814033508), (0.6800223588943481, 0.4717008173465729, 0.6980000138282776), (0.6812106370925903, 0.47186779975891113, 0.6980000138282776), (0.6957489252090454, 0.3598005473613739, 0.6980000138282776), (0.6969372034072876, 0.35996752977371216, 0.6980000138282776), (0.6979756355285645, 0.3439562916755676, 0.6819999814033508), (0.6991639137268066, 0.34412330389022827, 0.6819999814033508), (0.6979756355285645, 0.3439562916755676, 0.5479999780654907), (0.6991639137268066, 0.34412330389022827, 0.5479999780654907), (0.6957489252090454, 0.3598005473613739, 0.5320000052452087), (0.6969372034072876, 0.35996752977371216, 0.5320000052452087), (0.6800223588943481, 0.4717008173465729, 0.5320000052452087), (0.6812106370925903, 0.47186779975891113, 0.5320000052452087)]
        int[] faceVertexCounts = [3, 3, 3, 3, 3, 3, 3, 3, 3, 3, 3, 3, 3, 3, 3, 3, 3, 3, 3, 3, 3, 3, 3, 3, 3, 3, 3, 3]
        int[] faceVertexIndices = [0, 1, 2, 2, 1, 3, 1, 4, 3, 3, 4, 5, 4, 6, 5, 5, 6, 7, 6, 8, 7, 7, 8, 9, 8, 10, 9, 9, 10, 11, 10, 12, 11, 11, 12, 13, 12, 14, 13, 13, 14, 15, 14, 0, 15, 15, 0, 2, 12, 10, 14, 14, 10, 0, 0, 8, 1, 1, 8, 4, 4, 8, 6, 10, 8, 0, 11, 13, 15, 11, 15, 2, 7, 3, 5, 9, 2, 3, 9, 11, 2, 9, 3, 7]
        float3[] extent = [(0.6777955293655396, 0.3439562916755676, 0.5320000052452087), (0.6991639137268066, 0.48771214485168457, 0.6980000138282776)]
        uniform token subdivisionScheme = "none"
        bool physics:collisionEnabled = false
        color3f[] primvars:displayColor = [(0.0235294122248888, 0.04313725605607033, 0.07450980693101883)]
    }
    def Mesh "Cell07_09"
    {
        point3f[] points = [(0.6777955293655396, 0.4875451624393463, 0.7239999771118164), (0.6777955293655396, 0.4875451624393463, 0.8579999804496765), (0.6789838671684265, 0.48771214485168457, 0.7239999771118164), (0.6789838671684265, 0.48771214485168457, 0.8579999804496765), (0.6800223588943481, 0.4717008173465729, 0.8740000128746033), (0.6812106370925903, 0.47186779975891113, 0.8740000128746033), (0.6957489252090454, 0.3598005473613739, 0.8740000128746033), (0.6969372034072876, 0.35996752977371216, 0.8740000128746033), (0.6979756355285645, 0.3439562916755676, 0.8579999804496765), (0.6991639137268066, 0.34412330389022827, 0.8579999804496765), (0.6979756355285645, 0.3439562916755676, 0.7239999771118164), (0.6991639137268066, 0.34412330389022827, 0.7239999771118164), (0.6957489252090454, 0.3598005473613739, 0.7080000042915344), (0.6969372034072876, 0.35996752977371216, 0.7080000042915344), (0.6800223588943481, 0.4717008173465729, 0.7080000042915344), (0.6812106370925903, 0.47186779975891113, 0.7080000042915344)]
        int[] faceVertexCounts = [3, 3, 3, 3, 3, 3, 3, 3, 3, 3, 3, 3, 3, 3, 3, 3, 3, 3, 3, 3, 3, 3, 3, 3, 3, 3, 3, 3]
        int[] faceVertexIndices = [0, 1, 2, 2, 1, 3, 1, 4, 3, 3, 4, 5, 4, 6, 5, 5, 6, 7, 6, 8, 7, 7, 8, 9, 8, 10, 9, 9, 10, 11, 10, 12, 11, 11, 12, 13, 12, 14, 13, 13, 14, 15, 14, 0, 15, 15, 0, 2, 0, 10, 1, 12, 10, 14, 14, 10, 0, 1, 8, 4, 4, 8, 6, 10, 8, 1, 11, 2, 3, 11, 13, 15, 11, 15, 2, 9, 3, 5, 9, 5, 7, 9, 11, 3]
        float3[] extent = [(0.6777955293655396, 0.3439562916755676, 0.7080000042915344), (0.6991639137268066, 0.48771214485168457, 0.8740000128746033)]
        uniform token subdivisionScheme = "none"
        bool physics:collisionEnabled = false
        color3f[] primvars:displayColor = [(0.0235294122248888, 0.04313725605607033, 0.07450980693101883)]
    }
    def Mesh "SensorMast"
    {
        point3f[] points = [(0.47861745953559875, 1.8329179286956787, -0.014000000432133675), (0.5033741593360901, 1.8363971710205078, -0.014000000432133675), (0.5001892447471619, 1.6794265508651733, -0.014000000432133675), (0.5249459743499756, 1.6829057931900024, -0.014000000432133675), (0.5033741593360901, 1.8363971710205078, 0.014000000432133675), (0.47861745953559875, 1.8329179286956787, 0.014000000432133675), (0.5001892447471619, 1.6794265508651733, 0.014000000432133675), (0.5249459743499756, 1.6829057931900024, 0.014000000432133675)]
        int[] faceVertexCounts = [3, 3, 3, 3, 3, 3, 3, 3, 3, 3, 3, 3]
        int[] faceVertexIndices = [0, 1, 2, 2, 1, 3, 4, 5, 6, 4, 6, 7, 0, 5, 1, 5, 4, 1, 7, 6, 2, 7, 2, 3, 0, 2, 5, 2, 6, 5, 3, 1, 4, 7, 3, 4]
        float3[] extent = [(0.47861745953559875, 1.6794265508651733, -0.014000000432133675), (0.5249459743499756, 1.8363971710205078, 0.014000000432133675)]
        uniform token subdivisionScheme = "none"
        bool physics:collisionEnabled = false
        color3f[] primvars:displayColor = [(0.16862745583057404, 0.1882352977991104, 0.21176470816135406)]
    }
    def Mesh "AntennaStub"
    {
        point3f[] points = [(0.4719306230545044, 1.9329609870910645, 0.0017101007979363203), (0.4716320335865021, 1.932918906211853, 0.0000000000000006538166322330363), (0.48554933071136475, 1.8338921070098877, 0.0000000000000006273637403507253), (0.48584792017936707, 1.8339340686798096, 0.0017101007979363203), (0.472790390253067, 1.9330817461013794, 0.0032139380928128958), (0.48670774698257446, 1.834054946899414, 0.0032139380928128958), (0.47410768270492554, 1.9332668781280518, 0.0043301270343363285), (0.4880249798297882, 1.8342399597167969, 0.0043301270343363285), (0.48964086174964905, 1.8344672918319702, 0.004924038890749216), (0.4757235646247864, 1.9334938526153564, 0.004924038890749216), (0.4774431586265564, 1.9337356090545654, 0.004924038890749216), (0.49136045575141907, 1.8347089290618896, 0.004924038890749216), (0.47905901074409485, 1.9339629411697388, 0.0043301270343363285), (0.4929763376712799, 1.8349360227584839, 0.0043301270343363285), (0.48037630319595337, 1.9341479539871216, 0.0032139380928128958), (0.49429360032081604, 1.8351210355758667, 0.0032139380928128958), (0.481236070394516, 1.934268832206726, 0.0017101007979363203), (0.49515339732170105, 1.8352419137954712, 0.0017101007979363203), (0.49545198678970337, 1.8352839946746826, 0.0000000000000006271055011809312), (0.4815346896648407, 1.934310793876648, 0.0000000000000006535584460028014), (0.481236070394516, 1.934268832206726, -0.0017101007979363203), (0.49515339732170105, 1.8352419137954712, -0.0017101007979363203), (0.48037630319595337, 1.9341479539871216, -0.0032139380928128958), (0.49429360032081604, 1.8351210355758667, -0.0032139380928128958), (0.47905901074409485, 1.9339629411697388, -0.0043301270343363285), (0.4929763376712799, 1.8349360227584839, -0.0043301270343363285), (0.4774431586265564, 1.9337356090545654, -0.004924038890749216), (0.49136045575141907, 1.8347089290618896, -0.004924038890749216), (0.48964086174964905, 1.8344672918319702, -0.004924038890749216), (0.4757235646247864, 1.9334938526153564, -0.004924038890749216), (0.47410768270492554, 1.9332668781280518, -0.0043301270343363285), (0.4880249798297882, 1.8342399597167969, -0.0043301270343363285), (0.472790390253067, 1.9330817461013794, -0.0032139380928128958), (0.48670774698257446, 1.834054946899414, -0.0032139380928128958), (0.4719306230545044, 1.9329609870910645, -0.0017101007979363203), (0.48584792017936707, 1.8339340686798096, -0.0017101007979363203)]
        int[] faceVertexCounts = [3, 3, 3, 3, 3, 3, 3, 3, 3, 3, 3, 3, 3, 3, 3, 3, 3, 3, 3, 3, 3, 3, 3, 3, 3, 3, 3, 3, 3, 3, 3, 3, 3, 3, 3, 3, 3, 3, 3, 3, 3, 3, 3, 3, 3, 3, 3, 3, 3, 3, 3, 3, 3, 3, 3, 3, 3, 3, 3, 3, 3, 3, 3, 3, 3, 3, 3, 3]
        int[] faceVertexIndices = [0, 1, 2, 0, 2, 3, 4, 3, 5, 4, 0, 3, 6, 5, 7, 6, 7, 8, 6, 4, 5, 9, 6, 8, 10, 8, 11, 10, 9, 8, 12, 11, 13, 12, 10, 11, 14, 13, 15, 14, 12, 13, 16, 15, 17, 16, 17, 18, 16, 14, 15, 19, 16, 18, 20, 18, 21, 20, 19, 18, 22, 21, 23, 22, 20, 21, 24, 23, 25, 24, 22, 23, 26, 25, 27, 26, 27, 28, 26, 24, 25, 29, 26, 28, 30, 29, 28, 30, 28, 31, 32, 30, 31, 32, 31, 33, 34, 32, 33, 34, 33, 35, 1, 34, 35, 1, 35, 2, 26, 22, 24, 19, 20, 22, 34, 26, 29, 34, 29, 30, 34, 30, 32, 10, 12, 14, 0, 34, 1, 0, 22, 26, 0, 26, 34, 6, 9, 10, 6, 14, 16, 6, 16, 19, 6, 10, 14, 4, 19, 22, 4, 6, 19, 4, 22, 0, 23, 27, 25, 21, 18, 23, 27, 35, 28, 28, 35, 31, 31, 35, 33, 13, 11, 15, 35, 3, 2, 23, 3, 27, 27, 3, 35, 8, 7, 11, 15, 7, 17, 17, 7, 18, 11, 7, 15, 18, 5, 23, 7, 5, 18, 23, 5, 3]
        float3[] extent = [(0.4716320335865021, 1.8338921070098877, -0.004924038890749216), (0.49545198678970337, 1.934310793876648, 0.004924038890749216)]
        uniform token subdivisionScheme = "none"
        bool physics:collisionEnabled = false
        color3f[] primvars:displayColor = [(0.16862745583057404, 0.1882352977991104, 0.21176470816135406)]
    }
    def Mesh "BatteryPackB"
    {
        point3f[] points = [(0.25099998712539673, -0.23800000548362732, -0.5320000052452087), (0.25099998712539673, -0.017999999225139618, -0.5320000052452087), (0.25099998712539673, -0.23800000548362732, 0.35199999809265137), (0.25099998712539673, -0.017999999225139618, 0.35199999809265137), (-0.05400000140070915, -0.017999999225139618, -0.5320000052452087), (-0.05400000140070915, -0.23800000548362732, -0.5320000052452087), (-0.05400000140070915, -0.23800000548362732, 0.35199999809265137), (-0.05400000140070915, -0.017999999225139618, 0.35199999809265137)]
        int[] faceVertexCounts = [3, 3, 3, 3, 3, 3, 3, 3, 3, 3, 3, 3]
        int[] faceVertexIndices = [0, 1, 2, 2, 1, 3, 4, 5, 6, 4, 6, 7, 0, 5, 1, 5, 4, 1, 7, 6, 2, 7, 2, 3, 2, 6, 0, 0, 6, 5, 7, 3, 1, 7, 1, 4]
        float3[] extent = [(-0.05400000140070915, -0.23800000548362732, -0.5320000052452087), (0.25099998712539673, -0.017999999225139618, 0.35199999809265137)]
        uniform token subdivisionScheme = "none"
        bool physics:collisionEnabled = false
        color3f[] primvars:displayColor = [(0.8588235378265381, 0.8784313797950745, 0.8901960849761963)]
    }
}
