#usda 1.0
(
    defaultPrim = "World"
    upAxis = "Y"
    metersPerUnit = 1.0
)

def Xform "World" (
    prepend references = @lunco://components/propulsion/rocket_engine_visual.usda@</Engine>
)
{
    def Mesh "Bell" (
        prepend apiSchemas = "MaterialBindingAPI"
    )
    {
        point3f[] points = [(0.0031430567614734173, 0.041999999433755875, 0.0), (0.0030826637521386147, 0.041999999433755875, 0.0006131799891591072), (0.002903805812820792, 0.041999999433755875, 0.0012027957709506154), (0.002613356104120612, 0.041999999433755875, 0.0017461888492107391), (0.0022224767599254847, 0.041999999433755875, 0.0022224767599254847), (0.0017461888492107391, 0.041999999433755875, 0.002613356104120612), (0.0012027957709506154, 0.041999999433755875, 0.002903805812820792), (0.0006131799891591072, 0.041999999433755875, 0.0030826637521386147), (0.0, 0.041999999433755875, 0.0031430567614734173), (-0.0006131799891591072, 0.041999999433755875, 0.0030826637521386147), (-0.0012027957709506154, 0.041999999433755875, 0.002903805812820792), (-0.0017461888492107391, 0.041999999433755875, 0.002613356104120612), (-0.0022224767599254847, 0.041999999433755875, 0.0022224767599254847), (-0.002613356104120612, 0.041999999433755875, 0.0017461888492107391), (-0.002903805812820792, 0.041999999433755875, 0.0012027957709506154), (-0.0030826637521386147, 0.041999999433755875, 0.0006131799891591072), (-0.0031430567614734173, 0.041999999433755875, 0.0), (-0.0030826637521386147, 0.041999999433755875, -0.0006131799891591072), (-0.002903805812820792, 0.041999999433755875, -0.0012027957709506154), (-0.002613356104120612, 0.041999999433755875, -0.0017461888492107391), (-0.0022224767599254847, 0.041999999433755875, -0.0022224767599254847), (-0.0017461888492107391, 0.041999999433755875, -0.002613356104120612), (-0.0012027957709506154, 0.041999999433755875, -0.002903805812820792), (-0.0006131799891591072, 0.041999999433755875, -0.0030826637521386147), (0.0, 0.041999999433755875, -0.0031430567614734173), (0.0006131799891591072, 0.041999999433755875, -0.0030826637521386147), (0.0012027957709506154, 0.041999999433755875, -0.002903805812820792), (0.0017461888492107391, 0.041999999433755875, -0.002613356104120612), (0.0022224767599254847, 0.041999999433755875, -0.0022224767599254847), (0.002613356104120612, 0.041999999433755875, -0.0017461888492107391), (0.002903805812820792, 0.041999999433755875, -0.0012027957709506154), (0.0030826637521386147, 0.041999999433755875, -0.0006131799891591072), (0.0048874071799218655, 0.04141666740179062, 0.0), (0.004793496802449226, 0.04141666740179062, 0.0009534857817925513), (0.004515375476330519, 0.04141666740179062, 0.001870329724624753), (0.004063730593770742, 0.04141666740179062, 0.002715297741815448), (0.003455918515101075, 0.04141666740179062, 0.003455918515101075), (0.002715297741815448, 0.04141666740179062, 0.004063730593770742), (0.001870329724624753, 0.04141666740179062, 0.004515375476330519), (0.0009534857817925513, 0.04141666740179062, 0.004793496802449226), (0.0, 0.04141666740179062, 0.0048874071799218655), (-0.0009534857817925513, 0.04141666740179062, 0.004793496802449226), (-0.001870329724624753, 0.04141666740179062, 0.004515375476330519), (-0.002715297741815448, 0.04141666740179062, 0.004063730593770742), (-0.003455918515101075, 0.04141666740179062, 0.003455918515101075), (-0.004063730593770742, 0.04141666740179062, 0.002715297741815448), (-0.004515375476330519, 0.04141666740179062, 0.001870329724624753), (-0.004793496802449226, 0.04141666740179062, 0.0009534857817925513), (-0.0048874071799218655, 0.04141666740179062, 0.0), (-0.004793496802449226, 0.04141666740179062, -0.0009534857817925513), (-0.004515375476330519, 0.04141666740179062, -0.001870329724624753), (-0.004063730593770742, 0.04141666740179062, -0.002715297741815448), (-0.003455918515101075, 0.04141666740179062, -0.003455918515101075), (-0.002715297741815448, 0.04141666740179062, -0.004063730593770742), (-0.001870329724624753, 0.04141666740179062, -0.004515375476330519), (-0.0009534857817925513, 0.04141666740179062, -0.004793496802449226), (0.0, 0.04141666740179062, -0.0048874071799218655), (0.0009534857817925513, 0.04141666740179062, -0.004793496802449226), (0.001870329724624753, 0.04141666740179062, -0.004515375476330519), (0.002715297741815448, 0.04141666740179062, -0.004063730593770742), (0.003455918515101075, 0.04141666740179062, -0.003455918515101075), (0.004063730593770742, 0.04141666740179062, -0.002715297741815448), (0.004515375476330519, 0.04141666740179062, -0.001870329724624753), (0.004793496802449226, 0.04141666740179062, -0.0009534857817925513), (0.0068821534514427185, 0.03966666758060455, 0.0), (0.006749914493411779, 0.03966666758060455, 0.00134264153894037), (0.006358280777931213, 0.03966666758060455, 0.0026336859446018934), (0.005722301546484232, 0.03966666758060455, 0.0038235194515436888), (0.004866417031735182, 0.03966666758060455, 0.004866417031735182), (0.0038235194515436888, 0.03966666758060455, 0.005722301546484232), (0.0026336859446018934, 0.03966666758060455, 0.006358280777931213), (0.00134264153894037, 0.03966666758060455, 0.006749914493411779), (0.0, 0.03966666758060455, 0.0068821534514427185), (-0.00134264153894037, 0.03966666758060455, 0.006749914493411779), (-0.0026336859446018934, 0.03966666758060455, 0.006358280777931213), (-0.0038235194515436888, 0.03966666758060455, 0.005722301546484232), (-0.004866417031735182, 0.03966666758060455, 0.004866417031735182), (-0.005722301546484232, 0.03966666758060455, 0.0038235194515436888), (-0.006358280777931213, 0.03966666758060455, 0.0026336859446018934), (-0.006749914493411779, 0.03966666758060455, 0.00134264153894037), (-0.0068821534514427185, 0.03966666758060455, 0.0), (-0.006749914493411779, 0.03966666758060455, -0.00134264153894037), (-0.006358280777931213, 0.03966666758060455, -0.0026336859446018934), (-0.005722301546484232, 0.03966666758060455, -0.0038235194515436888), (-0.004866417031735182, 0.03966666758060455, -0.004866417031735182), (-0.0038235194515436888, 0.03966666758060455, -0.005722301546484232), (-0.0026336859446018934, 0.03966666758060455, -0.006358280777931213), (-0.00134264153894037, 0.03966666758060455, -0.006749914493411779), (0.0, 0.03966666758060455, -0.0068821534514427185), (0.00134264153894037, 0.03966666758060455, -0.006749914493411779), (0.0026336859446018934, 0.03966666758060455, -0.006358280777931213), (0.0038235194515436888, 0.03966666758060455, -0.005722301546484232), (0.004866417031735182, 0.03966666758060455, -0.004866417031735182), (0.005722301546484232, 0.03966666758060455, -0.0038235194515436888), (0.006358280777931213, 0.03966666758060455, -0.0026336859446018934), (0.006749914493411779, 0.03966666758060455, -0.00134264153894037), (0.008983786217868328, 0.03674999997019768, 0.0), (0.008811164647340775, 0.03674999997019768, 0.0017526496667414904), (0.00829993560910225, 0.03674999997019768, 0.0034379460848867893), (0.007469744887202978, 0.03674999997019768, 0.004991123918443918), (0.006352495867758989, 0.03674999997019768, 0.006352495867758989), (0.004991123918443918, 0.03674999997019768, 0.007469744887202978), (0.0034379460848867893, 0.03674999997019768, 0.00829993560910225), (0.0017526496667414904, 0.03674999997019768, 0.008811164647340775), (0.0, 0.03674999997019768, 0.008983786217868328), (-0.0017526496667414904, 0.03674999997019768, 0.008811164647340775), (-0.0034379460848867893, 0.03674999997019768, 0.00829993560910225), (-0.004991123918443918, 0.03674999997019768, 0.007469744887202978), (-0.006352495867758989, 0.03674999997019768, 0.006352495867758989), (-0.007469744887202978, 0.03674999997019768, 0.004991123918443918), (-0.00829993560910225, 0.03674999997019768, 0.0034379460848867893), (-0.008811164647340775, 0.03674999997019768, 0.0017526496667414904), (-0.008983786217868328, 0.03674999997019768, 0.0), (-0.008811164647340775, 0.03674999997019768, -0.0017526496667414904), (-0.00829993560910225, 0.03674999997019768, -0.0034379460848867893), (-0.007469744887202978, 0.03674999997019768, -0.004991123918443918), (-0.006352495867758989, 0.03674999997019768, -0.006352495867758989), (-0.004991123918443918, 0.03674999997019768, -0.007469744887202978), (-0.0034379460848867893, 0.03674999997019768, -0.00829993560910225), (-0.0017526496667414904, 0.03674999997019768, -0.008811164647340775), (0.0, 0.03674999997019768, -0.008983786217868328), (0.0017526496667414904, 0.03674999997019768, -0.008811164647340775), (0.0034379460848867893, 0.03674999997019768, -0.00829993560910225), (0.004991123918443918, 0.03674999997019768, -0.007469744887202978), (0.006352495867758989, 0.03674999997019768, -0.006352495867758989), (0.007469744887202978, 0.03674999997019768, -0.004991123918443918), (0.00829993560910225, 0.03674999997019768, -0.0034379460848867893), (0.008811164647340775, 0.03674999997019768, -0.0017526496667414904), (0.011157985776662827, 0.03266666829586029, 0.0), (0.010943587869405746, 0.03266666829586029, 0.0021768149454146624), (0.010308634489774704, 0.03266666829586029, 0.004269976168870926), (0.009277526289224625, 0.03266666829586029, 0.006199044641107321), (0.007889887318015099, 0.03266666829586029, 0.007889887318015099), (0.006199044641107321, 0.03266666829586029, 0.009277526289224625), (0.004269976168870926, 0.03266666829586029, 0.010308634489774704), (0.0021768149454146624, 0.03266666829586029, 0.010943587869405746), (0.0, 0.03266666829586029, 0.011157985776662827), (-0.0021768149454146624, 0.03266666829586029, 0.010943587869405746), (-0.004269976168870926, 0.03266666829586029, 0.010308634489774704), (-0.006199044641107321, 0.03266666829586029, 0.009277526289224625), (-0.007889887318015099, 0.03266666829586029, 0.007889887318015099), (-0.009277526289224625, 0.03266666829586029, 0.006199044641107321), (-0.010308634489774704, 0.03266666829586029, 0.004269976168870926), (-0.010943587869405746, 0.03266666829586029, 0.0021768149454146624), (-0.011157985776662827, 0.03266666829586029, 0.0), (-0.010943587869405746, 0.03266666829586029, -0.0021768149454146624), (-0.010308634489774704, 0.03266666829586029, -0.004269976168870926), (-0.009277526289224625, 0.03266666829586029, -0.006199044641107321), (-0.007889887318015099, 0.03266666829586029, -0.007889887318015099), (-0.006199044641107321, 0.03266666829586029, -0.009277526289224625), (-0.004269976168870926, 0.03266666829586029, -0.010308634489774704), (-0.0021768149454146624, 0.03266666829586029, -0.010943587869405746), (0.0, 0.03266666829586029, -0.011157985776662827), (0.0021768149454146624, 0.03266666829586029, -0.010943587869405746), (0.004269976168870926, 0.03266666829586029, -0.010308634489774704), (0.006199044641107321, 0.03266666829586029, -0.009277526289224625), (0.007889887318015099, 0.03266666829586029, -0.007889887318015099), (0.009277526289224625, 0.03266666829586029, -0.006199044641107321), (0.010308634489774704, 0.03266666829586029, -0.004269976168870926), (0.010943587869405746, 0.03266666829586029, -0.0021768149454146624), (0.013387790881097317, 0.027416666969656944, 0.0), (0.013130548410117626, 0.027416666969656944, 0.002611828502267599), (0.012368706054985523, 0.027416666969656944, 0.005123285576701164), (0.01113154087215662, 0.027416666969656944, 0.007437857799232006), (0.009466597810387611, 0.027416666969656944, 0.009466597810387611), (0.007437857799232006, 0.027416666969656944, 0.01113154087215662), (0.005123285576701164, 0.027416666969656944, 0.012368706054985523), (0.002611828502267599, 0.027416666969656944, 0.013130548410117626), (0.0, 0.027416666969656944, 0.013387790881097317), (-0.002611828502267599, 0.027416666969656944, 0.013130548410117626), (-0.005123285576701164, 0.027416666969656944, 0.012368706054985523), (-0.007437857799232006, 0.027416666969656944, 0.01113154087215662), (-0.009466597810387611, 0.027416666969656944, 0.009466597810387611), (-0.01113154087215662, 0.027416666969656944, 0.007437857799232006), (-0.012368706054985523, 0.027416666969656944, 0.005123285576701164), (-0.013130548410117626, 0.027416666969656944, 0.002611828502267599), (-0.013387790881097317, 0.027416666969656944, 0.0), (-0.013130548410117626, 0.027416666969656944, -0.002611828502267599), (-0.012368706054985523, 0.027416666969656944, -0.005123285576701164), (-0.01113154087215662, 0.027416666969656944, -0.007437857799232006), (-0.009466597810387611, 0.027416666969656944, -0.009466597810387611), (-0.007437857799232006, 0.027416666969656944, -0.01113154087215662), (-0.005123285576701164, 0.027416666969656944, -0.012368706054985523), (-0.002611828502267599, 0.027416666969656944, -0.013130548410117626), (0.0, 0.027416666969656944, -0.013387790881097317), (0.002611828502267599, 0.027416666969656944, -0.013130548410117626), (0.005123285576701164, 0.027416666969656944, -0.012368706054985523), (0.007437857799232006, 0.027416666969656944, -0.01113154087215662), (0.009466597810387611, 0.027416666969656944, -0.009466597810387611), (0.01113154087215662, 0.027416666969656944, -0.007437857799232006), (0.012368706054985523, 0.027416666969656944, -0.005123285576701164), (0.013130548410117626, 0.027416666969656944, -0.002611828502267599), (0.01566293276846409, 0.020999999716877937, 0.0), (0.015361974947154522, 0.020999999716877937, 0.003055686829611659), (0.014470663852989674, 0.020999999716877937, 0.005993945058435202), (0.0130232535302639, 0.020999999716877937, 0.008701859973371029), (0.011075366288423538, 0.020999999716877937, 0.011075366288423538), (0.008701859973371029, 0.020999999716877937, 0.0130232535302639), (0.005993945058435202, 0.020999999716877937, 0.014470663852989674), (0.003055686829611659, 0.020999999716877937, 0.015361974947154522), (0.0, 0.020999999716877937, 0.01566293276846409), (-0.003055686829611659, 0.020999999716877937, 0.015361974947154522), (-0.005993945058435202, 0.020999999716877937, 0.014470663852989674), (-0.008701859973371029, 0.020999999716877937, 0.0130232535302639), (-0.011075366288423538, 0.020999999716877937, 0.011075366288423538), (-0.0130232535302639, 0.020999999716877937, 0.008701859973371029), (-0.014470663852989674, 0.020999999716877937, 0.005993945058435202), (-0.015361974947154522, 0.020999999716877937, 0.003055686829611659), (-0.01566293276846409, 0.020999999716877937, 0.0), (-0.015361974947154522, 0.020999999716877937, -0.003055686829611659), (-0.014470663852989674, 0.020999999716877937, -0.005993945058435202), (-0.0130232535302639, 0.020999999716877937, -0.008701859973371029), (-0.011075366288423538, 0.020999999716877937, -0.011075366288423538), (-0.008701859973371029, 0.020999999716877937, -0.0130232535302639), (-0.005993945058435202, 0.020999999716877937, -0.014470663852989674), (-0.003055686829611659, 0.020999999716877937, -0.015361974947154522), (0.0, 0.020999999716877937, -0.01566293276846409), (0.003055686829611659, 0.020999999716877937, -0.015361974947154522), (0.005993945058435202, 0.020999999716877937, -0.014470663852989674), (0.008701859973371029, 0.020999999716877937, -0.0130232535302639), (0.011075366288423538, 0.020999999716877937, -0.011075366288423538), (0.0130232535302639, 0.020999999716877937, -0.008701859973371029), (0.014470663852989674, 0.020999999716877937, -0.005993945058435202), (0.015361974947154522, 0.020999999716877937, -0.003055686829611659), (0.017976485192775726, 0.01341666653752327, 0.0), (0.01763107068836689, 0.01341666653752327, 0.003507038112729788), (0.01660810597240925, 0.01341666653752327, 0.0068793026730418205), (0.014946900308132172, 0.01341666653752327, 0.009987199679017067), (0.012711293995380402, 0.01341666653752327, 0.012711293995380402), (0.009987199679017067, 0.01341666653752327, 0.014946900308132172), (0.0068793026730418205, 0.01341666653752327, 0.01660810597240925), (0.003507038112729788, 0.01341666653752327, 0.01763107068836689), (0.0, 0.01341666653752327, 0.017976485192775726), (-0.003507038112729788, 0.01341666653752327, 0.01763107068836689), (-0.0068793026730418205, 0.01341666653752327, 0.01660810597240925), (-0.009987199679017067, 0.01341666653752327, 0.014946900308132172), (-0.012711293995380402, 0.01341666653752327, 0.012711293995380402), (-0.014946900308132172, 0.01341666653752327, 0.009987199679017067), (-0.01660810597240925, 0.01341666653752327, 0.0068793026730418205), (-0.01763107068836689, 0.01341666653752327, 0.003507038112729788), (-0.017976485192775726, 0.01341666653752327, 0.0), (-0.01763107068836689, 0.01341666653752327, -0.003507038112729788), (-0.01660810597240925, 0.01341666653752327, -0.0068793026730418205), (-0.014946900308132172, 0.01341666653752327, -0.009987199679017067), (-0.012711293995380402, 0.01341666653752327, -0.012711293995380402), (-0.009987199679017067, 0.01341666653752327, -0.014946900308132172), (-0.0068793026730418205, 0.01341666653752327, -0.01660810597240925), (-0.003507038112729788, 0.01341666653752327, -0.01763107068836689), (0.0, 0.01341666653752327, -0.017976485192775726), (0.003507038112729788, 0.01341666653752327, -0.01763107068836689), (0.0068793026730418205, 0.01341666653752327, -0.01660810597240925), (0.009987199679017067, 0.01341666653752327, -0.014946900308132172), (0.012711293995380402, 0.01341666653752327, -0.012711293995380402), (0.014946900308132172, 0.01341666653752327, -0.009987199679017067), (0.01660810597240925, 0.01341666653752327, -0.0068793026730418205), (0.01763107068836689, 0.01341666653752327, -0.003507038112729788), (0.020323432981967926, 0.004666666500270367, 0.0), (0.019932923838496208, 0.004666666500270367, 0.00396490516141057), (0.01877640374004841, 0.004666666500270367, 0.007777440827339888), (0.016898317262530327, 0.004666666500270367, 0.01129109412431717), (0.01437083724886179, 0.004666666500270367, 0.01437083724886179), (0.01129109412431717, 0.004666666500270367, 0.016898317262530327), (0.007777440827339888, 0.004666666500270367, 0.01877640374004841), (0.00396490516141057, 0.004666666500270367, 0.019932923838496208), (0.0, 0.004666666500270367, 0.020323432981967926), (-0.00396490516141057, 0.004666666500270367, 0.019932923838496208), (-0.007777440827339888, 0.004666666500270367, 0.01877640374004841), (-0.01129109412431717, 0.004666666500270367, 0.016898317262530327), (-0.01437083724886179, 0.004666666500270367, 0.01437083724886179), (-0.016898317262530327, 0.004666666500270367, 0.01129109412431717), (-0.01877640374004841, 0.004666666500270367, 0.007777440827339888), (-0.019932923838496208, 0.004666666500270367, 0.00396490516141057), (-0.020323432981967926, 0.004666666500270367, 0.0), (-0.019932923838496208, 0.004666666500270367, -0.00396490516141057), (-0.01877640374004841, 0.004666666500270367, -0.007777440827339888), (-0.016898317262530327, 0.004666666500270367, -0.01129109412431717), (-0.01437083724886179, 0.004666666500270367, -0.01437083724886179), (-0.01129109412431717, 0.004666666500270367, -0.016898317262530327), (-0.007777440827339888, 0.004666666500270367, -0.01877640374004841), (-0.00396490516141057, 0.004666666500270367, -0.019932923838496208), (0.0, 0.004666666500270367, -0.020323432981967926), (0.00396490516141057, 0.004666666500270367, -0.019932923838496208), (0.007777440827339888, 0.004666666500270367, -0.01877640374004841), (0.01129109412431717, 0.004666666500270367, -0.016898317262530327), (0.01437083724886179, 0.004666666500270367, -0.01437083724886179), (0.016898317262530327, 0.004666666500270367, -0.01129109412431717), (0.01877640374004841, 0.004666666500270367, -0.007777440827339888), (0.019932923838496208, 0.004666666500270367, -0.00396490516141057), (0.022699976339936256, -0.005249999929219484, 0.0), (0.022263802587985992, -0.005249999929219484, 0.004428545478731394), (0.02097204327583313, -0.005249999929219484, 0.008686904795467854), (0.018874339759349823, -0.005249999929219484, 0.012611431069672108), (0.016051307320594788, -0.005249999929219484, 0.016051307320594788), (0.012611431069672108, -0.005249999929219484, 0.018874339759349823), (0.008686904795467854, -0.005249999929219484, 0.02097204327583313), (0.004428545478731394, -0.005249999929219484, 0.022263802587985992), (0.0, -0.005249999929219484, 0.022699976339936256), (-0.004428545478731394, -0.005249999929219484, 0.022263802587985992), (-0.008686904795467854, -0.005249999929219484, 0.02097204327583313), (-0.012611431069672108, -0.005249999929219484, 0.018874339759349823), (-0.016051307320594788, -0.005249999929219484, 0.016051307320594788), (-0.018874339759349823, -0.005249999929219484, 0.012611431069672108), (-0.02097204327583313, -0.005249999929219484, 0.008686904795467854), (-0.022263802587985992, -0.005249999929219484, 0.004428545478731394), (-0.022699976339936256, -0.005249999929219484, 0.0), (-0.022263802587985992, -0.005249999929219484, -0.004428545478731394), (-0.02097204327583313, -0.005249999929219484, -0.008686904795467854), (-0.018874339759349823, -0.005249999929219484, -0.012611431069672108), (-0.016051307320594788, -0.005249999929219484, -0.016051307320594788), (-0.012611431069672108, -0.005249999929219484, -0.018874339759349823), (-0.008686904795467854, -0.005249999929219484, -0.02097204327583313), (-0.004428545478731394, -0.005249999929219484, -0.022263802587985992), (0.0, -0.005249999929219484, -0.022699976339936256), (0.004428545478731394, -0.005249999929219484, -0.022263802587985992), (0.008686904795467854, -0.005249999929219484, -0.02097204327583313), (0.012611431069672108, -0.005249999929219484, -0.018874339759349823), (0.016051307320594788, -0.005249999929219484, -0.016051307320594788), (0.018874339759349823, -0.005249999929219484, -0.012611431069672108), (0.02097204327583313, -0.005249999929219484, -0.008686904795467854), (0.022263802587985992, -0.005249999929219484, -0.004428545478731394), (0.025103123858571053, -0.016333334147930145, 0.0), (0.024620775133371353, -0.016333334147930145, 0.004897376522421837), (0.023192262277007103, -0.016333334147930145, 0.009606549516320229), (0.020872484892606735, -0.016333334147930145, 0.013946549035608768), (0.017750589177012444, -0.016333334147930145, 0.017750589177012444), (0.013946549035608768, -0.016333334147930145, 0.020872484892606735), (0.009606549516320229, -0.016333334147930145, 0.023192262277007103), (0.004897376522421837, -0.016333334147930145, 0.024620775133371353), (0.0, -0.016333334147930145, 0.025103123858571053), (-0.004897376522421837, -0.016333334147930145, 0.024620775133371353), (-0.009606549516320229, -0.016333334147930145, 0.023192262277007103), (-0.013946549035608768, -0.016333334147930145, 0.020872484892606735), (-0.017750589177012444, -0.016333334147930145, 0.017750589177012444), (-0.020872484892606735, -0.016333334147930145, 0.013946549035608768), (-0.023192262277007103, -0.016333334147930145, 0.009606549516320229), (-0.024620775133371353, -0.016333334147930145, 0.004897376522421837), (-0.025103123858571053, -0.016333334147930145, 0.0), (-0.024620775133371353, -0.016333334147930145, -0.004897376522421837), (-0.023192262277007103, -0.016333334147930145, -0.009606549516320229), (-0.020872484892606735, -0.016333334147930145, -0.013946549035608768), (-0.017750589177012444, -0.016333334147930145, -0.017750589177012444), (-0.013946549035608768, -0.016333334147930145, -0.020872484892606735), (-0.009606549516320229, -0.016333334147930145, -0.023192262277007103), (-0.004897376522421837, -0.016333334147930145, -0.024620775133371353), (0.0, -0.016333334147930145, -0.025103123858571053), (0.004897376522421837, -0.016333334147930145, -0.024620775133371353), (0.009606549516320229, -0.016333334147930145, -0.023192262277007103), (0.013946549035608768, -0.016333334147930145, -0.020872484892606735), (0.017750589177012444, -0.016333334147930145, -0.017750589177012444), (0.020872484892606735, -0.016333334147930145, -0.013946549035608768), (0.023192262277007103, -0.016333334147930145, -0.009606549516320229), (0.024620775133371353, -0.016333334147930145, -0.004897376522421837), (0.02753046341240406, -0.028583332896232605, 0.0), (0.027001474052667618, -0.028583332896232605, 0.005370927043259144), (0.025434833019971848, -0.028583332896232605, 0.010535452514886856), (0.022890744730830193, -0.028583332896232605, 0.01529510598629713), (0.019466977566480637, -0.028583332896232605, 0.019466977566480637), (0.01529510598629713, -0.028583332896232605, 0.022890744730830193), (0.010535452514886856, -0.028583332896232605, 0.025434833019971848), (0.005370927043259144, -0.028583332896232605, 0.027001474052667618), (0.0, -0.028583332896232605, 0.02753046341240406), (-0.005370927043259144, -0.028583332896232605, 0.027001474052667618), (-0.010535452514886856, -0.028583332896232605, 0.025434833019971848), (-0.01529510598629713, -0.028583332896232605, 0.022890744730830193), (-0.019466977566480637, -0.028583332896232605, 0.019466977566480637), (-0.022890744730830193, -0.028583332896232605, 0.01529510598629713), (-0.025434833019971848, -0.028583332896232605, 0.010535452514886856), (-0.027001474052667618, -0.028583332896232605, 0.005370927043259144), (-0.02753046341240406, -0.028583332896232605, 0.0), (-0.027001474052667618, -0.028583332896232605, -0.005370927043259144), (-0.025434833019971848, -0.028583332896232605, -0.010535452514886856), (-0.022890744730830193, -0.028583332896232605, -0.01529510598629713), (-0.019466977566480637, -0.028583332896232605, -0.019466977566480637), (-0.01529510598629713, -0.028583332896232605, -0.022890744730830193), (-0.010535452514886856, -0.028583332896232605, -0.025434833019971848), (-0.005370927043259144, -0.028583332896232605, -0.027001474052667618), (0.0, -0.028583332896232605, -0.02753046341240406), (0.005370927043259144, -0.028583332896232605, -0.027001474052667618), (0.010535452514886856, -0.028583332896232605, -0.025434833019971848), (0.01529510598629713, -0.028583332896232605, -0.022890744730830193), (0.019466977566480637, -0.028583332896232605, -0.019466977566480637), (0.022890744730830193, -0.028583332896232605, -0.01529510598629713), (0.025434833019971848, -0.028583332896232605, -0.010535452514886856), (0.027001474052667618, -0.028583332896232605, -0.005370927043259144), (0.029980000108480453, -0.041999999433755875, 0.0), (0.029403943568468094, -0.041999999433755875, 0.0058488077484071255), (0.027697907760739326, -0.041999999433755875, 0.011472849175333977), (0.02492745965719223, -0.041999999433755875, 0.016655996441841125), (0.02119906060397625, -0.041999999433755875, 0.02119906060397625), (0.016655996441841125, -0.041999999433755875, 0.02492745965719223), (0.011472849175333977, -0.041999999433755875, 0.027697907760739326), (0.0058488077484071255, -0.041999999433755875, 0.029403943568468094), (0.0, -0.041999999433755875, 0.029980000108480453), (-0.0058488077484071255, -0.041999999433755875, 0.029403943568468094), (-0.011472849175333977, -0.041999999433755875, 0.027697907760739326), (-0.016655996441841125, -0.041999999433755875, 0.02492745965719223), (-0.02119906060397625, -0.041999999433755875, 0.02119906060397625), (-0.02492745965719223, -0.041999999433755875, 0.016655996441841125), (-0.027697907760739326, -0.041999999433755875, 0.011472849175333977), (-0.029403943568468094, -0.041999999433755875, 0.0058488077484071255), (-0.029980000108480453, -0.041999999433755875, 0.0), (-0.029403943568468094, -0.041999999433755875, -0.0058488077484071255), (-0.027697907760739326, -0.041999999433755875, -0.011472849175333977), (-0.02492745965719223, -0.041999999433755875, -0.016655996441841125), (-0.02119906060397625, -0.041999999433755875, -0.02119906060397625), (-0.016655996441841125, -0.041999999433755875, -0.02492745965719223), (-0.011472849175333977, -0.041999999433755875, -0.027697907760739326), (-0.0058488077484071255, -0.041999999433755875, -0.029403943568468094), (0.0, -0.041999999433755875, -0.029980000108480453), (0.0058488077484071255, -0.041999999433755875, -0.029403943568468094), (0.011472849175333977, -0.041999999433755875, -0.027697907760739326), (0.016655996441841125, -0.041999999433755875, -0.02492745965719223), (0.02119906060397625, -0.041999999433755875, -0.02119906060397625), (0.02492745965719223, -0.041999999433755875, -0.016655996441841125), (0.027697907760739326, -0.041999999433755875, -0.011472849175333977), (0.029403943568468094, -0.041999999433755875, -0.0058488077484071255), (0.030479999259114265, -0.041999999433755875, 0.0), (0.029894335195422173, -0.041999999433755875, 0.005946353077888489), (0.028159847483038902, -0.041999999433755875, 0.011664191260933876), (0.025343194603919983, -0.041999999433755875, 0.016933780163526535), (0.021552614867687225, -0.041999999433755875, 0.021552614867687225), (0.016933780163526535, -0.041999999433755875, 0.025343194603919983), (0.011664191260933876, -0.041999999433755875, 0.028159847483038902), (0.005946353077888489, -0.041999999433755875, 0.029894335195422173), (0.0, -0.041999999433755875, 0.030479999259114265), (-0.005946353077888489, -0.041999999433755875, 0.029894335195422173), (-0.011664191260933876, -0.041999999433755875, 0.028159847483038902), (-0.016933780163526535, -0.041999999433755875, 0.025343194603919983), (-0.021552614867687225, -0.041999999433755875, 0.021552614867687225), (-0.025343194603919983, -0.041999999433755875, 0.016933780163526535), (-0.028159847483038902, -0.041999999433755875, 0.011664191260933876), (-0.029894335195422173, -0.041999999433755875, 0.005946353077888489), (-0.030479999259114265, -0.041999999433755875, 0.0), (-0.029894335195422173, -0.041999999433755875, -0.005946353077888489), (-0.028159847483038902, -0.041999999433755875, -0.011664191260933876), (-0.025343194603919983, -0.041999999433755875, -0.016933780163526535), (-0.021552614867687225, -0.041999999433755875, -0.021552614867687225), (-0.016933780163526535, -0.041999999433755875, -0.025343194603919983), (-0.011664191260933876, -0.041999999433755875, -0.028159847483038902), (-0.005946353077888489, -0.041999999433755875, -0.029894335195422173), (0.0, -0.041999999433755875, -0.030479999259114265), (0.005946353077888489, -0.041999999433755875, -0.029894335195422173), (0.011664191260933876, -0.041999999433755875, -0.028159847483038902), (0.016933780163526535, -0.041999999433755875, -0.025343194603919983), (0.021552614867687225, -0.041999999433755875, -0.021552614867687225), (0.025343194603919983, -0.041999999433755875, -0.016933780163526535), (0.028159847483038902, -0.041999999433755875, -0.011664191260933876), (0.029894335195422173, -0.041999999433755875, -0.005946353077888489), (0.02803046442568302, -0.028583332896232605, 0.0), (0.027491865679621696, -0.028583332896232605, 0.005468472372740507), (0.025896772742271423, -0.028583332896232605, 0.010726794600486755), (0.023306479677557945, -0.028583332896232605, 0.01557289157062769), (0.019820531830191612, -0.028583332896232605, 0.019820531830191612), (0.01557289157062769, -0.028583332896232605, 0.023306479677557945), (0.010726794600486755, -0.028583332896232605, 0.025896772742271423), (0.005468472372740507, -0.028583332896232605, 0.027491865679621696), (0.0, -0.028583332896232605, 0.02803046442568302), (-0.005468472372740507, -0.028583332896232605, 0.027491865679621696), (-0.010726794600486755, -0.028583332896232605, 0.025896772742271423), (-0.01557289157062769, -0.028583332896232605, 0.023306479677557945), (-0.019820531830191612, -0.028583332896232605, 0.019820531830191612), (-0.023306479677557945, -0.028583332896232605, 0.01557289157062769), (-0.025896772742271423, -0.028583332896232605, 0.010726794600486755), (-0.027491865679621696, -0.028583332896232605, 0.005468472372740507), (-0.02803046442568302, -0.028583332896232605, 0.0), (-0.027491865679621696, -0.028583332896232605, -0.005468472372740507), (-0.025896772742271423, -0.028583332896232605, -0.010726794600486755), (-0.023306479677557945, -0.028583332896232605, -0.01557289157062769), (-0.019820531830191612, -0.028583332896232605, -0.019820531830191612), (-0.01557289157062769, -0.028583332896232605, -0.023306479677557945), (-0.010726794600486755, -0.028583332896232605, -0.025896772742271423), (-0.005468472372740507, -0.028583332896232605, -0.027491865679621696), (0.0, -0.028583332896232605, -0.02803046442568302), (0.005468472372740507, -0.028583332896232605, -0.027491865679621696), (0.010726794600486755, -0.028583332896232605, -0.025896772742271423), (0.01557289157062769, -0.028583332896232605, -0.023306479677557945), (0.019820531830191612, -0.028583332896232605, -0.019820531830191612), (0.023306479677557945, -0.028583332896232605, -0.01557289157062769), (0.025896772742271423, -0.028583332896232605, -0.010726794600486755), (0.027491865679621696, -0.028583332896232605, -0.005468472372740507), (0.025603124871850014, -0.016333334147930145, 0.0), (0.02511116862297058, -0.016333334147930145, 0.0049949218519032), (0.02365420199930668, -0.016333334147930145, 0.009797891601920128), (0.021288219839334488, -0.016333334147930145, 0.014224333688616753), (0.01810414344072342, -0.016333334147930145, 0.01810414344072342), (0.014224333688616753, -0.016333334147930145, 0.021288219839334488), (0.009797891601920128, -0.016333334147930145, 0.02365420199930668), (0.0049949218519032, -0.016333334147930145, 0.02511116862297058), (0.0, -0.016333334147930145, 0.025603124871850014), (-0.0049949218519032, -0.016333334147930145, 0.02511116862297058), (-0.009797891601920128, -0.016333334147930145, 0.02365420199930668), (-0.014224333688616753, -0.016333334147930145, 0.021288219839334488), (-0.01810414344072342, -0.016333334147930145, 0.01810414344072342), (-0.021288219839334488, -0.016333334147930145, 0.014224333688616753), (-0.02365420199930668, -0.016333334147930145, 0.009797891601920128), (-0.02511116862297058, -0.016333334147930145, 0.0049949218519032), (-0.025603124871850014, -0.016333334147930145, 0.0), (-0.02511116862297058, -0.016333334147930145, -0.0049949218519032), (-0.02365420199930668, -0.016333334147930145, -0.009797891601920128), (-0.021288219839334488, -0.016333334147930145, -0.014224333688616753), (-0.01810414344072342, -0.016333334147930145, -0.01810414344072342), (-0.014224333688616753, -0.016333334147930145, -0.021288219839334488), (-0.009797891601920128, -0.016333334147930145, -0.02365420199930668), (-0.0049949218519032, -0.016333334147930145, -0.02511116862297058), (0.0, -0.016333334147930145, -0.025603124871850014), (0.0049949218519032, -0.016333334147930145, -0.02511116862297058), (0.009797891601920128, -0.016333334147930145, -0.02365420199930668), (0.014224333688616753, -0.016333334147930145, -0.021288219839334488), (0.01810414344072342, -0.016333334147930145, -0.01810414344072342), (0.021288219839334488, -0.016333334147930145, -0.014224333688616753), (0.02365420199930668, -0.016333334147930145, -0.009797891601920128), (0.02511116862297058, -0.016333334147930145, -0.0049949218519032), (0.02319997549057007, -0.005249999929219484, 0.0), (0.02275419421494007, -0.005249999929219484, 0.004526090808212757), (0.021433982998132706, -0.005249999929219484, 0.008878245949745178), (0.019290074706077576, -0.005249999929219484, 0.012889215722680092), (0.016404859721660614, -0.005249999929219484, 0.016404859721660614), (0.012889215722680092, -0.005249999929219484, 0.019290074706077576), (0.008878245949745178, -0.005249999929219484, 0.021433982998132706), (0.004526090808212757, -0.005249999929219484, 0.02275419421494007), (0.0, -0.005249999929219484, 0.02319997549057007), (-0.004526090808212757, -0.005249999929219484, 0.02275419421494007), (-0.008878245949745178, -0.005249999929219484, 0.021433982998132706), (-0.012889215722680092, -0.005249999929219484, 0.019290074706077576), (-0.016404859721660614, -0.005249999929219484, 0.016404859721660614), (-0.019290074706077576, -0.005249999929219484, 0.012889215722680092), (-0.021433982998132706, -0.005249999929219484, 0.008878245949745178), (-0.02275419421494007, -0.005249999929219484, 0.004526090808212757), (-0.02319997549057007, -0.005249999929219484, 0.0), (-0.02275419421494007, -0.005249999929219484, -0.004526090808212757), (-0.021433982998132706, -0.005249999929219484, -0.008878245949745178), (-0.019290074706077576, -0.005249999929219484, -0.012889215722680092), (-0.016404859721660614, -0.005249999929219484, -0.016404859721660614), (-0.012889215722680092, -0.005249999929219484, -0.019290074706077576), (-0.008878245949745178, -0.005249999929219484, -0.021433982998132706), (-0.004526090808212757, -0.005249999929219484, -0.02275419421494007), (0.0, -0.005249999929219484, -0.02319997549057007), (0.004526090808212757, -0.005249999929219484, -0.02275419421494007), (0.008878245949745178, -0.005249999929219484, -0.021433982998132706), (0.012889215722680092, -0.005249999929219484, -0.019290074706077576), (0.016404859721660614, -0.005249999929219484, -0.016404859721660614), (0.019290074706077576, -0.005249999929219484, -0.012889215722680092), (0.021433982998132706, -0.005249999929219484, -0.008878245949745178), (0.02275419421494007, -0.005249999929219484, -0.004526090808212757), (0.020823432132601738, 0.004666666500270367, 0.0), (0.020423315465450287, 0.004666666500270367, 0.004062450025230646), (0.019238343462347984, 0.004666666500270367, 0.0079687824472785), (0.01731405220925808, 0.004666666500270367, 0.011568879708647728), (0.01472439058125019, 0.004666666500270367, 0.01472439058125019), (0.011568879708647728, 0.004666666500270367, 0.01731405220925808), (0.0079687824472785, 0.004666666500270367, 0.019238343462347984), (0.004062450025230646, 0.004666666500270367, 0.020423315465450287), (0.0, 0.004666666500270367, 0.020823432132601738), (-0.004062450025230646, 0.004666666500270367, 0.020423315465450287), (-0.0079687824472785, 0.004666666500270367, 0.019238343462347984), (-0.011568879708647728, 0.004666666500270367, 0.01731405220925808), (-0.01472439058125019, 0.004666666500270367, 0.01472439058125019), (-0.01731405220925808, 0.004666666500270367, 0.011568879708647728), (-0.019238343462347984, 0.004666666500270367, 0.0079687824472785), (-0.020423315465450287, 0.004666666500270367, 0.004062450025230646), (-0.020823432132601738, 0.004666666500270367, 0.0), (-0.020423315465450287, 0.004666666500270367, -0.004062450025230646), (-0.019238343462347984, 0.004666666500270367, -0.0079687824472785), (-0.01731405220925808, 0.004666666500270367, -0.011568879708647728), (-0.01472439058125019, 0.004666666500270367, -0.01472439058125019), (-0.011568879708647728, 0.004666666500270367, -0.01731405220925808), (-0.0079687824472785, 0.004666666500270367, -0.019238343462347984), (-0.004062450025230646, 0.004666666500270367, -0.020423315465450287), (0.0, 0.004666666500270367, -0.020823432132601738), (0.004062450025230646, 0.004666666500270367, -0.020423315465450287), (0.0079687824472785, 0.004666666500270367, -0.019238343462347984), (0.011568879708647728, 0.004666666500270367, -0.01731405220925808), (0.01472439058125019, 0.004666666500270367, -0.01472439058125019), (0.01731405220925808, 0.004666666500270367, -0.011568879708647728), (0.019238343462347984, 0.004666666500270367, -0.0079687824472785), (0.020423315465450287, 0.004666666500270367, -0.004062450025230646), (0.01847648434340954, 0.01341666653752327, 0.0), (0.018121464177966118, 0.01341666653752327, 0.0036045832093805075), (0.017070045694708824, 0.01341666653752327, 0.0070706442929804325), (0.015362635254859924, 0.01341666653752327, 0.010264985263347626), (0.013064847327768803, 0.01341666653752327, 0.013064847327768803), (0.010264985263347626, 0.01341666653752327, 0.015362635254859924), (0.0070706442929804325, 0.01341666653752327, 0.017070045694708824), (0.0036045832093805075, 0.01341666653752327, 0.018121464177966118), (0.0, 0.01341666653752327, 0.01847648434340954), (-0.0036045832093805075, 0.01341666653752327, 0.018121464177966118), (-0.0070706442929804325, 0.01341666653752327, 0.017070045694708824), (-0.010264985263347626, 0.01341666653752327, 0.015362635254859924), (-0.013064847327768803, 0.01341666653752327, 0.013064847327768803), (-0.015362635254859924, 0.01341666653752327, 0.010264985263347626), (-0.017070045694708824, 0.01341666653752327, 0.0070706442929804325), (-0.018121464177966118, 0.01341666653752327, 0.0036045832093805075), (-0.01847648434340954, 0.01341666653752327, 0.0), (-0.018121464177966118, 0.01341666653752327, -0.0036045832093805075), (-0.017070045694708824, 0.01341666653752327, -0.0070706442929804325), (-0.015362635254859924, 0.01341666653752327, -0.010264985263347626), (-0.013064847327768803, 0.01341666653752327, -0.013064847327768803), (-0.010264985263347626, 0.01341666653752327, -0.015362635254859924), (-0.0070706442929804325, 0.01341666653752327, -0.017070045694708824), (-0.0036045832093805075, 0.01341666653752327, -0.018121464177966118), (0.0, 0.01341666653752327, -0.01847648434340954), (0.0036045832093805075, 0.01341666653752327, -0.018121464177966118), (0.0070706442929804325, 0.01341666653752327, -0.017070045694708824), (0.010264985263347626, 0.01341666653752327, -0.015362635254859924), (0.013064847327768803, 0.01341666653752327, -0.013064847327768803), (0.015362635254859924, 0.01341666653752327, -0.010264985263347626), (0.017070045694708824, 0.01341666653752327, -0.0070706442929804325), (0.018121464177966118, 0.01341666653752327, -0.0036045832093805075), (0.01616293378174305, 0.020999999716877937, 0.0), (0.015852367505431175, 0.020999999716877937, 0.0031532319262623787), (0.01493260357528925, 0.020999999716877937, 0.006185286678373814), (0.013438988476991653, 0.020999999716877937, 0.008979644626379013), (0.01142891962081194, 0.020999999716877937, 0.01142891962081194), (0.008979644626379013, 0.020999999716877937, 0.013438988476991653), (0.006185286678373814, 0.020999999716877937, 0.01493260357528925), (0.0031532319262623787, 0.020999999716877937, 0.015852367505431175), (0.0, 0.020999999716877937, 0.01616293378174305), (-0.0031532319262623787, 0.020999999716877937, 0.015852367505431175), (-0.006185286678373814, 0.020999999716877937, 0.01493260357528925), (-0.008979644626379013, 0.020999999716877937, 0.013438988476991653), (-0.01142891962081194, 0.020999999716877937, 0.01142891962081194), (-0.013438988476991653, 0.020999999716877937, 0.008979644626379013), (-0.01493260357528925, 0.020999999716877937, 0.006185286678373814), (-0.015852367505431175, 0.020999999716877937, 0.0031532319262623787), (-0.01616293378174305, 0.020999999716877937, 0.0), (-0.015852367505431175, 0.020999999716877937, -0.0031532319262623787), (-0.01493260357528925, 0.020999999716877937, -0.006185286678373814), (-0.013438988476991653, 0.020999999716877937, -0.008979644626379013), (-0.01142891962081194, 0.020999999716877937, -0.01142891962081194), (-0.008979644626379013, 0.020999999716877937, -0.013438988476991653), (-0.006185286678373814, 0.020999999716877937, -0.01493260357528925), (-0.0031532319262623787, 0.020999999716877937, -0.015852367505431175), (0.0, 0.020999999716877937, -0.01616293378174305), (0.0031532319262623787, 0.020999999716877937, -0.015852367505431175), (0.006185286678373814, 0.020999999716877937, -0.01493260357528925), (0.008979644626379013, 0.020999999716877937, -0.013438988476991653), (0.01142891962081194, 0.020999999716877937, -0.01142891962081194), (0.013438988476991653, 0.020999999716877937, -0.008979644626379013), (0.01493260357528925, 0.020999999716877937, -0.006185286678373814), (0.015852367505431175, 0.020999999716877937, -0.0031532319262623787), (0.013887790963053703, 0.027416666969656944, 0.0), (0.01362094096839428, 0.027416666969656944, 0.0027093735989183187), (0.012830645777285099, 0.027416666969656944, 0.005314627196639776), (0.011547275818884373, 0.027416666969656944, 0.0077156429179012775), (0.009820151142776012, 0.027416666969656944, 0.009820151142776012), (0.0077156429179012775, 0.027416666969656944, 0.011547275818884373), (0.005314627196639776, 0.027416666969656944, 0.012830645777285099), (0.0027093735989183187, 0.027416666969656944, 0.01362094096839428), (0.0, 0.027416666969656944, 0.013887790963053703), (-0.0027093735989183187, 0.027416666969656944, 0.01362094096839428), (-0.005314627196639776, 0.027416666969656944, 0.012830645777285099), (-0.0077156429179012775, 0.027416666969656944, 0.011547275818884373), (-0.009820151142776012, 0.027416666969656944, 0.009820151142776012), (-0.011547275818884373, 0.027416666969656944, 0.0077156429179012775), (-0.012830645777285099, 0.027416666969656944, 0.005314627196639776), (-0.01362094096839428, 0.027416666969656944, 0.0027093735989183187), (-0.013887790963053703, 0.027416666969656944, 0.0), (-0.01362094096839428, 0.027416666969656944, -0.0027093735989183187), (-0.012830645777285099, 0.027416666969656944, -0.005314627196639776), (-0.011547275818884373, 0.027416666969656944, -0.0077156429179012775), (-0.009820151142776012, 0.027416666969656944, -0.009820151142776012), (-0.0077156429179012775, 0.027416666969656944, -0.011547275818884373), (-0.005314627196639776, 0.027416666969656944, -0.012830645777285099), (-0.0027093735989183187, 0.027416666969656944, -0.01362094096839428), (0.0, 0.027416666969656944, -0.013887790963053703), (0.0027093735989183187, 0.027416666969656944, -0.01362094096839428), (0.005314627196639776, 0.027416666969656944, -0.012830645777285099), (0.0077156429179012775, 0.027416666969656944, -0.011547275818884373), (0.009820151142776012, 0.027416666969656944, -0.009820151142776012), (0.011547275818884373, 0.027416666969656944, -0.0077156429179012775), (0.012830645777285099, 0.027416666969656944, -0.005314627196639776), (0.01362094096839428, 0.027416666969656944, -0.0027093735989183187), (0.011657985858619213, 0.03266666829586029, 0.0), (0.0114339804276824, 0.03266666829586029, 0.002274360042065382), (0.01077057421207428, 0.03266666829586029, 0.004461317788809538), (0.009693260304629803, 0.03266666829586029, 0.006476829759776592), (0.0082434406504035, 0.03266666829586029, 0.0082434406504035), (0.006476829759776592, 0.03266666829586029, 0.009693260304629803), (0.004461317788809538, 0.03266666829586029, 0.01077057421207428), (0.002274360042065382, 0.03266666829586029, 0.0114339804276824), (0.0, 0.03266666829586029, 0.011657985858619213), (-0.002274360042065382, 0.03266666829586029, 0.0114339804276824), (-0.004461317788809538, 0.03266666829586029, 0.01077057421207428), (-0.006476829759776592, 0.03266666829586029, 0.009693260304629803), (-0.0082434406504035, 0.03266666829586029, 0.0082434406504035), (-0.009693260304629803, 0.03266666829586029, 0.006476829759776592), (-0.01077057421207428, 0.03266666829586029, 0.004461317788809538), (-0.0114339804276824, 0.03266666829586029, 0.002274360042065382), (-0.011657985858619213, 0.03266666829586029, 0.0), (-0.0114339804276824, 0.03266666829586029, -0.002274360042065382), (-0.01077057421207428, 0.03266666829586029, -0.004461317788809538), (-0.009693260304629803, 0.03266666829586029, -0.006476829759776592), (-0.0082434406504035, 0.03266666829586029, -0.0082434406504035), (-0.006476829759776592, 0.03266666829586029, -0.009693260304629803), (-0.004461317788809538, 0.03266666829586029, -0.01077057421207428), (-0.002274360042065382, 0.03266666829586029, -0.0114339804276824), (0.0, 0.03266666829586029, -0.011657985858619213), (0.002274360042065382, 0.03266666829586029, -0.0114339804276824), (0.004461317788809538, 0.03266666829586029, -0.01077057421207428), (0.006476829759776592, 0.03266666829586029, -0.009693260304629803), (0.0082434406504035, 0.03266666829586029, -0.0082434406504035), (0.009693260304629803, 0.03266666829586029, -0.006476829759776592), (0.01077057421207428, 0.03266666829586029, -0.004461317788809538), (0.0114339804276824, 0.03266666829586029, -0.002274360042065382), (0.00948378536850214, 0.03674999997019768, 0.0), (0.009301557205617428, 0.03674999997019768, 0.0018501948798075318), (0.008761875331401825, 0.03674999997019768, 0.0036292877048254013), (0.007885479368269444, 0.03674999997019768, 0.00526890903711319), (0.00670604920014739, 0.03674999997019768, 0.00670604920014739), (0.00526890903711319, 0.03674999997019768, 0.007885479368269444), (0.0036292877048254013, 0.03674999997019768, 0.008761875331401825), (0.0018501948798075318, 0.03674999997019768, 0.009301557205617428), (0.0, 0.03674999997019768, 0.00948378536850214), (-0.0018501948798075318, 0.03674999997019768, 0.009301557205617428), (-0.0036292877048254013, 0.03674999997019768, 0.008761875331401825), (-0.00526890903711319, 0.03674999997019768, 0.007885479368269444), (-0.00670604920014739, 0.03674999997019768, 0.00670604920014739), (-0.007885479368269444, 0.03674999997019768, 0.00526890903711319), (-0.008761875331401825, 0.03674999997019768, 0.0036292877048254013), (-0.009301557205617428, 0.03674999997019768, 0.0018501948798075318), (-0.00948378536850214, 0.03674999997019768, 0.0), (-0.009301557205617428, 0.03674999997019768, -0.0018501948798075318), (-0.008761875331401825, 0.03674999997019768, -0.0036292877048254013), (-0.007885479368269444, 0.03674999997019768, -0.00526890903711319), (-0.00670604920014739, 0.03674999997019768, -0.00670604920014739), (-0.00526890903711319, 0.03674999997019768, -0.007885479368269444), (-0.0036292877048254013, 0.03674999997019768, -0.008761875331401825), (-0.0018501948798075318, 0.03674999997019768, -0.009301557205617428), (0.0, 0.03674999997019768, -0.00948378536850214), (0.0018501948798075318, 0.03674999997019768, -0.009301557205617428), (0.0036292877048254013, 0.03674999997019768, -0.008761875331401825), (0.00526890903711319, 0.03674999997019768, -0.007885479368269444), (0.00670604920014739, 0.03674999997019768, -0.00670604920014739), (0.007885479368269444, 0.03674999997019768, -0.00526890903711319), (0.008761875331401825, 0.03674999997019768, -0.0036292877048254013), (0.009301557205617428, 0.03674999997019768, -0.0018501948798075318), (0.007382153067737818, 0.03966666758060455, 0.0), (0.007240307051688433, 0.03966666758060455, 0.0014401866355910897), (0.006820220500230789, 0.03966666758060455, 0.002825027797371149), (0.006138036027550697, 0.03966666758060455, 0.004101304803043604), (0.00521997082978487, 0.03966666758060455, 0.00521997082978487), (0.004101304803043604, 0.03966666758060455, 0.006138036027550697), (0.002825027797371149, 0.03966666758060455, 0.006820220500230789), (0.0014401866355910897, 0.03966666758060455, 0.007240307051688433), (0.0, 0.03966666758060455, 0.007382153067737818), (-0.0014401866355910897, 0.03966666758060455, 0.007240307051688433), (-0.002825027797371149, 0.03966666758060455, 0.006820220500230789), (-0.004101304803043604, 0.03966666758060455, 0.006138036027550697), (-0.00521997082978487, 0.03966666758060455, 0.00521997082978487), (-0.006138036027550697, 0.03966666758060455, 0.004101304803043604), (-0.006820220500230789, 0.03966666758060455, 0.002825027797371149), (-0.007240307051688433, 0.03966666758060455, 0.0014401866355910897), (-0.007382153067737818, 0.03966666758060455, 0.0), (-0.007240307051688433, 0.03966666758060455, -0.0014401866355910897), (-0.006820220500230789, 0.03966666758060455, -0.002825027797371149), (-0.006138036027550697, 0.03966666758060455, -0.004101304803043604), (-0.00521997082978487, 0.03966666758060455, -0.00521997082978487), (-0.004101304803043604, 0.03966666758060455, -0.006138036027550697), (-0.002825027797371149, 0.03966666758060455, -0.006820220500230789), (-0.0014401866355910897, 0.03966666758060455, -0.007240307051688433), (0.0, 0.03966666758060455, -0.007382153067737818), (0.0014401866355910897, 0.03966666758060455, -0.007240307051688433), (0.002825027797371149, 0.03966666758060455, -0.006820220500230789), (0.004101304803043604, 0.03966666758060455, -0.006138036027550697), (0.00521997082978487, 0.03966666758060455, -0.00521997082978487), (0.006138036027550697, 0.03966666758060455, -0.004101304803043604), (0.006820220500230789, 0.03966666758060455, -0.002825027797371149), (0.007240307051688433, 0.03966666758060455, -0.0014401866355910897), (0.005387406796216965, 0.04141666740179062, 0.0), (0.00528388936072588, 0.04141666740179062, 0.0010510309366509318), (0.0049773151986300945, 0.04141666740179062, 0.002061671344563365), (0.004479465074837208, 0.04141666740179062, 0.0029930828604847193), (0.00380947208032012, 0.04141666740179062, 0.00380947208032012), (0.0029930828604847193, 0.04141666740179062, 0.004479465074837208), (0.002061671344563365, 0.04141666740179062, 0.0049773151986300945), (0.0010510309366509318, 0.04141666740179062, 0.00528388936072588), (0.0, 0.04141666740179062, 0.005387406796216965), (-0.0010510309366509318, 0.04141666740179062, 0.00528388936072588), (-0.002061671344563365, 0.04141666740179062, 0.0049773151986300945), (-0.0029930828604847193, 0.04141666740179062, 0.004479465074837208), (-0.00380947208032012, 0.04141666740179062, 0.00380947208032012), (-0.004479465074837208, 0.04141666740179062, 0.0029930828604847193), (-0.0049773151986300945, 0.04141666740179062, 0.002061671344563365), (-0.00528388936072588, 0.04141666740179062, 0.0010510309366509318), (-0.005387406796216965, 0.04141666740179062, 0.0), (-0.00528388936072588, 0.04141666740179062, -0.0010510309366509318), (-0.0049773151986300945, 0.04141666740179062, -0.002061671344563365), (-0.004479465074837208, 0.04141666740179062, -0.0029930828604847193), (-0.00380947208032012, 0.04141666740179062, -0.00380947208032012), (-0.0029930828604847193, 0.04141666740179062, -0.004479465074837208), (-0.002061671344563365, 0.04141666740179062, -0.0049773151986300945), (-0.0010510309366509318, 0.04141666740179062, -0.00528388936072588), (0.0, 0.04141666740179062, -0.005387406796216965), (0.0010510309366509318, 0.04141666740179062, -0.00528388936072588), (0.002061671344563365, 0.04141666740179062, -0.0049773151986300945), (0.0029930828604847193, 0.04141666740179062, -0.004479465074837208), (0.00380947208032012, 0.04141666740179062, -0.00380947208032012), (0.004479465074837208, 0.04141666740179062, -0.0029930828604847193), (0.0049773151986300945, 0.04141666740179062, -0.002061671344563365), (0.00528388936072588, 0.04141666740179062, -0.0010510309366509318), (0.003643056843429804, 0.041999999433755875, 0.0), (0.0035730565432459116, 0.041999999433755875, 0.0007107251440174878), (0.003365745535120368, 0.041999999433755875, 0.0013941375073045492), (0.003029091050848365, 0.041999999433755875, 0.0020239739678800106), (0.0025760300923138857, 0.041999999433755875, 0.0025760300923138857), (0.0020239739678800106, 0.041999999433755875, 0.003029091050848365), (0.0013941375073045492, 0.041999999433755875, 0.003365745535120368), (0.0007107251440174878, 0.041999999433755875, 0.0035730565432459116), (0.0, 0.041999999433755875, 0.003643056843429804), (-0.0007107251440174878, 0.041999999433755875, 0.0035730565432459116), (-0.0013941375073045492, 0.041999999433755875, 0.003365745535120368), (-0.0020239739678800106, 0.041999999433755875, 0.003029091050848365), (-0.0025760300923138857, 0.041999999433755875, 0.0025760300923138857), (-0.003029091050848365, 0.041999999433755875, 0.0020239739678800106), (-0.003365745535120368, 0.041999999433755875, 0.0013941375073045492), (-0.0035730565432459116, 0.041999999433755875, 0.0007107251440174878), (-0.003643056843429804, 0.041999999433755875, 0.0), (-0.0035730565432459116, 0.041999999433755875, -0.0007107251440174878), (-0.003365745535120368, 0.041999999433755875, -0.0013941375073045492), (-0.003029091050848365, 0.041999999433755875, -0.0020239739678800106), (-0.0025760300923138857, 0.041999999433755875, -0.0025760300923138857), (-0.0020239739678800106, 0.041999999433755875, -0.003029091050848365), (-0.0013941375073045492, 0.041999999433755875, -0.003365745535120368), (-0.0007107251440174878, 0.041999999433755875, -0.0035730565432459116), (0.0, 0.041999999433755875, -0.003643056843429804), (0.0007107251440174878, 0.041999999433755875, -0.0035730565432459116), (0.0013941375073045492, 0.041999999433755875, -0.003365745535120368), (0.0020239739678800106, 0.041999999433755875, -0.003029091050848365), (0.0025760300923138857, 0.041999999433755875, -0.0025760300923138857), (0.003029091050848365, 0.041999999433755875, -0.0020239739678800106), (0.003365745535120368, 0.041999999433755875, -0.0013941375073045492), (0.0035730565432459116, 0.041999999433755875, -0.0007107251440174878)]
        int[] faceVertexCounts = [4, 4, 4, 4, 4, 4, 4, 4, 4, 4, 4, 4, 4, 4, 4, 4, 4, 4, 4, 4, 4, 4, 4, 4, 4, 4, 4, 4, 4, 4, 4, 4, 4, 4, 4, 4, 4, 4, 4, 4, 4, 4, 4, 4, 4, 4, 4, 4, 4, 4, 4, 4, 4, 4, 4, 4, 4, 4, 4, 4, 4, 4, 4, 4, 4, 4, 4, 4, 4, 4, 4, 4, 4, 4, 4, 4, 4, 4, 4, 4, 4, 4, 4, 4, 4, 4, 4, 4, 4, 4, 4, 4, 4, 4, 4, 4, 4, 4, 4, 4, 4, 4, 4, 4, 4, 4, 4, 4, 4, 4, 4, 4, 4, 4, 4, 4, 4, 4, 4, 4, 4, 4, 4, 4, 4, 4, 4, 4, 4, 4, 4, 4, 4, 4, 4, 4, 4, 4, 4, 4, 4, 4, 4, 4, 4, 4, 4, 4, 4, 4, 4, 4, 4, 4, 4, 4, 4, 4, 4, 4, 4, 4, 4, 4, 4, 4, 4, 4, 4, 4, 4, 4, 4, 4, 4, 4, 4, 4, 4, 4, 4, 4, 4, 4, 4, 4, 4, 4, 4, 4, 4, 4, 4, 4, 4, 4, 4, 4, 4, 4, 4, 4, 4, 4, 4, 4, 4, 4, 4, 4, 4, 4, 4, 4, 4, 4, 4, 4, 4, 4, 4, 4, 4, 4, 4, 4, 4, 4, 4, 4, 4, 4, 4, 4, 4, 4, 4, 4, 4, 4, 4, 4, 4, 4, 4, 4, 4, 4, 4, 4, 4, 4, 4, 4, 4, 4, 4, 4, 4, 4, 4, 4, 4, 4, 4, 4, 4, 4, 4, 4, 4, 4, 4, 4, 4, 4, 4, 4, 4, 4, 4, 4, 4, 4, 4, 4, 4, 4, 4, 4, 4, 4, 4, 4, 4, 4, 4, 4, 4, 4, 4, 4, 4, 4, 4, 4, 4, 4, 4, 4, 4, 4, 4, 4, 4, 4, 4, 4, 4, 4, 4, 4, 4, 4, 4, 4, 4, 4, 4, 4, 4, 4, 4, 4, 4, 4, 4, 4, 4, 4, 4, 4, 4, 4, 4, 4, 4, 4, 4, 4, 4, 4, 4, 4, 4, 4, 4, 4, 4, 4, 4, 4, 4, 4, 4, 4, 4, 4, 4, 4, 4, 4, 4, 4, 4, 4, 4, 4, 4, 4, 4, 4, 4, 4, 4, 4, 4, 4, 4, 4, 4, 4, 4, 4, 4, 4, 4, 4, 4, 4, 4, 4, 4, 4, 4, 4, 4, 4, 4, 4, 4, 4, 4, 4, 4, 4, 4, 4, 4, 4, 4, 4, 4, 4, 4, 4, 4, 4, 4, 4, 4, 4, 4, 4, 4, 4, 4, 4, 4, 4, 4, 4, 4, 4, 4, 4, 4, 4, 4, 4, 4, 4, 4, 4, 4, 4, 4, 4, 4, 4, 4, 4, 4, 4, 4, 4, 4, 4, 4, 4, 4, 4, 4, 4, 4, 4, 4, 4, 4, 4, 4, 4, 4, 4, 4, 4, 4, 4, 4, 4, 4, 4, 4, 4, 4, 4, 4, 4, 4, 4, 4, 4, 4, 4, 4, 4, 4, 4, 4, 4, 4, 4, 4, 4, 4, 4, 4, 4, 4, 4, 4, 4, 4, 4, 4, 4, 4, 4, 4, 4, 4, 4, 4, 4, 4, 4, 4, 4, 4, 4, 4, 4, 4, 4, 4, 4, 4, 4, 4, 4, 4, 4, 4, 4, 4, 4, 4, 4, 4, 4, 4, 4, 4, 4, 4, 4, 4, 4, 4, 4, 4, 4, 4, 4, 4, 4, 4, 4, 4, 4, 4, 4, 4, 4, 4, 4, 4, 4, 4, 4, 4, 4, 4, 4, 4, 4, 4, 4, 4, 4, 4, 4, 4, 4, 4, 4, 4, 4, 4, 4, 4, 4, 4, 4, 4, 4, 4, 4, 4, 4, 4, 4, 4, 4, 4, 4, 4, 4, 4, 4, 4, 4, 4, 4, 4, 4, 4, 4, 4, 4, 4, 4, 4, 4, 4, 4, 4, 4, 4, 4, 4, 4, 4, 4, 4, 4, 4, 4, 4, 4, 4, 4, 4, 4, 4, 4, 4, 4, 4, 4, 4, 4, 4, 4, 4, 4, 4, 4, 4, 4, 4, 4, 4, 4, 4, 4, 4, 4, 4, 4, 4, 4, 4, 4, 4, 4, 4, 4, 4, 4, 4, 4, 4, 4, 4, 4, 4, 4, 4, 4, 4, 4, 4, 4, 4, 4, 4, 4, 4, 4, 4, 4, 4, 4, 4, 4, 4, 4, 4, 4, 4, 4, 4, 4, 4, 4, 4, 4, 4, 4, 4, 4, 4, 4, 4, 4, 4, 4, 4, 4, 4, 4, 4, 4, 4, 4, 4, 4, 4, 4, 4, 4, 4, 4, 4, 4, 4, 4, 4, 4, 4, 4, 4, 4, 4, 4, 4, 4, 4, 4, 4, 4, 4, 4, 4, 4, 4, 4, 4, 4, 4, 4, 4, 4, 4, 4, 4, 4, 4, 4, 4, 4, 4, 4, 4, 4, 4, 4, 4, 4, 4, 4, 4, 4, 4, 4, 4, 4, 4, 4, 4, 4, 4, 4, 4, 4, 4, 4, 4, 4, 4, 4]
        int[] faceVertexIndices = [0, 32, 33, 1, 1, 33, 34, 2, 2, 34, 35, 3, 3, 35, 36, 4, 4, 36, 37, 5, 5, 37, 38, 6, 6, 38, 39, 7, 7, 39, 40, 8, 8, 40, 41, 9, 9, 41, 42, 10, 10, 42, 43, 11, 11, 43, 44, 12, 12, 44, 45, 13, 13, 45, 46, 14, 14, 46, 47, 15, 15, 47, 48, 16, 16, 48, 49, 17, 17, 49, 50, 18, 18, 50, 51, 19, 19, 51, 52, 20, 20, 52, 53, 21, 21, 53, 54, 22, 22, 54, 55, 23, 23, 55, 56, 24, 24, 56, 57, 25, 25, 57, 58, 26, 26, 58, 59, 27, 27, 59, 60, 28, 28, 60, 61, 29, 29, 61, 62, 30, 30, 62, 63, 31, 31, 63, 32, 0, 32, 64, 65, 33, 33, 65, 66, 34, 34, 66, 67, 35, 35, 67, 68, 36, 36, 68, 69, 37, 37, 69, 70, 38, 38, 70, 71, 39, 39, 71, 72, 40, 40, 72, 73, 41, 41, 73, 74, 42, 42, 74, 75, 43, 43, 75, 76, 44, 44, 76, 77, 45, 45, 77, 78, 46, 46, 78, 79, 47, 47, 79, 80, 48, 48, 80, 81, 49, 49, 81, 82, 50, 50, 82, 83, 51, 51, 83, 84, 52, 52, 84, 85, 53, 53, 85, 86, 54, 54, 86, 87, 55, 55, 87, 88, 56, 56, 88, 89, 57, 57, 89, 90, 58, 58, 90, 91, 59, 59, 91, 92, 60, 60, 92, 93, 61, 61, 93, 94, 62, 62, 94, 95, 63, 63, 95, 64, 32, 64, 96, 97, 65, 65, 97, 98, 66, 66, 98, 99, 67, 67, 99, 100, 68, 68, 100, 101, 69, 69, 101, 102, 70, 70, 102, 103, 71, 71, 103, 104, 72, 72, 104, 105, 73, 73, 105, 106, 74, 74, 106, 107, 75, 75, 107, 108, 76, 76, 108, 109, 77, 77, 109, 110, 78, 78, 110, 111, 79, 79, 111, 112, 80, 80, 112, 113, 81, 81, 113, 114, 82, 82, 114, 115, 83, 83, 115, 116, 84, 84, 116, 117, 85, 85, 117, 118, 86, 86, 118, 119, 87, 87, 119, 120, 88, 88, 120, 121, 89, 89, 121, 122, 90, 90, 122, 123, 91, 91, 123, 124, 92, 92, 124, 125, 93, 93, 125, 126, 94, 94, 126, 127, 95, 95, 127, 96, 64, 96, 128, 129, 97, 97, 129, 130, 98, 98, 130, 131, 99, 99, 131, 132, 100, 100, 132, 133, 101, 101, 133, 134, 102, 102, 134, 135, 103, 103, 135, 136, 104, 104, 136, 137, 105, 105, 137, 138, 106, 106, 138, 139, 107, 107, 139, 140, 108, 108, 140, 141, 109, 109, 141, 142, 110, 110, 142, 143, 111, 111, 143, 144, 112, 112, 144, 145, 113, 113, 145, 146, 114, 114, 146, 147, 115, 115, 147, 148, 116, 116, 148, 149, 117, 117, 149, 150, 118, 118, 150, 151, 119, 119, 151, 152, 120, 120, 152, 153, 121, 121, 153, 154, 122, 122, 154, 155, 123, 123, 155, 156, 124, 124, 156, 157, 125, 125, 157, 158, 126, 126, 158, 159, 127, 127, 159, 128, 96, 128, 160, 161, 129, 129, 161, 162, 130, 130, 162, 163, 131, 131, 163, 164, 132, 132, 164, 165, 133, 133, 165, 166, 134, 134, 166, 167, 135, 135, 167, 168, 136, 136, 168, 169, 137, 137, 169, 170, 138, 138, 170, 171, 139, 139, 171, 172, 140, 140, 172, 173, 141, 141, 173, 174, 142, 142, 174, 175, 143, 143, 175, 176, 144, 144, 176, 177, 145, 145, 177, 178, 146, 146, 178, 179, 147, 147, 179, 180, 148, 148, 180, 181, 149, 149, 181, 182, 150, 150, 182, 183, 151, 151, 183, 184, 152, 152, 184, 185, 153, 153, 185, 186, 154, 154, 186, 187, 155, 155, 187, 188, 156, 156, 188, 189, 157, 157, 189, 190, 158, 158, 190, 191, 159, 159, 191, 160, 128, 160, 192, 193, 161, 161, 193, 194, 162, 162, 194, 195, 163, 163, 195, 196, 164, 164, 196, 197, 165, 165, 197, 198, 166, 166, 198, 199, 167, 167, 199, 200, 168, 168, 200, 201, 169, 169, 201, 202, 170, 170, 202, 203, 171, 171, 203, 204, 172, 172, 204, 205, 173, 173, 205, 206, 174, 174, 206, 207, 175, 175, 207, 208, 176, 176, 208, 209, 177, 177, 209, 210, 178, 178, 210, 211, 179, 179, 211, 212, 180, 180, 212, 213, 181, 181, 213, 214, 182, 182, 214, 215, 183, 183, 215, 216, 184, 184, 216, 217, 185, 185, 217, 218, 186, 186, 218, 219, 187, 187, 219, 220, 188, 188, 220, 221, 189, 189, 221, 222, 190, 190, 222, 223, 191, 191, 223, 192, 160, 192, 224, 225, 193, 193, 225, 226, 194, 194, 226, 227, 195, 195, 227, 228, 196, 196, 228, 229, 197, 197, 229, 230, 198, 198, 230, 231, 199, 199, 231, 232, 200, 200, 232, 233, 201, 201, 233, 234, 202, 202, 234, 235, 203, 203, 235, 236, 204, 204, 236, 237, 205, 205, 237, 238, 206, 206, 238, 239, 207, 207, 239, 240, 208, 208, 240, 241, 209, 209, 241, 242, 210, 210, 242, 243, 211, 211, 243, 244, 212, 212, 244, 245, 213, 213, 245, 246, 214, 214, 246, 247, 215, 215, 247, 248, 216, 216, 248, 249, 217, 217, 249, 250, 218, 218, 250, 251, 219, 219, 251, 252, 220, 220, 252, 253, 221, 221, 253, 254, 222, 222, 254, 255, 223, 223, 255, 224, 192, 224, 256, 257, 225, 225, 257, 258, 226, 226, 258, 259, 227, 227, 259, 260, 228, 228, 260, 261, 229, 229, 261, 262, 230, 230, 262, 263, 231, 231, 263, 264, 232, 232, 264, 265, 233, 233, 265, 266, 234, 234, 266, 267, 235, 235, 267, 268, 236, 236, 268, 269, 237, 237, 269, 270, 238, 238, 270, 271, 239, 239, 271, 272, 240, 240, 272, 273, 241, 241, 273, 274, 242, 242, 274, 275, 243, 243, 275, 276, 244, 244, 276, 277, 245, 245, 277, 278, 246, 246, 278, 279, 247, 247, 279, 280, 248, 248, 280, 281, 249, 249, 281, 282, 250, 250, 282, 283, 251, 251, 283, 284, 252, 252, 284, 285, 253, 253, 285, 286, 254, 254, 286, 287, 255, 255, 287, 256, 224, 256, 288, 289, 257, 257, 289, 290, 258, 258, 290, 291, 259, 259, 291, 292, 260, 260, 292, 293, 261, 261, 293, 294, 262, 262, 294, 295, 263, 263, 295, 296, 264, 264, 296, 297, 265, 265, 297, 298, 266, 266, 298, 299, 267, 267, 299, 300, 268, 268, 300, 301, 269, 269, 301, 302, 270, 270, 302, 303, 271, 271, 303, 304, 272, 272, 304, 305, 273, 273, 305, 306, 274, 274, 306, 307, 275, 275, 307, 308, 276, 276, 308, 309, 277, 277, 309, 310, 278, 278, 310, 311, 279, 279, 311, 312, 280, 280, 312, 313, 281, 281, 313, 314, 282, 282, 314, 315, 283, 283, 315, 316, 284, 284, 316, 317, 285, 285, 317, 318, 286, 286, 318, 319, 287, 287, 319, 288, 256, 288, 320, 321, 289, 289, 321, 322, 290, 290, 322, 323, 291, 291, 323, 324, 292, 292, 324, 325, 293, 293, 325, 326, 294, 294, 326, 327, 295, 295, 327, 328, 296, 296, 328, 329, 297, 297, 329, 330, 298, 298, 330, 331, 299, 299, 331, 332, 300, 300, 332, 333, 301, 301, 333, 334, 302, 302, 334, 335, 303, 303, 335, 336, 304, 304, 336, 337, 305, 305, 337, 338, 306, 306, 338, 339, 307, 307, 339, 340, 308, 308, 340, 341, 309, 309, 341, 342, 310, 310, 342, 343, 311, 311, 343, 344, 312, 312, 344, 345, 313, 313, 345, 346, 314, 314, 346, 347, 315, 315, 347, 348, 316, 316, 348, 349, 317, 317, 349, 350, 318, 318, 350, 351, 319, 319, 351, 320, 288, 320, 352, 353, 321, 321, 353, 354, 322, 322, 354, 355, 323, 323, 355, 356, 324, 324, 356, 357, 325, 325, 357, 358, 326, 326, 358, 359, 327, 327, 359, 360, 328, 328, 360, 361, 329, 329, 361, 362, 330, 330, 362, 363, 331, 331, 363, 364, 332, 332, 364, 365, 333, 333, 365, 366, 334, 334, 366, 367, 335, 335, 367, 368, 336, 336, 368, 369, 337, 337, 369, 370, 338, 338, 370, 371, 339, 339, 371, 372, 340, 340, 372, 373, 341, 341, 373, 374, 342, 342, 374, 375, 343, 343, 375, 376, 344, 344, 376, 377, 345, 345, 377, 378, 346, 346, 378, 379, 347, 347, 379, 380, 348, 348, 380, 381, 349, 349, 381, 382, 350, 350, 382, 383, 351, 351, 383, 352, 320, 352, 384, 385, 353, 353, 385, 386, 354, 354, 386, 387, 355, 355, 387, 388, 356, 356, 388, 389, 357, 357, 389, 390, 358, 358, 390, 391, 359, 359, 391, 392, 360, 360, 392, 393, 361, 361, 393, 394, 362, 362, 394, 395, 363, 363, 395, 396, 364, 364, 396, 397, 365, 365, 397, 398, 366, 366, 398, 399, 367, 367, 399, 400, 368, 368, 400, 401, 369, 369, 401, 402, 370, 370, 402, 403, 371, 371, 403, 404, 372, 372, 404, 405, 373, 373, 405, 406, 374, 374, 406, 407, 375, 375, 407, 408, 376, 376, 408, 409, 377, 377, 409, 410, 378, 378, 410, 411, 379, 379, 411, 412, 380, 380, 412, 413, 381, 381, 413, 414, 382, 382, 414, 415, 383, 383, 415, 384, 352, 384, 416, 417, 385, 385, 417, 418, 386, 386, 418, 419, 387, 387, 419, 420, 388, 388, 420, 421, 389, 389, 421, 422, 390, 390, 422, 423, 391, 391, 423, 424, 392, 392, 424, 425, 393, 393, 425, 426, 394, 394, 426, 427, 395, 395, 427, 428, 396, 396, 428, 429, 397, 397, 429, 430, 398, 398, 430, 431, 399, 399, 431, 432, 400, 400, 432, 433, 401, 401, 433, 434, 402, 402, 434, 435, 403, 403, 435, 436, 404, 404, 436, 437, 405, 405, 437, 438, 406, 406, 438, 439, 407, 407, 439, 440, 408, 408, 440, 441, 409, 409, 441, 442, 410, 410, 442, 443, 411, 411, 443, 444, 412, 412, 444, 445, 413, 413, 445, 446, 414, 414, 446, 447, 415, 415, 447, 416, 384, 416, 448, 449, 417, 417, 449, 450, 418, 418, 450, 451, 419, 419, 451, 452, 420, 420, 452, 453, 421, 421, 453, 454, 422, 422, 454, 455, 423, 423, 455, 456, 424, 424, 456, 457, 425, 425, 457, 458, 426, 426, 458, 459, 427, 427, 459, 460, 428, 428, 460, 461, 429, 429, 461, 462, 430, 430, 462, 463, 431, 431, 463, 464, 432, 432, 464, 465, 433, 433, 465, 466, 434, 434, 466, 467, 435, 435, 467, 468, 436, 436, 468, 469, 437, 437, 469, 470, 438, 438, 470, 471, 439, 439, 471, 472, 440, 440, 472, 473, 441, 441, 473, 474, 442, 442, 474, 475, 443, 443, 475, 476, 444, 444, 476, 477, 445, 445, 477, 478, 446, 446, 478, 479, 447, 447, 479, 448, 416, 448, 480, 481, 449, 449, 481, 482, 450, 450, 482, 483, 451, 451, 483, 484, 452, 452, 484, 485, 453, 453, 485, 486, 454, 454, 486, 487, 455, 455, 487, 488, 456, 456, 488, 489, 457, 457, 489, 490, 458, 458, 490, 491, 459, 459, 491, 492, 460, 460, 492, 493, 461, 461, 493, 494, 462, 462, 494, 495, 463, 463, 495, 496, 464, 464, 496, 497, 465, 465, 497, 498, 466, 466, 498, 499, 467, 467, 499, 500, 468, 468, 500, 501, 469, 469, 501, 502, 470, 470, 502, 503, 471, 471, 503, 504, 472, 472, 504, 505, 473, 473, 505, 506, 474, 474, 506, 507, 475, 475, 507, 508, 476, 476, 508, 509, 477, 477, 509, 510, 478, 478, 510, 511, 479, 479, 511, 480, 448, 480, 512, 513, 481, 481, 513, 514, 482, 482, 514, 515, 483, 483, 515, 516, 484, 484, 516, 517, 485, 485, 517, 518, 486, 486, 518, 519, 487, 487, 519, 520, 488, 488, 520, 521, 489, 489, 521, 522, 490, 490, 522, 523, 491, 491, 523, 524, 492, 492, 524, 525, 493, 493, 525, 526, 494, 494, 526, 527, 495, 495, 527, 528, 496, 496, 528, 529, 497, 497, 529, 530, 498, 498, 530, 531, 499, 499, 531, 532, 500, 500, 532, 533, 501, 501, 533, 534, 502, 502, 534, 535, 503, 503, 535, 536, 504, 504, 536, 537, 505, 505, 537, 538, 506, 506, 538, 539, 507, 507, 539, 540, 508, 508, 540, 541, 509, 509, 541, 542, 510, 510, 542, 543, 511, 511, 543, 512, 480, 512, 544, 545, 513, 513, 545, 546, 514, 514, 546, 547, 515, 515, 547, 548, 516, 516, 548, 549, 517, 517, 549, 550, 518, 518, 550, 551, 519, 519, 551, 552, 520, 520, 552, 553, 521, 521, 553, 554, 522, 522, 554, 555, 523, 523, 555, 556, 524, 524, 556, 557, 525, 525, 557, 558, 526, 526, 558, 559, 527, 527, 559, 560, 528, 528, 560, 561, 529, 529, 561, 562, 530, 530, 562, 563, 531, 531, 563, 564, 532, 532, 564, 565, 533, 533, 565, 566, 534, 534, 566, 567, 535, 535, 567, 568, 536, 536, 568, 569, 537, 537, 569, 570, 538, 538, 570, 571, 539, 539, 571, 572, 540, 540, 572, 573, 541, 541, 573, 574, 542, 542, 574, 575, 543, 543, 575, 544, 512, 544, 576, 577, 545, 545, 577, 578, 546, 546, 578, 579, 547, 547, 579, 580, 548, 548, 580, 581, 549, 549, 581, 582, 550, 550, 582, 583, 551, 551, 583, 584, 552, 552, 584, 585, 553, 553, 585, 586, 554, 554, 586, 587, 555, 555, 587, 588, 556, 556, 588, 589, 557, 557, 589, 590, 558, 558, 590, 591, 559, 559, 591, 592, 560, 560, 592, 593, 561, 561, 593, 594, 562, 562, 594, 595, 563, 563, 595, 596, 564, 564, 596, 597, 565, 565, 597, 598, 566, 566, 598, 599, 567, 567, 599, 600, 568, 568, 600, 601, 569, 569, 601, 602, 570, 570, 602, 603, 571, 571, 603, 604, 572, 572, 604, 605, 573, 573, 605, 606, 574, 574, 606, 607, 575, 575, 607, 576, 544, 576, 608, 609, 577, 577, 609, 610, 578, 578, 610, 611, 579, 579, 611, 612, 580, 580, 612, 613, 581, 581, 613, 614, 582, 582, 614, 615, 583, 583, 615, 616, 584, 584, 616, 617, 585, 585, 617, 618, 586, 586, 618, 619, 587, 587, 619, 620, 588, 588, 620, 621, 589, 589, 621, 622, 590, 590, 622, 623, 591, 591, 623, 624, 592, 592, 624, 625, 593, 593, 625, 626, 594, 594, 626, 627, 595, 595, 627, 628, 596, 596, 628, 629, 597, 597, 629, 630, 598, 598, 630, 631, 599, 599, 631, 632, 600, 600, 632, 633, 601, 601, 633, 634, 602, 602, 634, 635, 603, 603, 635, 636, 604, 604, 636, 637, 605, 605, 637, 638, 606, 606, 638, 639, 607, 607, 639, 608, 576, 608, 640, 641, 609, 609, 641, 642, 610, 610, 642, 643, 611, 611, 643, 644, 612, 612, 644, 645, 613, 613, 645, 646, 614, 614, 646, 647, 615, 615, 647, 648, 616, 616, 648, 649, 617, 617, 649, 650, 618, 618, 650, 651, 619, 619, 651, 652, 620, 620, 652, 653, 621, 621, 653, 654, 622, 622, 654, 655, 623, 623, 655, 656, 624, 624, 656, 657, 625, 625, 657, 658, 626, 626, 658, 659, 627, 627, 659, 660, 628, 628, 660, 661, 629, 629, 661, 662, 630, 630, 662, 663, 631, 631, 663, 664, 632, 632, 664, 665, 633, 633, 665, 666, 634, 634, 666, 667, 635, 635, 667, 668, 636, 636, 668, 669, 637, 637, 669, 670, 638, 638, 670, 671, 639, 639, 671, 640, 608, 640, 672, 673, 641, 641, 673, 674, 642, 642, 674, 675, 643, 643, 675, 676, 644, 644, 676, 677, 645, 645, 677, 678, 646, 646, 678, 679, 647, 647, 679, 680, 648, 648, 680, 681, 649, 649, 681, 682, 650, 650, 682, 683, 651, 651, 683, 684, 652, 652, 684, 685, 653, 653, 685, 686, 654, 654, 686, 687, 655, 655, 687, 688, 656, 656, 688, 689, 657, 657, 689, 690, 658, 658, 690, 691, 659, 659, 691, 692, 660, 660, 692, 693, 661, 661, 693, 694, 662, 662, 694, 695, 663, 663, 695, 696, 664, 664, 696, 697, 665, 665, 697, 698, 666, 666, 698, 699, 667, 667, 699, 700, 668, 668, 700, 701, 669, 669, 701, 702, 670, 670, 702, 703, 671, 671, 703, 672, 640, 672, 704, 705, 673, 673, 705, 706, 674, 674, 706, 707, 675, 675, 707, 708, 676, 676, 708, 709, 677, 677, 709, 710, 678, 678, 710, 711, 679, 679, 711, 712, 680, 680, 712, 713, 681, 681, 713, 714, 682, 682, 714, 715, 683, 683, 715, 716, 684, 684, 716, 717, 685, 685, 717, 718, 686, 686, 718, 719, 687, 687, 719, 720, 688, 688, 720, 721, 689, 689, 721, 722, 690, 690, 722, 723, 691, 691, 723, 724, 692, 692, 724, 725, 693, 693, 725, 726, 694, 694, 726, 727, 695, 695, 727, 728, 696, 696, 728, 729, 697, 697, 729, 730, 698, 698, 730, 731, 699, 699, 731, 732, 700, 700, 732, 733, 701, 701, 733, 734, 702, 702, 734, 735, 703, 703, 735, 704, 672, 704, 736, 737, 705, 705, 737, 738, 706, 706, 738, 739, 707, 707, 739, 740, 708, 708, 740, 741, 709, 709, 741, 742, 710, 710, 742, 743, 711, 711, 743, 744, 712, 712, 744, 745, 713, 713, 745, 746, 714, 714, 746, 747, 715, 715, 747, 748, 716, 716, 748, 749, 717, 717, 749, 750, 718, 718, 750, 751, 719, 719, 751, 752, 720, 720, 752, 753, 721, 721, 753, 754, 722, 722, 754, 755, 723, 723, 755, 756, 724, 724, 756, 757, 725, 725, 757, 758, 726, 726, 758, 759, 727, 727, 759, 760, 728, 728, 760, 761, 729, 729, 761, 762, 730, 730, 762, 763, 731, 731, 763, 764, 732, 732, 764, 765, 733, 733, 765, 766, 734, 734, 766, 767, 735, 735, 767, 736, 704, 736, 768, 769, 737, 737, 769, 770, 738, 738, 770, 771, 739, 739, 771, 772, 740, 740, 772, 773, 741, 741, 773, 774, 742, 742, 774, 775, 743, 743, 775, 776, 744, 744, 776, 777, 745, 745, 777, 778, 746, 746, 778, 779, 747, 747, 779, 780, 748, 748, 780, 781, 749, 749, 781, 782, 750, 750, 782, 783, 751, 751, 783, 784, 752, 752, 784, 785, 753, 753, 785, 786, 754, 754, 786, 787, 755, 755, 787, 788, 756, 756, 788, 789, 757, 757, 789, 790, 758, 758, 790, 791, 759, 759, 791, 792, 760, 760, 792, 793, 761, 761, 793, 794, 762, 762, 794, 795, 763, 763, 795, 796, 764, 764, 796, 797, 765, 765, 797, 798, 766, 766, 798, 799, 767, 767, 799, 768, 736, 768, 800, 801, 769, 769, 801, 802, 770, 770, 802, 803, 771, 771, 803, 804, 772, 772, 804, 805, 773, 773, 805, 806, 774, 774, 806, 807, 775, 775, 807, 808, 776, 776, 808, 809, 777, 777, 809, 810, 778, 778, 810, 811, 779, 779, 811, 812, 780, 780, 812, 813, 781, 781, 813, 814, 782, 782, 814, 815, 783, 783, 815, 816, 784, 784, 816, 817, 785, 785, 817, 818, 786, 786, 818, 819, 787, 787, 819, 820, 788, 788, 820, 821, 789, 789, 821, 822, 790, 790, 822, 823, 791, 791, 823, 824, 792, 792, 824, 825, 793, 793, 825, 826, 794, 794, 826, 827, 795, 795, 827, 828, 796, 796, 828, 829, 797, 797, 829, 830, 798, 798, 830, 831, 799, 799, 831, 800, 768, 800, 0, 1, 801, 801, 1, 2, 802, 802, 2, 3, 803, 803, 3, 4, 804, 804, 4, 5, 805, 805, 5, 6, 806, 806, 6, 7, 807, 807, 7, 8, 808, 808, 8, 9, 809, 809, 9, 10, 810, 810, 10, 11, 811, 811, 11, 12, 812, 812, 12, 13, 813, 813, 13, 14, 814, 814, 14, 15, 815, 815, 15, 16, 816, 816, 16, 17, 817, 817, 17, 18, 818, 818, 18, 19, 819, 819, 19, 20, 820, 820, 20, 21, 821, 821, 21, 22, 822, 822, 22, 23, 823, 823, 23, 24, 824, 824, 24, 25, 825, 825, 25, 26, 826, 826, 26, 27, 827, 827, 27, 28, 828, 828, 28, 29, 829, 829, 29, 30, 830, 830, 30, 31, 831, 831, 31, 0, 800]
        normal3f[] normals = [(-0.3171491324901581, -0.9483757019042969, 0.0), (-0.49797752499580383, -0.8671899437904358, 0.0), (-0.48840901255607605, -0.8671899437904358, -0.09715059399604797), (-0.3110552132129669, -0.9483757019042969, -0.06187272444367409), (-0.3110552132129669, -0.9483757019042969, -0.06187272444367409), (-0.48840901255607605, -0.8671899437904358, -0.09715059399604797), (-0.46007123589515686, -0.8671899437904358, -0.190567746758461), (-0.29300758242607117, -0.9483757019042969, -0.12136771529912949), (-0.29300758242607117, -0.9483757019042969, -0.12136771529912949), (-0.46007123589515686, -0.8671899437904358, -0.190567746758461), (-0.41405317187309265, -0.8671899437904358, -0.2766614854335785), (-0.26369985938072205, -0.9483757019042969, -0.17619861662387848), (-0.26369985938072205, -0.9483757019042969, -0.17619861662387848), (-0.41405317187309265, -0.8671899437904358, -0.2766614854335785), (-0.35212329030036926, -0.8671899437904358, -0.35212329030036926), (-0.22425830364227295, -0.9483757019042969, -0.22425830364227295), (-0.22425830364227295, -0.9483757019042969, -0.22425830364227295), (-0.35212329030036926, -0.8671899437904358, -0.35212329030036926), (-0.2766614854335785, -0.8671899437904358, -0.41405317187309265), (-0.17619861662387848, -0.9483757019042969, -0.26369985938072205), (-0.17619861662387848, -0.9483757019042969, -0.26369985938072205), (-0.2766614854335785, -0.8671899437904358, -0.41405317187309265), (-0.190567746758461, -0.8671899437904358, -0.46007123589515686), (-0.12136771529912949, -0.9483757019042969, -0.29300758242607117), (-0.12136771529912949, -0.9483757019042969, -0.29300758242607117), (-0.190567746758461, -0.8671899437904358, -0.46007123589515686), (-0.09715059399604797, -0.8671899437904358, -0.48840901255607605), (-0.06187272444367409, -0.9483757019042969, -0.3110552132129669), (-0.06187272444367409, -0.9483757019042969, -0.3110552132129669), (-0.09715059399604797, -0.8671899437904358, -0.48840901255607605), (0.0, -0.8671899437904358, -0.49797752499580383), (0.0, -0.9483757019042969, -0.3171491324901581), (0.0, -0.9483757019042969, -0.3171491324901581), (0.0, -0.8671899437904358, -0.49797752499580383), (0.09715059399604797, -0.8671899437904358, -0.48840901255607605), (0.06187272444367409, -0.9483757019042969, -0.3110552132129669), (0.06187272444367409, -0.9483757019042969, -0.3110552132129669), (0.09715059399604797, -0.8671899437904358, -0.48840901255607605), (0.190567746758461, -0.8671899437904358, -0.46007123589515686), (0.12136771529912949, -0.9483757019042969, -0.29300758242607117), (0.12136771529912949, -0.9483757019042969, -0.29300758242607117), (0.190567746758461, -0.8671899437904358, -0.46007123589515686), (0.2766614854335785, -0.8671899437904358, -0.41405317187309265), (0.17619861662387848, -0.9483757019042969, -0.26369985938072205), (0.17619861662387848, -0.9483757019042969, -0.26369985938072205), (0.2766614854335785, -0.8671899437904358, -0.41405317187309265), (0.35212329030036926, -0.8671899437904358, -0.35212329030036926), (0.22425830364227295, -0.9483757019042969, -0.22425830364227295), (0.22425830364227295, -0.9483757019042969, -0.22425830364227295), (0.35212329030036926, -0.8671899437904358, -0.35212329030036926), (0.41405317187309265, -0.8671899437904358, -0.2766614854335785), (0.26369985938072205, -0.9483757019042969, -0.17619861662387848), (0.26369985938072205, -0.9483757019042969, -0.17619861662387848), (0.41405317187309265, -0.8671899437904358, -0.2766614854335785), (0.46007123589515686, -0.8671899437904358, -0.190567746758461), (0.29300758242607117, -0.9483757019042969, -0.12136771529912949), (0.29300758242607117, -0.9483757019042969, -0.12136771529912949), (0.46007123589515686, -0.8671899437904358, -0.190567746758461), (0.48840901255607605, -0.8671899437904358, -0.09715059399604797), (0.3110552132129669, -0.9483757019042969, -0.06187272444367409), (0.3110552132129669, -0.9483757019042969, -0.06187272444367409), (0.48840901255607605, -0.8671899437904358, -0.09715059399604797), (0.49797752499580383, -0.8671899437904358, 0.0), (0.3171491324901581, -0.9483757019042969, 0.0), (0.3171491324901581, -0.9483757019042969, 0.0), (0.49797752499580383, -0.8671899437904358, 0.0), (0.48840901255607605, -0.8671899437904358, 0.09715059399604797), (0.3110552132129669, -0.9483757019042969, 0.06187272444367409), (0.3110552132129669, -0.9483757019042969, 0.06187272444367409), (0.48840901255607605, -0.8671899437904358, 0.09715059399604797), (0.46007123589515686, -0.8671899437904358, 0.190567746758461), (0.29300758242607117, -0.9483757019042969, 0.12136771529912949), (0.29300758242607117, -0.9483757019042969, 0.12136771529912949), (0.46007123589515686, -0.8671899437904358, 0.190567746758461), (0.41405317187309265, -0.8671899437904358, 0.2766614854335785), (0.26369985938072205, -0.9483757019042969, 0.17619861662387848), (0.26369985938072205, -0.9483757019042969, 0.17619861662387848), (0.41405317187309265, -0.8671899437904358, 0.2766614854335785), (0.35212329030036926, -0.8671899437904358, 0.35212329030036926), (0.22425830364227295, -0.9483757019042969, 0.22425830364227295), (0.22425830364227295, -0.9483757019042969, 0.22425830364227295), (0.35212329030036926, -0.8671899437904358, 0.35212329030036926), (0.2766614854335785, -0.8671899437904358, 0.41405317187309265), (0.17619861662387848, -0.9483757019042969, 0.26369985938072205), (0.17619861662387848, -0.9483757019042969, 0.26369985938072205), (0.2766614854335785, -0.8671899437904358, 0.41405317187309265), (0.190567746758461, -0.8671899437904358, 0.46007123589515686), (0.12136771529912949, -0.9483757019042969, 0.29300758242607117), (0.12136771529912949, -0.9483757019042969, 0.29300758242607117), (0.190567746758461, -0.8671899437904358, 0.46007123589515686), (0.09715059399604797, -0.8671899437904358, 0.48840901255607605), (0.06187272444367409, -0.9483757019042969, 0.3110552132129669), (0.06187272444367409, -0.9483757019042969, 0.3110552132129669), (0.09715059399604797, -0.8671899437904358, 0.48840901255607605), (0.0, -0.8671899437904358, 0.49797752499580383), (0.0, -0.9483757019042969, 0.3171491324901581), (0.0, -0.9483757019042969, 0.3171491324901581), (0.0, -0.8671899437904358, 0.49797752499580383), (-0.09715059399604797, -0.8671899437904358, 0.48840901255607605), (-0.06187272444367409, -0.9483757019042969, 0.3110552132129669), (-0.06187272444367409, -0.9483757019042969, 0.3110552132129669), (-0.09715059399604797, -0.8671899437904358, 0.48840901255607605), (-0.190567746758461, -0.8671899437904358, 0.46007123589515686), (-0.12136771529912949, -0.9483757019042969, 0.29300758242607117), (-0.12136771529912949, -0.9483757019042969, 0.29300758242607117), (-0.190567746758461, -0.8671899437904358, 0.46007123589515686), (-0.2766614854335785, -0.8671899437904358, 0.41405317187309265), (-0.17619861662387848, -0.9483757019042969, 0.26369985938072205), (-0.17619861662387848, -0.9483757019042969, 0.26369985938072205), (-0.2766614854335785, -0.8671899437904358, 0.41405317187309265), (-0.35212329030036926, -0.8671899437904358, 0.35212329030036926), (-0.22425830364227295, -0.9483757019042969, 0.22425830364227295), (-0.22425830364227295, -0.9483757019042969, 0.22425830364227295), (-0.35212329030036926, -0.8671899437904358, 0.35212329030036926), (-0.41405317187309265, -0.8671899437904358, 0.2766614854335785), (-0.26369985938072205, -0.9483757019042969, 0.17619861662387848), (-0.26369985938072205, -0.9483757019042969, 0.17619861662387848), (-0.41405317187309265, -0.8671899437904358, 0.2766614854335785), (-0.46007123589515686, -0.8671899437904358, 0.190567746758461), (-0.29300758242607117, -0.9483757019042969, 0.12136771529912949), (-0.29300758242607117, -0.9483757019042969, 0.12136771529912949), (-0.46007123589515686, -0.8671899437904358, 0.190567746758461), (-0.48840901255607605, -0.8671899437904358, 0.09715059399604797), (-0.3110552132129669, -0.9483757019042969, 0.06187272444367409), (-0.3110552132129669, -0.9483757019042969, 0.06187272444367409), (-0.48840901255607605, -0.8671899437904358, 0.09715059399604797), (-0.49797752499580383, -0.8671899437904358, 0.0), (-0.3171491324901581, -0.9483757019042969, 0.0), (-0.49797752499580383, -0.8671899437904358, 0.0), (-0.7400925755500793, -0.6725049614906311, 0.0), (-0.7258719205856323, -0.6725049614906311, -0.14438490569591522), (-0.48840901255607605, -0.8671899437904358, -0.09715059399604797), (-0.48840901255607605, -0.8671899437904358, -0.09715059399604797), (-0.7258719205856323, -0.6725049614906311, -0.14438490569591522), (-0.683756411075592, -0.6725049614906311, -0.28322118520736694), (-0.46007123589515686, -0.8671899437904358, -0.190567746758461), (-0.46007123589515686, -0.8671899437904358, -0.190567746758461), (-0.683756411075592, -0.6725049614906311, -0.28322118520736694), (-0.6153644919395447, -0.6725049614906311, -0.41117340326309204), (-0.41405317187309265, -0.8671899437904358, -0.2766614854335785), (-0.41405317187309265, -0.8671899437904358, -0.2766614854335785), (-0.6153644919395447, -0.6725049614906311, -0.41117340326309204), (-0.5233244895935059, -0.6725049614906311, -0.5233244895935059), (-0.35212329030036926, -0.8671899437904358, -0.35212329030036926), (-0.35212329030036926, -0.8671899437904358, -0.35212329030036926), (-0.5233244895935059, -0.6725049614906311, -0.5233244895935059), (-0.41117340326309204, -0.6725049614906311, -0.6153644919395447), (-0.2766614854335785, -0.8671899437904358, -0.41405317187309265), (-0.2766614854335785, -0.8671899437904358, -0.41405317187309265), (-0.41117340326309204, -0.6725049614906311, -0.6153644919395447), (-0.28322118520736694, -0.6725049614906311, -0.683756411075592), (-0.190567746758461, -0.8671899437904358, -0.46007123589515686), (-0.190567746758461, -0.8671899437904358, -0.46007123589515686), (-0.28322118520736694, -0.6725049614906311, -0.683756411075592), (-0.14438490569591522, -0.6725049614906311, -0.7258719205856323), (-0.09715059399604797, -0.8671899437904358, -0.48840901255607605), (-0.09715059399604797, -0.8671899437904358, -0.48840901255607605), (-0.14438490569591522, -0.6725049614906311, -0.7258719205856323), (0.0, -0.6725049614906311, -0.7400925755500793), (0.0, -0.8671899437904358, -0.49797752499580383), (0.0, -0.8671899437904358, -0.49797752499580383), (0.0, -0.6725049614906311, -0.7400925755500793), (0.14438490569591522, -0.6725049614906311, -0.7258719205856323), (0.09715059399604797, -0.8671899437904358, -0.48840901255607605), (0.09715059399604797, -0.8671899437904358, -0.48840901255607605), (0.14438490569591522, -0.6725049614906311, -0.7258719205856323), (0.28322118520736694, -0.6725049614906311, -0.683756411075592), (0.190567746758461, -0.8671899437904358, -0.46007123589515686), (0.190567746758461, -0.8671899437904358, -0.46007123589515686), (0.28322118520736694, -0.6725049614906311, -0.683756411075592), (0.41117340326309204, -0.6725049614906311, -0.6153644919395447), (0.2766614854335785, -0.8671899437904358, -0.41405317187309265), (0.2766614854335785, -0.8671899437904358, -0.41405317187309265), (0.41117340326309204, -0.6725049614906311, -0.6153644919395447), (0.5233244895935059, -0.6725049614906311, -0.5233244895935059), (0.35212329030036926, -0.8671899437904358, -0.35212329030036926), (0.35212329030036926, -0.8671899437904358, -0.35212329030036926), (0.5233244895935059, -0.6725049614906311, -0.5233244895935059), (0.6153644919395447, -0.6725049614906311, -0.41117340326309204), (0.41405317187309265, -0.8671899437904358, -0.2766614854335785), (0.41405317187309265, -0.8671899437904358, -0.2766614854335785), (0.6153644919395447, -0.6725049614906311, -0.41117340326309204), (0.683756411075592, -0.6725049614906311, -0.28322118520736694), (0.46007123589515686, -0.8671899437904358, -0.190567746758461), (0.46007123589515686, -0.8671899437904358, -0.190567746758461), (0.683756411075592, -0.6725049614906311, -0.28322118520736694), (0.7258719205856323, -0.6725049614906311, -0.14438490569591522), (0.48840901255607605, -0.8671899437904358, -0.09715059399604797), (0.48840901255607605, -0.8671899437904358, -0.09715059399604797), (0.7258719205856323, -0.6725049614906311, -0.14438490569591522), (0.7400925755500793, -0.6725049614906311, 0.0), (0.49797752499580383, -0.8671899437904358, 0.0), (0.49797752499580383, -0.8671899437904358, 0.0), (0.7400925755500793, -0.6725049614906311, 0.0), (0.7258719205856323, -0.6725049614906311, 0.14438490569591522), (0.48840901255607605, -0.8671899437904358, 0.09715059399604797), (0.48840901255607605, -0.8671899437904358, 0.09715059399604797), (0.7258719205856323, -0.6725049614906311, 0.14438490569591522), (0.683756411075592, -0.6725049614906311, 0.28322118520736694), (0.46007123589515686, -0.8671899437904358, 0.190567746758461), (0.46007123589515686, -0.8671899437904358, 0.190567746758461), (0.683756411075592, -0.6725049614906311, 0.28322118520736694), (0.6153644919395447, -0.6725049614906311, 0.41117340326309204), (0.41405317187309265, -0.8671899437904358, 0.2766614854335785), (0.41405317187309265, -0.8671899437904358, 0.2766614854335785), (0.6153644919395447, -0.6725049614906311, 0.41117340326309204), (0.5233244895935059, -0.6725049614906311, 0.5233244895935059), (0.35212329030036926, -0.8671899437904358, 0.35212329030036926), (0.35212329030036926, -0.8671899437904358, 0.35212329030036926), (0.5233244895935059, -0.6725049614906311, 0.5233244895935059), (0.41117340326309204, -0.6725049614906311, 0.6153644919395447), (0.2766614854335785, -0.8671899437904358, 0.41405317187309265), (0.2766614854335785, -0.8671899437904358, 0.41405317187309265), (0.41117340326309204, -0.6725049614906311, 0.6153644919395447), (0.28322118520736694, -0.6725049614906311, 0.683756411075592), (0.190567746758461, -0.8671899437904358, 0.46007123589515686), (0.190567746758461, -0.8671899437904358, 0.46007123589515686), (0.28322118520736694, -0.6725049614906311, 0.683756411075592), (0.14438490569591522, -0.6725049614906311, 0.7258719205856323), (0.09715059399604797, -0.8671899437904358, 0.48840901255607605), (0.09715059399604797, -0.8671899437904358, 0.48840901255607605), (0.14438490569591522, -0.6725049614906311, 0.7258719205856323), (0.0, -0.6725049614906311, 0.7400925755500793), (0.0, -0.8671899437904358, 0.49797752499580383), (0.0, -0.8671899437904358, 0.49797752499580383), (0.0, -0.6725049614906311, 0.7400925755500793), (-0.14438490569591522, -0.6725049614906311, 0.7258719205856323), (-0.09715059399604797, -0.8671899437904358, 0.48840901255607605), (-0.09715059399604797, -0.8671899437904358, 0.48840901255607605), (-0.14438490569591522, -0.6725049614906311, 0.7258719205856323), (-0.28322118520736694, -0.6725049614906311, 0.683756411075592), (-0.190567746758461, -0.8671899437904358, 0.46007123589515686), (-0.190567746758461, -0.8671899437904358, 0.46007123589515686), (-0.28322118520736694, -0.6725049614906311, 0.683756411075592), (-0.41117340326309204, -0.6725049614906311, 0.6153644919395447), (-0.2766614854335785, -0.8671899437904358, 0.41405317187309265), (-0.2766614854335785, -0.8671899437904358, 0.41405317187309265), (-0.41117340326309204, -0.6725049614906311, 0.6153644919395447), (-0.5233244895935059, -0.6725049614906311, 0.5233244895935059), (-0.35212329030036926, -0.8671899437904358, 0.35212329030036926), (-0.35212329030036926, -0.8671899437904358, 0.35212329030036926), (-0.5233244895935059, -0.6725049614906311, 0.5233244895935059), (-0.6153644919395447, -0.6725049614906311, 0.41117340326309204), (-0.41405317187309265, -0.8671899437904358, 0.2766614854335785), (-0.41405317187309265, -0.8671899437904358, 0.2766614854335785), (-0.6153644919395447, -0.6725049614906311, 0.41117340326309204), (-0.683756411075592, -0.6725049614906311, 0.28322118520736694), (-0.46007123589515686, -0.8671899437904358, 0.190567746758461), (-0.46007123589515686, -0.8671899437904358, 0.190567746758461), (-0.683756411075592, -0.6725049614906311, 0.28322118520736694), (-0.7258719205856323, -0.6725049614906311, 0.14438490569591522), (-0.48840901255607605, -0.8671899437904358, 0.09715059399604797), (-0.48840901255607605, -0.8671899437904358, 0.09715059399604797), (-0.7258719205856323, -0.6725049614906311, 0.14438490569591522), (-0.7400925755500793, -0.6725049614906311, 0.0), (-0.49797752499580383, -0.8671899437904358, 0.0), (-0.7400925755500793, -0.6725049614906311, 0.0), (-0.848922610282898, -0.5285171866416931, 0.0), (-0.8326107859611511, -0.5285171866416931, -0.16561658680438995), (-0.7258719205856323, -0.6725049614906311, -0.14438490569591522), (-0.7258719205856323, -0.6725049614906311, -0.14438490569591522), (-0.8326107859611511, -0.5285171866416931, -0.16561658680438995), (-0.7843022346496582, -0.5285171866416931, -0.3248686194419861), (-0.683756411075592, -0.6725049614906311, -0.28322118520736694), (-0.683756411075592, -0.6725049614906311, -0.28322118520736694), (-0.7843022346496582, -0.5285171866416931, -0.3248686194419861), (-0.7058533430099487, -0.5285171866416931, -0.4716361165046692), (-0.6153644919395447, -0.6725049614906311, -0.41117340326309204), (-0.6153644919395447, -0.6725049614906311, -0.41117340326309204), (-0.7058533430099487, -0.5285171866416931, -0.4716361165046692), (-0.600278913974762, -0.5285171866416931, -0.600278913974762), (-0.5233244895935059, -0.6725049614906311, -0.5233244895935059), (-0.5233244895935059, -0.6725049614906311, -0.5233244895935059), (-0.600278913974762, -0.5285171866416931, -0.600278913974762), (-0.4716361165046692, -0.5285171866416931, -0.7058533430099487), (-0.41117340326309204, -0.6725049614906311, -0.6153644919395447), (-0.41117340326309204, -0.6725049614906311, -0.6153644919395447), (-0.4716361165046692, -0.5285171866416931, -0.7058533430099487), (-0.3248686194419861, -0.5285171866416931, -0.7843022346496582), (-0.28322118520736694, -0.6725049614906311, -0.683756411075592), (-0.28322118520736694, -0.6725049614906311, -0.683756411075592), (-0.3248686194419861, -0.5285171866416931, -0.7843022346496582), (-0.16561658680438995, -0.5285171866416931, -0.8326107859611511), (-0.14438490569591522, -0.6725049614906311, -0.7258719205856323), (-0.14438490569591522, -0.6725049614906311, -0.7258719205856323), (-0.16561658680438995, -0.5285171866416931, -0.8326107859611511), (0.0, -0.5285171866416931, -0.848922610282898), (0.0, -0.6725049614906311, -0.7400925755500793), (0.0, -0.6725049614906311, -0.7400925755500793), (0.0, -0.5285171866416931, -0.848922610282898), (0.16561658680438995, -0.5285171866416931, -0.8326107859611511), (0.14438490569591522, -0.6725049614906311, -0.7258719205856323), (0.14438490569591522, -0.6725049614906311, -0.7258719205856323), (0.16561658680438995, -0.5285171866416931, -0.8326107859611511), (0.3248686194419861, -0.5285171866416931, -0.7843022346496582), (0.28322118520736694, -0.6725049614906311, -0.683756411075592), (0.28322118520736694, -0.6725049614906311, -0.683756411075592), (0.3248686194419861, -0.5285171866416931, -0.7843022346496582), (0.4716361165046692, -0.5285171866416931, -0.7058533430099487), (0.41117340326309204, -0.6725049614906311, -0.6153644919395447), (0.41117340326309204, -0.6725049614906311, -0.6153644919395447), (0.4716361165046692, -0.5285171866416931, -0.7058533430099487), (0.600278913974762, -0.5285171866416931, -0.600278913974762), (0.5233244895935059, -0.6725049614906311, -0.5233244895935059), (0.5233244895935059, -0.6725049614906311, -0.5233244895935059), (0.600278913974762, -0.5285171866416931, -0.600278913974762), (0.7058533430099487, -0.5285171866416931, -0.4716361165046692), (0.6153644919395447, -0.6725049614906311, -0.41117340326309204), (0.6153644919395447, -0.6725049614906311, -0.41117340326309204), (0.7058533430099487, -0.5285171866416931, -0.4716361165046692), (0.7843022346496582, -0.5285171866416931, -0.3248686194419861), (0.683756411075592, -0.6725049614906311, -0.28322118520736694), (0.683756411075592, -0.6725049614906311, -0.28322118520736694), (0.7843022346496582, -0.5285171866416931, -0.3248686194419861), (0.8326107859611511, -0.5285171866416931, -0.16561658680438995), (0.7258719205856323, -0.6725049614906311, -0.14438490569591522), (0.7258719205856323, -0.6725049614906311, -0.14438490569591522), (0.8326107859611511, -0.5285171866416931, -0.16561658680438995), (0.848922610282898, -0.5285171866416931, 0.0), (0.7400925755500793, -0.6725049614906311, 0.0), (0.7400925755500793, -0.6725049614906311, 0.0), (0.848922610282898, -0.5285171866416931, 0.0), (0.8326107859611511, -0.5285171866416931, 0.16561658680438995), (0.7258719205856323, -0.6725049614906311, 0.14438490569591522), (0.7258719205856323, -0.6725049614906311, 0.14438490569591522), (0.8326107859611511, -0.5285171866416931, 0.16561658680438995), (0.7843022346496582, -0.5285171866416931, 0.3248686194419861), (0.683756411075592, -0.6725049614906311, 0.28322118520736694), (0.683756411075592, -0.6725049614906311, 0.28322118520736694), (0.7843022346496582, -0.5285171866416931, 0.3248686194419861), (0.7058533430099487, -0.5285171866416931, 0.4716361165046692), (0.6153644919395447, -0.6725049614906311, 0.41117340326309204), (0.6153644919395447, -0.6725049614906311, 0.41117340326309204), (0.7058533430099487, -0.5285171866416931, 0.4716361165046692), (0.600278913974762, -0.5285171866416931, 0.600278913974762), (0.5233244895935059, -0.6725049614906311, 0.5233244895935059), (0.5233244895935059, -0.6725049614906311, 0.5233244895935059), (0.600278913974762, -0.5285171866416931, 0.600278913974762), (0.4716361165046692, -0.5285171866416931, 0.7058533430099487), (0.41117340326309204, -0.6725049614906311, 0.6153644919395447), (0.41117340326309204, -0.6725049614906311, 0.6153644919395447), (0.4716361165046692, -0.5285171866416931, 0.7058533430099487), (0.3248686194419861, -0.5285171866416931, 0.7843022346496582), (0.28322118520736694, -0.6725049614906311, 0.683756411075592), (0.28322118520736694, -0.6725049614906311, 0.683756411075592), (0.3248686194419861, -0.5285171866416931, 0.7843022346496582), (0.16561658680438995, -0.5285171866416931, 0.8326107859611511), (0.14438490569591522, -0.6725049614906311, 0.7258719205856323), (0.14438490569591522, -0.6725049614906311, 0.7258719205856323), (0.16561658680438995, -0.5285171866416931, 0.8326107859611511), (0.0, -0.5285171866416931, 0.848922610282898), (0.0, -0.6725049614906311, 0.7400925755500793), (0.0, -0.6725049614906311, 0.7400925755500793), (0.0, -0.5285171866416931, 0.848922610282898), (-0.16561658680438995, -0.5285171866416931, 0.8326107859611511), (-0.14438490569591522, -0.6725049614906311, 0.7258719205856323), (-0.14438490569591522, -0.6725049614906311, 0.7258719205856323), (-0.16561658680438995, -0.5285171866416931, 0.8326107859611511), (-0.3248686194419861, -0.5285171866416931, 0.7843022346496582), (-0.28322118520736694, -0.6725049614906311, 0.683756411075592), (-0.28322118520736694, -0.6725049614906311, 0.683756411075592), (-0.3248686194419861, -0.5285171866416931, 0.7843022346496582), (-0.4716361165046692, -0.5285171866416931, 0.7058533430099487), (-0.41117340326309204, -0.6725049614906311, 0.6153644919395447), (-0.41117340326309204, -0.6725049614906311, 0.6153644919395447), (-0.4716361165046692, -0.5285171866416931, 0.7058533430099487), (-0.600278913974762, -0.5285171866416931, 0.600278913974762), (-0.5233244895935059, -0.6725049614906311, 0.5233244895935059), (-0.5233244895935059, -0.6725049614906311, 0.5233244895935059), (-0.600278913974762, -0.5285171866416931, 0.600278913974762), (-0.7058533430099487, -0.5285171866416931, 0.4716361165046692), (-0.6153644919395447, -0.6725049614906311, 0.41117340326309204), (-0.6153644919395447, -0.6725049614906311, 0.41117340326309204), (-0.7058533430099487, -0.5285171866416931, 0.4716361165046692), (-0.7843022346496582, -0.5285171866416931, 0.3248686194419861), (-0.683756411075592, -0.6725049614906311, 0.28322118520736694), (-0.683756411075592, -0.6725049614906311, 0.28322118520736694), (-0.7843022346496582, -0.5285171866416931, 0.3248686194419861), (-0.8326107859611511, -0.5285171866416931, 0.16561658680438995), (-0.7258719205856323, -0.6725049614906311, 0.14438490569591522), (-0.7258719205856323, -0.6725049614906311, 0.14438490569591522), (-0.8326107859611511, -0.5285171866416931, 0.16561658680438995), (-0.848922610282898, -0.5285171866416931, 0.0), (-0.7400925755500793, -0.6725049614906311, 0.0), (-0.848922610282898, -0.5285171866416931, 0.0), (-0.9024111032485962, -0.43087607622146606, 0.0), (-0.8850715160369873, -0.43087607622146606, -0.17605167627334595), (-0.8326107859611511, -0.5285171866416931, -0.16561658680438995), (-0.8326107859611511, -0.5285171866416931, -0.16561658680438995), (-0.8850715160369873, -0.43087607622146606, -0.17605167627334595), (-0.8337191343307495, -0.43087607622146606, -0.34533777832984924), (-0.7843022346496582, -0.5285171866416931, -0.3248686194419861), (-0.7843022346496582, -0.5285171866416931, -0.3248686194419861), (-0.8337191343307495, -0.43087607622146606, -0.34533777832984924), (-0.7503274083137512, -0.43087607622146606, -0.5013527274131775), (-0.7058533430099487, -0.5285171866416931, -0.4716361165046692), (-0.7058533430099487, -0.5285171866416931, -0.4716361165046692), (-0.7503274083137512, -0.43087607622146606, -0.5013527274131775), (-0.6381010413169861, -0.43087607622146606, -0.6381010413169861), (-0.600278913974762, -0.5285171866416931, -0.600278913974762), (-0.600278913974762, -0.5285171866416931, -0.600278913974762), (-0.6381010413169861, -0.43087607622146606, -0.6381010413169861), (-0.5013527274131775, -0.43087607622146606, -0.7503274083137512), (-0.4716361165046692, -0.5285171866416931, -0.7058533430099487), (-0.4716361165046692, -0.5285171866416931, -0.7058533430099487), (-0.5013527274131775, -0.43087607622146606, -0.7503274083137512), (-0.34533777832984924, -0.43087607622146606, -0.8337191343307495), (-0.3248686194419861, -0.5285171866416931, -0.7843022346496582), (-0.3248686194419861, -0.5285171866416931, -0.7843022346496582), (-0.34533777832984924, -0.43087607622146606, -0.8337191343307495), (-0.17605167627334595, -0.43087607622146606, -0.8850715160369873), (-0.16561658680438995, -0.5285171866416931, -0.8326107859611511), (-0.16561658680438995, -0.5285171866416931, -0.8326107859611511), (-0.17605167627334595, -0.43087607622146606, -0.8850715160369873), (0.0, -0.43087607622146606, -0.9024111032485962), (0.0, -0.5285171866416931, -0.848922610282898), (0.0, -0.5285171866416931, -0.848922610282898), (0.0, -0.43087607622146606, -0.9024111032485962), (0.17605167627334595, -0.43087607622146606, -0.8850715160369873), (0.16561658680438995, -0.5285171866416931, -0.8326107859611511), (0.16561658680438995, -0.5285171866416931, -0.8326107859611511), (0.17605167627334595, -0.43087607622146606, -0.8850715160369873), (0.34533777832984924, -0.43087607622146606, -0.8337191343307495), (0.3248686194419861, -0.5285171866416931, -0.7843022346496582), (0.3248686194419861, -0.5285171866416931, -0.7843022346496582), (0.34533777832984924, -0.43087607622146606, -0.8337191343307495), (0.5013527274131775, -0.43087607622146606, -0.7503274083137512), (0.4716361165046692, -0.5285171866416931, -0.7058533430099487), (0.4716361165046692, -0.5285171866416931, -0.7058533430099487), (0.5013527274131775, -0.43087607622146606, -0.7503274083137512), (0.6381010413169861, -0.43087607622146606, -0.6381010413169861), (0.600278913974762, -0.5285171866416931, -0.600278913974762), (0.600278913974762, -0.5285171866416931, -0.600278913974762), (0.6381010413169861, -0.43087607622146606, -0.6381010413169861), (0.7503274083137512, -0.43087607622146606, -0.5013527274131775), (0.7058533430099487, -0.5285171866416931, -0.4716361165046692), (0.7058533430099487, -0.5285171866416931, -0.4716361165046692), (0.7503274083137512, -0.43087607622146606, -0.5013527274131775), (0.8337191343307495, -0.43087607622146606, -0.34533777832984924), (0.7843022346496582, -0.5285171866416931, -0.3248686194419861), (0.7843022346496582, -0.5285171866416931, -0.3248686194419861), (0.8337191343307495, -0.43087607622146606, -0.34533777832984924), (0.8850715160369873, -0.43087607622146606, -0.17605167627334595), (0.8326107859611511, -0.5285171866416931, -0.16561658680438995), (0.8326107859611511, -0.5285171866416931, -0.16561658680438995), (0.8850715160369873, -0.43087607622146606, -0.17605167627334595), (0.9024111032485962, -0.43087607622146606, 0.0), (0.848922610282898, -0.5285171866416931, 0.0), (0.848922610282898, -0.5285171866416931, 0.0), (0.9024111032485962, -0.43087607622146606, 0.0), (0.8850715160369873, -0.43087607622146606, 0.17605167627334595), (0.8326107859611511, -0.5285171866416931, 0.16561658680438995), (0.8326107859611511, -0.5285171866416931, 0.16561658680438995), (0.8850715160369873, -0.43087607622146606, 0.17605167627334595), (0.8337191343307495, -0.43087607622146606, 0.34533777832984924), (0.7843022346496582, -0.5285171866416931, 0.3248686194419861), (0.7843022346496582, -0.5285171866416931, 0.3248686194419861), (0.8337191343307495, -0.43087607622146606, 0.34533777832984924), (0.7503274083137512, -0.43087607622146606, 0.5013527274131775), (0.7058533430099487, -0.5285171866416931, 0.4716361165046692), (0.7058533430099487, -0.5285171866416931, 0.4716361165046692), (0.7503274083137512, -0.43087607622146606, 0.5013527274131775), (0.6381010413169861, -0.43087607622146606, 0.6381010413169861), (0.600278913974762, -0.5285171866416931, 0.600278913974762), (0.600278913974762, -0.5285171866416931, 0.600278913974762), (0.6381010413169861, -0.43087607622146606, 0.6381010413169861), (0.5013527274131775, -0.43087607622146606, 0.7503274083137512), (0.4716361165046692, -0.5285171866416931, 0.7058533430099487), (0.4716361165046692, -0.5285171866416931, 0.7058533430099487), (0.5013527274131775, -0.43087607622146606, 0.7503274083137512), (0.34533777832984924, -0.43087607622146606, 0.8337191343307495), (0.3248686194419861, -0.5285171866416931, 0.7843022346496582), (0.3248686194419861, -0.5285171866416931, 0.7843022346496582), (0.34533777832984924, -0.43087607622146606, 0.8337191343307495), (0.17605167627334595, -0.43087607622146606, 0.8850715160369873), (0.16561658680438995, -0.5285171866416931, 0.8326107859611511), (0.16561658680438995, -0.5285171866416931, 0.8326107859611511), (0.17605167627334595, -0.43087607622146606, 0.8850715160369873), (0.0, -0.43087607622146606, 0.9024111032485962), (0.0, -0.5285171866416931, 0.848922610282898), (0.0, -0.5285171866416931, 0.848922610282898), (0.0, -0.43087607622146606, 0.9024111032485962), (-0.17605167627334595, -0.43087607622146606, 0.8850715160369873), (-0.16561658680438995, -0.5285171866416931, 0.8326107859611511), (-0.16561658680438995, -0.5285171866416931, 0.8326107859611511), (-0.17605167627334595, -0.43087607622146606, 0.8850715160369873), (-0.34533777832984924, -0.43087607622146606, 0.8337191343307495), (-0.3248686194419861, -0.5285171866416931, 0.7843022346496582), (-0.3248686194419861, -0.5285171866416931, 0.7843022346496582), (-0.34533777832984924, -0.43087607622146606, 0.8337191343307495), (-0.5013527274131775, -0.43087607622146606, 0.7503274083137512), (-0.4716361165046692, -0.5285171866416931, 0.7058533430099487), (-0.4716361165046692, -0.5285171866416931, 0.7058533430099487), (-0.5013527274131775, -0.43087607622146606, 0.7503274083137512), (-0.6381010413169861, -0.43087607622146606, 0.6381010413169861), (-0.600278913974762, -0.5285171866416931, 0.600278913974762), (-0.600278913974762, -0.5285171866416931, 0.600278913974762), (-0.6381010413169861, -0.43087607622146606, 0.6381010413169861), (-0.7503274083137512, -0.43087607622146606, 0.5013527274131775), (-0.7058533430099487, -0.5285171866416931, 0.4716361165046692), (-0.7058533430099487, -0.5285171866416931, 0.4716361165046692), (-0.7503274083137512, -0.43087607622146606, 0.5013527274131775), (-0.8337191343307495, -0.43087607622146606, 0.34533777832984924), (-0.7843022346496582, -0.5285171866416931, 0.3248686194419861), (-0.7843022346496582, -0.5285171866416931, 0.3248686194419861), (-0.8337191343307495, -0.43087607622146606, 0.34533777832984924), (-0.8850715160369873, -0.43087607622146606, 0.17605167627334595), (-0.8326107859611511, -0.5285171866416931, 0.16561658680438995), (-0.8326107859611511, -0.5285171866416931, 0.16561658680438995), (-0.8850715160369873, -0.43087607622146606, 0.17605167627334595), (-0.9024111032485962, -0.43087607622146606, 0.0), (-0.848922610282898, -0.5285171866416931, 0.0), (-0.9024111032485962, -0.43087607622146606, 0.0), (-0.9318960309028625, -0.36272546648979187, 0.0), (-0.9139899015426636, -0.36272546648979187, -0.181803897023201), (-0.8850715160369873, -0.43087607622146606, -0.17605167627334595), (-0.8850715160369873, -0.43087607622146606, -0.17605167627334595), (-0.9139899015426636, -0.36272546648979187, -0.181803897023201), (-0.8609596490859985, -0.36272546648979187, -0.3566211760044098), (-0.8337191343307495, -0.43087607622146606, -0.34533777832984924), (-0.8337191343307495, -0.43087607622146606, -0.34533777832984924), (-0.8609596490859985, -0.36272546648979187, -0.3566211760044098), (-0.7748432159423828, -0.36272546648979187, -0.5177336931228638), (-0.7503274083137512, -0.43087607622146606, -0.5013527274131775), (-0.7503274083137512, -0.43087607622146606, -0.5013527274131775), (-0.7748432159423828, -0.36272546648979187, -0.5177336931228638), (-0.6589500308036804, -0.36272546648979187, -0.6589500308036804), (-0.6381010413169861, -0.43087607622146606, -0.6381010413169861), (-0.6381010413169861, -0.43087607622146606, -0.6381010413169861), (-0.6589500308036804, -0.36272546648979187, -0.6589500308036804), (-0.5177336931228638, -0.36272546648979187, -0.7748432159423828), (-0.5013527274131775, -0.43087607622146606, -0.7503274083137512), (-0.5013527274131775, -0.43087607622146606, -0.7503274083137512), (-0.5177336931228638, -0.36272546648979187, -0.7748432159423828), (-0.3566211760044098, -0.36272546648979187, -0.8609596490859985), (-0.34533777832984924, -0.43087607622146606, -0.8337191343307495), (-0.34533777832984924, -0.43087607622146606, -0.8337191343307495), (-0.3566211760044098, -0.36272546648979187, -0.8609596490859985), (-0.181803897023201, -0.36272546648979187, -0.9139899015426636), (-0.17605167627334595, -0.43087607622146606, -0.8850715160369873), (-0.17605167627334595, -0.43087607622146606, -0.8850715160369873), (-0.181803897023201, -0.36272546648979187, -0.9139899015426636), (0.0, -0.36272546648979187, -0.9318960309028625), (0.0, -0.43087607622146606, -0.9024111032485962), (0.0, -0.43087607622146606, -0.9024111032485962), (0.0, -0.36272546648979187, -0.9318960309028625), (0.181803897023201, -0.36272546648979187, -0.9139899015426636), (0.17605167627334595, -0.43087607622146606, -0.8850715160369873), (0.17605167627334595, -0.43087607622146606, -0.8850715160369873), (0.181803897023201, -0.36272546648979187, -0.9139899015426636), (0.3566211760044098, -0.36272546648979187, -0.8609596490859985), (0.34533777832984924, -0.43087607622146606, -0.8337191343307495), (0.34533777832984924, -0.43087607622146606, -0.8337191343307495), (0.3566211760044098, -0.36272546648979187, -0.8609596490859985), (0.5177336931228638, -0.36272546648979187, -0.7748432159423828), (0.5013527274131775, -0.43087607622146606, -0.7503274083137512), (0.5013527274131775, -0.43087607622146606, -0.7503274083137512), (0.5177336931228638, -0.36272546648979187, -0.7748432159423828), (0.6589500308036804, -0.36272546648979187, -0.6589500308036804), (0.6381010413169861, -0.43087607622146606, -0.6381010413169861), (0.6381010413169861, -0.43087607622146606, -0.6381010413169861), (0.6589500308036804, -0.36272546648979187, -0.6589500308036804), (0.7748432159423828, -0.36272546648979187, -0.5177336931228638), (0.7503274083137512, -0.43087607622146606, -0.5013527274131775), (0.7503274083137512, -0.43087607622146606, -0.5013527274131775), (0.7748432159423828, -0.36272546648979187, -0.5177336931228638), (0.8609596490859985, -0.36272546648979187, -0.3566211760044098), (0.8337191343307495, -0.43087607622146606, -0.34533777832984924), (0.8337191343307495, -0.43087607622146606, -0.34533777832984924), (0.8609596490859985, -0.36272546648979187, -0.3566211760044098), (0.9139899015426636, -0.36272546648979187, -0.181803897023201), (0.8850715160369873, -0.43087607622146606, -0.17605167627334595), (0.8850715160369873, -0.43087607622146606, -0.17605167627334595), (0.9139899015426636, -0.36272546648979187, -0.181803897023201), (0.9318960309028625, -0.36272546648979187, 0.0), (0.9024111032485962, -0.43087607622146606, 0.0), (0.9024111032485962, -0.43087607622146606, 0.0), (0.9318960309028625, -0.36272546648979187, 0.0), (0.9139899015426636, -0.36272546648979187, 0.181803897023201), (0.8850715160369873, -0.43087607622146606, 0.17605167627334595), (0.8850715160369873, -0.43087607622146606, 0.17605167627334595), (0.9139899015426636, -0.36272546648979187, 0.181803897023201), (0.8609596490859985, -0.36272546648979187, 0.3566211760044098), (0.8337191343307495, -0.43087607622146606, 0.34533777832984924), (0.8337191343307495, -0.43087607622146606, 0.34533777832984924), (0.8609596490859985, -0.36272546648979187, 0.3566211760044098), (0.7748432159423828, -0.36272546648979187, 0.5177336931228638), (0.7503274083137512, -0.43087607622146606, 0.5013527274131775), (0.7503274083137512, -0.43087607622146606, 0.5013527274131775), (0.7748432159423828, -0.36272546648979187, 0.5177336931228638), (0.6589500308036804, -0.36272546648979187, 0.6589500308036804), (0.6381010413169861, -0.43087607622146606, 0.6381010413169861), (0.6381010413169861, -0.43087607622146606, 0.6381010413169861), (0.6589500308036804, -0.36272546648979187, 0.6589500308036804), (0.5177336931228638, -0.36272546648979187, 0.7748432159423828), (0.5013527274131775, -0.43087607622146606, 0.7503274083137512), (0.5013527274131775, -0.43087607622146606, 0.7503274083137512), (0.5177336931228638, -0.36272546648979187, 0.7748432159423828), (0.3566211760044098, -0.36272546648979187, 0.8609596490859985), (0.34533777832984924, -0.43087607622146606, 0.8337191343307495), (0.34533777832984924, -0.43087607622146606, 0.8337191343307495), (0.3566211760044098, -0.36272546648979187, 0.8609596490859985), (0.181803897023201, -0.36272546648979187, 0.9139899015426636), (0.17605167627334595, -0.43087607622146606, 0.8850715160369873), (0.17605167627334595, -0.43087607622146606, 0.8850715160369873), (0.181803897023201, -0.36272546648979187, 0.9139899015426636), (0.0, -0.36272546648979187, 0.9318960309028625), (0.0, -0.43087607622146606, 0.9024111032485962), (0.0, -0.43087607622146606, 0.9024111032485962), (0.0, -0.36272546648979187, 0.9318960309028625), (-0.181803897023201, -0.36272546648979187, 0.9139899015426636), (-0.17605167627334595, -0.43087607622146606, 0.8850715160369873), (-0.17605167627334595, -0.43087607622146606, 0.8850715160369873), (-0.181803897023201, -0.36272546648979187, 0.9139899015426636), (-0.3566211760044098, -0.36272546648979187, 0.8609596490859985), (-0.34533777832984924, -0.43087607622146606, 0.8337191343307495), (-0.34533777832984924, -0.43087607622146606, 0.8337191343307495), (-0.3566211760044098, -0.36272546648979187, 0.8609596490859985), (-0.5177336931228638, -0.36272546648979187, 0.7748432159423828), (-0.5013527274131775, -0.43087607622146606, 0.7503274083137512), (-0.5013527274131775, -0.43087607622146606, 0.7503274083137512), (-0.5177336931228638, -0.36272546648979187, 0.7748432159423828), (-0.6589500308036804, -0.36272546648979187, 0.6589500308036804), (-0.6381010413169861, -0.43087607622146606, 0.6381010413169861), (-0.6381010413169861, -0.43087607622146606, 0.6381010413169861), (-0.6589500308036804, -0.36272546648979187, 0.6589500308036804), (-0.7748432159423828, -0.36272546648979187, 0.5177336931228638), (-0.7503274083137512, -0.43087607622146606, 0.5013527274131775), (-0.7503274083137512, -0.43087607622146606, 0.5013527274131775), (-0.7748432159423828, -0.36272546648979187, 0.5177336931228638), (-0.8609596490859985, -0.36272546648979187, 0.3566211760044098), (-0.8337191343307495, -0.43087607622146606, 0.34533777832984924), (-0.8337191343307495, -0.43087607622146606, 0.34533777832984924), (-0.8609596490859985, -0.36272546648979187, 0.3566211760044098), (-0.9139899015426636, -0.36272546648979187, 0.181803897023201), (-0.8850715160369873, -0.43087607622146606, 0.17605167627334595), (-0.8850715160369873, -0.43087607622146606, 0.17605167627334595), (-0.9139899015426636, -0.36272546648979187, 0.181803897023201), (-0.9318960309028625, -0.36272546648979187, 0.0), (-0.9024111032485962, -0.43087607622146606, 0.0), (-0.9318960309028625, -0.36272546648979187, 0.0), (-0.9497288465499878, -0.31307360529899597, 0.0), (-0.9314801096916199, -0.31307360529899597, -0.18528291583061218), (-0.9139899015426636, -0.36272546648979187, -0.181803897023201), (-0.9139899015426636, -0.36272546648979187, -0.181803897023201), (-0.9314801096916199, -0.31307360529899597, -0.18528291583061218), (-0.877435028553009, -0.31307360529899597, -0.3634454905986786), (-0.8609596490859985, -0.36272546648979187, -0.3566211760044098), (-0.8609596490859985, -0.36272546648979187, -0.3566211760044098), (-0.877435028553009, -0.31307360529899597, -0.3634454905986786), (-0.7896707057952881, -0.31307360529899597, -0.5276410579681396), (-0.7748432159423828, -0.36272546648979187, -0.5177336931228638), (-0.7748432159423828, -0.36272546648979187, -0.5177336931228638), (-0.7896707057952881, -0.31307360529899597, -0.5276410579681396), (-0.6715596914291382, -0.31307360529899597, -0.6715596914291382), (-0.6589500308036804, -0.36272546648979187, -0.6589500308036804), (-0.6589500308036804, -0.36272546648979187, -0.6589500308036804), (-0.6715596914291382, -0.31307360529899597, -0.6715596914291382), (-0.5276410579681396, -0.31307360529899597, -0.7896707057952881), (-0.5177336931228638, -0.36272546648979187, -0.7748432159423828), (-0.5177336931228638, -0.36272546648979187, -0.7748432159423828), (-0.5276410579681396, -0.31307360529899597, -0.7896707057952881), (-0.3634454905986786, -0.31307360529899597, -0.877435028553009), (-0.3566211760044098, -0.36272546648979187, -0.8609596490859985), (-0.3566211760044098, -0.36272546648979187, -0.8609596490859985), (-0.3634454905986786, -0.31307360529899597, -0.877435028553009), (-0.18528291583061218, -0.31307360529899597, -0.9314801096916199), (-0.181803897023201, -0.36272546648979187, -0.9139899015426636), (-0.181803897023201, -0.36272546648979187, -0.9139899015426636), (-0.18528291583061218, -0.31307360529899597, -0.9314801096916199), (0.0, -0.31307360529899597, -0.9497288465499878), (0.0, -0.36272546648979187, -0.9318960309028625), (0.0, -0.36272546648979187, -0.9318960309028625), (0.0, -0.31307360529899597, -0.9497288465499878), (0.18528291583061218, -0.31307360529899597, -0.9314801096916199), (0.181803897023201, -0.36272546648979187, -0.9139899015426636), (0.181803897023201, -0.36272546648979187, -0.9139899015426636), (0.18528291583061218, -0.31307360529899597, -0.9314801096916199), (0.3634454905986786, -0.31307360529899597, -0.877435028553009), (0.3566211760044098, -0.36272546648979187, -0.8609596490859985), (0.3566211760044098, -0.36272546648979187, -0.8609596490859985), (0.3634454905986786, -0.31307360529899597, -0.877435028553009), (0.5276410579681396, -0.31307360529899597, -0.7896707057952881), (0.5177336931228638, -0.36272546648979187, -0.7748432159423828), (0.5177336931228638, -0.36272546648979187, -0.7748432159423828), (0.5276410579681396, -0.31307360529899597, -0.7896707057952881), (0.6715596914291382, -0.31307360529899597, -0.6715596914291382), (0.6589500308036804, -0.36272546648979187, -0.6589500308036804), (0.6589500308036804, -0.36272546648979187, -0.6589500308036804), (0.6715596914291382, -0.31307360529899597, -0.6715596914291382), (0.7896707057952881, -0.31307360529899597, -0.5276410579681396), (0.7748432159423828, -0.36272546648979187, -0.5177336931228638), (0.7748432159423828, -0.36272546648979187, -0.5177336931228638), (0.7896707057952881, -0.31307360529899597, -0.5276410579681396), (0.877435028553009, -0.31307360529899597, -0.3634454905986786), (0.8609596490859985, -0.36272546648979187, -0.3566211760044098), (0.8609596490859985, -0.36272546648979187, -0.3566211760044098), (0.877435028553009, -0.31307360529899597, -0.3634454905986786), (0.9314801096916199, -0.31307360529899597, -0.18528291583061218), (0.9139899015426636, -0.36272546648979187, -0.181803897023201), (0.9139899015426636, -0.36272546648979187, -0.181803897023201), (0.9314801096916199, -0.31307360529899597, -0.18528291583061218), (0.9497288465499878, -0.31307360529899597, 0.0), (0.9318960309028625, -0.36272546648979187, 0.0), (0.9318960309028625, -0.36272546648979187, 0.0), (0.9497288465499878, -0.31307360529899597, 0.0), (0.9314801096916199, -0.31307360529899597, 0.18528291583061218), (0.9139899015426636, -0.36272546648979187, 0.181803897023201), (0.9139899015426636, -0.36272546648979187, 0.181803897023201), (0.9314801096916199, -0.31307360529899597, 0.18528291583061218), (0.877435028553009, -0.31307360529899597, 0.3634454905986786), (0.8609596490859985, -0.36272546648979187, 0.3566211760044098), (0.8609596490859985, -0.36272546648979187, 0.3566211760044098), (0.877435028553009, -0.31307360529899597, 0.3634454905986786), (0.7896707057952881, -0.31307360529899597, 0.5276410579681396), (0.7748432159423828, -0.36272546648979187, 0.5177336931228638), (0.7748432159423828, -0.36272546648979187, 0.5177336931228638), (0.7896707057952881, -0.31307360529899597, 0.5276410579681396), (0.6715596914291382, -0.31307360529899597, 0.6715596914291382), (0.6589500308036804, -0.36272546648979187, 0.6589500308036804), (0.6589500308036804, -0.36272546648979187, 0.6589500308036804), (0.6715596914291382, -0.31307360529899597, 0.6715596914291382), (0.5276410579681396, -0.31307360529899597, 0.7896707057952881), (0.5177336931228638, -0.36272546648979187, 0.7748432159423828), (0.5177336931228638, -0.36272546648979187, 0.7748432159423828), (0.5276410579681396, -0.31307360529899597, 0.7896707057952881), (0.3634454905986786, -0.31307360529899597, 0.877435028553009), (0.3566211760044098, -0.36272546648979187, 0.8609596490859985), (0.3566211760044098, -0.36272546648979187, 0.8609596490859985), (0.3634454905986786, -0.31307360529899597, 0.877435028553009), (0.18528291583061218, -0.31307360529899597, 0.9314801096916199), (0.181803897023201, -0.36272546648979187, 0.9139899015426636), (0.181803897023201, -0.36272546648979187, 0.9139899015426636), (0.18528291583061218, -0.31307360529899597, 0.9314801096916199), (0.0, -0.31307360529899597, 0.9497288465499878), (0.0, -0.36272546648979187, 0.9318960309028625), (0.0, -0.36272546648979187, 0.9318960309028625), (0.0, -0.31307360529899597, 0.9497288465499878), (-0.18528291583061218, -0.31307360529899597, 0.9314801096916199), (-0.181803897023201, -0.36272546648979187, 0.9139899015426636), (-0.181803897023201, -0.36272546648979187, 0.9139899015426636), (-0.18528291583061218, -0.31307360529899597, 0.9314801096916199), (-0.3634454905986786, -0.31307360529899597, 0.877435028553009), (-0.3566211760044098, -0.36272546648979187, 0.8609596490859985), (-0.3566211760044098, -0.36272546648979187, 0.8609596490859985), (-0.3634454905986786, -0.31307360529899597, 0.877435028553009), (-0.5276410579681396, -0.31307360529899597, 0.7896707057952881), (-0.5177336931228638, -0.36272546648979187, 0.7748432159423828), (-0.5177336931228638, -0.36272546648979187, 0.7748432159423828), (-0.5276410579681396, -0.31307360529899597, 0.7896707057952881), (-0.6715596914291382, -0.31307360529899597, 0.6715596914291382), (-0.6589500308036804, -0.36272546648979187, 0.6589500308036804), (-0.6589500308036804, -0.36272546648979187, 0.6589500308036804), (-0.6715596914291382, -0.31307360529899597, 0.6715596914291382), (-0.7896707057952881, -0.31307360529899597, 0.5276410579681396), (-0.7748432159423828, -0.36272546648979187, 0.5177336931228638), (-0.7748432159423828, -0.36272546648979187, 0.5177336931228638), (-0.7896707057952881, -0.31307360529899597, 0.5276410579681396), (-0.877435028553009, -0.31307360529899597, 0.3634454905986786), (-0.8609596490859985, -0.36272546648979187, 0.3566211760044098), (-0.8609596490859985, -0.36272546648979187, 0.3566211760044098), (-0.877435028553009, -0.31307360529899597, 0.3634454905986786), (-0.9314801096916199, -0.31307360529899597, 0.18528291583061218), (-0.9139899015426636, -0.36272546648979187, 0.181803897023201), (-0.9139899015426636, -0.36272546648979187, 0.181803897023201), (-0.9314801096916199, -0.31307360529899597, 0.18528291583061218), (-0.9497288465499878, -0.31307360529899597, 0.0), (-0.9318960309028625, -0.36272546648979187, 0.0), (-0.9497288465499878, -0.31307360529899597, 0.0), (-0.9613078832626343, -0.27547621726989746, 0.0), (-0.9428366422653198, -0.27547621726989746, -0.18754185736179352), (-0.9314801096916199, -0.31307360529899597, -0.18528291583061218), (-0.9314801096916199, -0.31307360529899597, -0.18528291583061218), (-0.9428366422653198, -0.27547621726989746, -0.18754185736179352), (-0.8881326913833618, -0.27547621726989746, -0.3678765892982483), (-0.877435028553009, -0.31307360529899597, -0.3634454905986786), (-0.877435028553009, -0.31307360529899597, -0.3634454905986786), (-0.8881326913833618, -0.27547621726989746, -0.3678765892982483), (-0.7992982864379883, -0.27547621726989746, -0.534074068069458), (-0.7896707057952881, -0.31307360529899597, -0.5276410579681396), (-0.7896707057952881, -0.31307360529899597, -0.5276410579681396), (-0.7992982864379883, -0.27547621726989746, -0.534074068069458), (-0.6797473430633545, -0.27547621726989746, -0.6797473430633545), (-0.6715596914291382, -0.31307360529899597, -0.6715596914291382), (-0.6715596914291382, -0.31307360529899597, -0.6715596914291382), (-0.6797473430633545, -0.27547621726989746, -0.6797473430633545), (-0.534074068069458, -0.27547621726989746, -0.7992982864379883), (-0.5276410579681396, -0.31307360529899597, -0.7896707057952881), (-0.5276410579681396, -0.31307360529899597, -0.7896707057952881), (-0.534074068069458, -0.27547621726989746, -0.7992982864379883), (-0.3678765892982483, -0.27547621726989746, -0.8881326913833618), (-0.3634454905986786, -0.31307360529899597, -0.877435028553009), (-0.3634454905986786, -0.31307360529899597, -0.877435028553009), (-0.3678765892982483, -0.27547621726989746, -0.8881326913833618), (-0.18754185736179352, -0.27547621726989746, -0.9428366422653198), (-0.18528291583061218, -0.31307360529899597, -0.9314801096916199), (-0.18528291583061218, -0.31307360529899597, -0.9314801096916199), (-0.18754185736179352, -0.27547621726989746, -0.9428366422653198), (0.0, -0.27547621726989746, -0.9613078832626343), (0.0, -0.31307360529899597, -0.9497288465499878), (0.0, -0.31307360529899597, -0.9497288465499878), (0.0, -0.27547621726989746, -0.9613078832626343), (0.18754185736179352, -0.27547621726989746, -0.9428366422653198), (0.18528291583061218, -0.31307360529899597, -0.9314801096916199), (0.18528291583061218, -0.31307360529899597, -0.9314801096916199), (0.18754185736179352, -0.27547621726989746, -0.9428366422653198), (0.3678765892982483, -0.27547621726989746, -0.8881326913833618), (0.3634454905986786, -0.31307360529899597, -0.877435028553009), (0.3634454905986786, -0.31307360529899597, -0.877435028553009), (0.3678765892982483, -0.27547621726989746, -0.8881326913833618), (0.534074068069458, -0.27547621726989746, -0.7992982864379883), (0.5276410579681396, -0.31307360529899597, -0.7896707057952881), (0.5276410579681396, -0.31307360529899597, -0.7896707057952881), (0.534074068069458, -0.27547621726989746, -0.7992982864379883), (0.6797473430633545, -0.27547621726989746, -0.6797473430633545), (0.6715596914291382, -0.31307360529899597, -0.6715596914291382), (0.6715596914291382, -0.31307360529899597, -0.6715596914291382), (0.6797473430633545, -0.27547621726989746, -0.6797473430633545), (0.7992982864379883, -0.27547621726989746, -0.534074068069458), (0.7896707057952881, -0.31307360529899597, -0.5276410579681396), (0.7896707057952881, -0.31307360529899597, -0.5276410579681396), (0.7992982864379883, -0.27547621726989746, -0.534074068069458), (0.8881326913833618, -0.27547621726989746, -0.3678765892982483), (0.877435028553009, -0.31307360529899597, -0.3634454905986786), (0.877435028553009, -0.31307360529899597, -0.3634454905986786), (0.8881326913833618, -0.27547621726989746, -0.3678765892982483), (0.9428366422653198, -0.27547621726989746, -0.18754185736179352), (0.9314801096916199, -0.31307360529899597, -0.18528291583061218), (0.9314801096916199, -0.31307360529899597, -0.18528291583061218), (0.9428366422653198, -0.27547621726989746, -0.18754185736179352), (0.9613078832626343, -0.27547621726989746, 0.0), (0.9497288465499878, -0.31307360529899597, 0.0), (0.9497288465499878, -0.31307360529899597, 0.0), (0.9613078832626343, -0.27547621726989746, 0.0), (0.9428366422653198, -0.27547621726989746, 0.18754185736179352), (0.9314801096916199, -0.31307360529899597, 0.18528291583061218), (0.9314801096916199, -0.31307360529899597, 0.18528291583061218), (0.9428366422653198, -0.27547621726989746, 0.18754185736179352), (0.8881326913833618, -0.27547621726989746, 0.3678765892982483), (0.877435028553009, -0.31307360529899597, 0.3634454905986786), (0.877435028553009, -0.31307360529899597, 0.3634454905986786), (0.8881326913833618, -0.27547621726989746, 0.3678765892982483), (0.7992982864379883, -0.27547621726989746, 0.534074068069458), (0.7896707057952881, -0.31307360529899597, 0.5276410579681396), (0.7896707057952881, -0.31307360529899597, 0.5276410579681396), (0.7992982864379883, -0.27547621726989746, 0.534074068069458), (0.6797473430633545, -0.27547621726989746, 0.6797473430633545), (0.6715596914291382, -0.31307360529899597, 0.6715596914291382), (0.6715596914291382, -0.31307360529899597, 0.6715596914291382), (0.6797473430633545, -0.27547621726989746, 0.6797473430633545), (0.534074068069458, -0.27547621726989746, 0.7992982864379883), (0.5276410579681396, -0.31307360529899597, 0.7896707057952881), (0.5276410579681396, -0.31307360529899597, 0.7896707057952881), (0.534074068069458, -0.27547621726989746, 0.7992982864379883), (0.3678765892982483, -0.27547621726989746, 0.8881326913833618), (0.3634454905986786, -0.31307360529899597, 0.877435028553009), (0.3634454905986786, -0.31307360529899597, 0.877435028553009), (0.3678765892982483, -0.27547621726989746, 0.8881326913833618), (0.18754185736179352, -0.27547621726989746, 0.9428366422653198), (0.18528291583061218, -0.31307360529899597, 0.9314801096916199), (0.18528291583061218, -0.31307360529899597, 0.9314801096916199), (0.18754185736179352, -0.27547621726989746, 0.9428366422653198), (0.0, -0.27547621726989746, 0.9613078832626343), (0.0, -0.31307360529899597, 0.9497288465499878), (0.0, -0.31307360529899597, 0.9497288465499878), (0.0, -0.27547621726989746, 0.9613078832626343), (-0.18754185736179352, -0.27547621726989746, 0.9428366422653198), (-0.18528291583061218, -0.31307360529899597, 0.9314801096916199), (-0.18528291583061218, -0.31307360529899597, 0.9314801096916199), (-0.18754185736179352, -0.27547621726989746, 0.9428366422653198), (-0.3678765892982483, -0.27547621726989746, 0.8881326913833618), (-0.3634454905986786, -0.31307360529899597, 0.877435028553009), (-0.3634454905986786, -0.31307360529899597, 0.877435028553009), (-0.3678765892982483, -0.27547621726989746, 0.8881326913833618), (-0.534074068069458, -0.27547621726989746, 0.7992982864379883), (-0.5276410579681396, -0.31307360529899597, 0.7896707057952881), (-0.5276410579681396, -0.31307360529899597, 0.7896707057952881), (-0.534074068069458, -0.27547621726989746, 0.7992982864379883), (-0.6797473430633545, -0.27547621726989746, 0.6797473430633545), (-0.6715596914291382, -0.31307360529899597, 0.6715596914291382), (-0.6715596914291382, -0.31307360529899597, 0.6715596914291382), (-0.6797473430633545, -0.27547621726989746, 0.6797473430633545), (-0.7992982864379883, -0.27547621726989746, 0.534074068069458), (-0.7896707057952881, -0.31307360529899597, 0.5276410579681396), (-0.7896707057952881, -0.31307360529899597, 0.5276410579681396), (-0.7992982864379883, -0.27547621726989746, 0.534074068069458), (-0.8881326913833618, -0.27547621726989746, 0.3678765892982483), (-0.877435028553009, -0.31307360529899597, 0.3634454905986786), (-0.877435028553009, -0.31307360529899597, 0.3634454905986786), (-0.8881326913833618, -0.27547621726989746, 0.3678765892982483), (-0.9428366422653198, -0.27547621726989746, 0.18754185736179352), (-0.9314801096916199, -0.31307360529899597, 0.18528291583061218), (-0.9314801096916199, -0.31307360529899597, 0.18528291583061218), (-0.9428366422653198, -0.27547621726989746, 0.18754185736179352), (-0.9613078832626343, -0.27547621726989746, 0.0), (-0.9497288465499878, -0.31307360529899597, 0.0), (-0.9613078832626343, -0.27547621726989746, 0.0), (-0.9692491292953491, -0.24608148634433746, 0.0), (-0.9506253004074097, -0.24608148634433746, -0.18909113109111786), (-0.9428366422653198, -0.27547621726989746, -0.18754185736179352), (-0.9428366422653198, -0.27547621726989746, -0.18754185736179352), (-0.9506253004074097, -0.24608148634433746, -0.18909113109111786), (-0.8954694271087646, -0.24608148634433746, -0.37091559171676636), (-0.8881326913833618, -0.27547621726989746, -0.3678765892982483), (-0.8881326913833618, -0.27547621726989746, -0.3678765892982483), (-0.8954694271087646, -0.24608148634433746, -0.37091559171676636), (-0.8059012293815613, -0.24608148634433746, -0.5384859442710876), (-0.7992982864379883, -0.27547621726989746, -0.534074068069458), (-0.7992982864379883, -0.27547621726989746, -0.534074068069458), (-0.8059012293815613, -0.24608148634433746, -0.5384859442710876), (-0.6853626370429993, -0.24608148634433746, -0.6853626370429993), (-0.6797473430633545, -0.27547621726989746, -0.6797473430633545), (-0.6797473430633545, -0.27547621726989746, -0.6797473430633545), (-0.6853626370429993, -0.24608148634433746, -0.6853626370429993), (-0.5384859442710876, -0.24608148634433746, -0.8059012293815613), (-0.534074068069458, -0.27547621726989746, -0.7992982864379883), (-0.534074068069458, -0.27547621726989746, -0.7992982864379883), (-0.5384859442710876, -0.24608148634433746, -0.8059012293815613), (-0.37091559171676636, -0.24608148634433746, -0.8954694271087646), (-0.3678765892982483, -0.27547621726989746, -0.8881326913833618), (-0.3678765892982483, -0.27547621726989746, -0.8881326913833618), (-0.37091559171676636, -0.24608148634433746, -0.8954694271087646), (-0.18909113109111786, -0.24608148634433746, -0.9506253004074097), (-0.18754185736179352, -0.27547621726989746, -0.9428366422653198), (-0.18754185736179352, -0.27547621726989746, -0.9428366422653198), (-0.18909113109111786, -0.24608148634433746, -0.9506253004074097), (0.0, -0.24608148634433746, -0.9692491292953491), (0.0, -0.27547621726989746, -0.9613078832626343), (0.0, -0.27547621726989746, -0.9613078832626343), (0.0, -0.24608148634433746, -0.9692491292953491), (0.18909113109111786, -0.24608148634433746, -0.9506253004074097), (0.18754185736179352, -0.27547621726989746, -0.9428366422653198), (0.18754185736179352, -0.27547621726989746, -0.9428366422653198), (0.18909113109111786, -0.24608148634433746, -0.9506253004074097), (0.37091559171676636, -0.24608148634433746, -0.8954694271087646), (0.3678765892982483, -0.27547621726989746, -0.8881326913833618), (0.3678765892982483, -0.27547621726989746, -0.8881326913833618), (0.37091559171676636, -0.24608148634433746, -0.8954694271087646), (0.5384859442710876, -0.24608148634433746, -0.8059012293815613), (0.534074068069458, -0.27547621726989746, -0.7992982864379883), (0.534074068069458, -0.27547621726989746, -0.7992982864379883), (0.5384859442710876, -0.24608148634433746, -0.8059012293815613), (0.6853626370429993, -0.24608148634433746, -0.6853626370429993), (0.6797473430633545, -0.27547621726989746, -0.6797473430633545), (0.6797473430633545, -0.27547621726989746, -0.6797473430633545), (0.6853626370429993, -0.24608148634433746, -0.6853626370429993), (0.8059012293815613, -0.24608148634433746, -0.5384859442710876), (0.7992982864379883, -0.27547621726989746, -0.534074068069458), (0.7992982864379883, -0.27547621726989746, -0.534074068069458), (0.8059012293815613, -0.24608148634433746, -0.5384859442710876), (0.8954694271087646, -0.24608148634433746, -0.37091559171676636), (0.8881326913833618, -0.27547621726989746, -0.3678765892982483), (0.8881326913833618, -0.27547621726989746, -0.3678765892982483), (0.8954694271087646, -0.24608148634433746, -0.37091559171676636), (0.9506253004074097, -0.24608148634433746, -0.18909113109111786), (0.9428366422653198, -0.27547621726989746, -0.18754185736179352), (0.9428366422653198, -0.27547621726989746, -0.18754185736179352), (0.9506253004074097, -0.24608148634433746, -0.18909113109111786), (0.9692491292953491, -0.24608148634433746, 0.0), (0.9613078832626343, -0.27547621726989746, 0.0), (0.9613078832626343, -0.27547621726989746, 0.0), (0.9692491292953491, -0.24608148634433746, 0.0), (0.9506253004074097, -0.24608148634433746, 0.18909113109111786), (0.9428366422653198, -0.27547621726989746, 0.18754185736179352), (0.9428366422653198, -0.27547621726989746, 0.18754185736179352), (0.9506253004074097, -0.24608148634433746, 0.18909113109111786), (0.8954694271087646, -0.24608148634433746, 0.37091559171676636), (0.8881326913833618, -0.27547621726989746, 0.3678765892982483), (0.8881326913833618, -0.27547621726989746, 0.3678765892982483), (0.8954694271087646, -0.24608148634433746, 0.37091559171676636), (0.8059012293815613, -0.24608148634433746, 0.5384859442710876), (0.7992982864379883, -0.27547621726989746, 0.534074068069458), (0.7992982864379883, -0.27547621726989746, 0.534074068069458), (0.8059012293815613, -0.24608148634433746, 0.5384859442710876), (0.6853626370429993, -0.24608148634433746, 0.6853626370429993), (0.6797473430633545, -0.27547621726989746, 0.6797473430633545), (0.6797473430633545, -0.27547621726989746, 0.6797473430633545), (0.6853626370429993, -0.24608148634433746, 0.6853626370429993), (0.5384859442710876, -0.24608148634433746, 0.8059012293815613), (0.534074068069458, -0.27547621726989746, 0.7992982864379883), (0.534074068069458, -0.27547621726989746, 0.7992982864379883), (0.5384859442710876, -0.24608148634433746, 0.8059012293815613), (0.37091559171676636, -0.24608148634433746, 0.8954694271087646), (0.3678765892982483, -0.27547621726989746, 0.8881326913833618), (0.3678765892982483, -0.27547621726989746, 0.8881326913833618), (0.37091559171676636, -0.24608148634433746, 0.8954694271087646), (0.18909113109111786, -0.24608148634433746, 0.9506253004074097), (0.18754185736179352, -0.27547621726989746, 0.9428366422653198), (0.18754185736179352, -0.27547621726989746, 0.9428366422653198), (0.18909113109111786, -0.24608148634433746, 0.9506253004074097), (0.0, -0.24608148634433746, 0.9692491292953491), (0.0, -0.27547621726989746, 0.9613078832626343), (0.0, -0.27547621726989746, 0.9613078832626343), (0.0, -0.24608148634433746, 0.9692491292953491), (-0.18909113109111786, -0.24608148634433746, 0.9506253004074097), (-0.18754185736179352, -0.27547621726989746, 0.9428366422653198), (-0.18754185736179352, -0.27547621726989746, 0.9428366422653198), (-0.18909113109111786, -0.24608148634433746, 0.9506253004074097), (-0.37091559171676636, -0.24608148634433746, 0.8954694271087646), (-0.3678765892982483, -0.27547621726989746, 0.8881326913833618), (-0.3678765892982483, -0.27547621726989746, 0.8881326913833618), (-0.37091559171676636, -0.24608148634433746, 0.8954694271087646), (-0.5384859442710876, -0.24608148634433746, 0.8059012293815613), (-0.534074068069458, -0.27547621726989746, 0.7992982864379883), (-0.534074068069458, -0.27547621726989746, 0.7992982864379883), (-0.5384859442710876, -0.24608148634433746, 0.8059012293815613), (-0.6853626370429993, -0.24608148634433746, 0.6853626370429993), (-0.6797473430633545, -0.27547621726989746, 0.6797473430633545), (-0.6797473430633545, -0.27547621726989746, 0.6797473430633545), (-0.6853626370429993, -0.24608148634433746, 0.6853626370429993), (-0.8059012293815613, -0.24608148634433746, 0.5384859442710876), (-0.7992982864379883, -0.27547621726989746, 0.534074068069458), (-0.7992982864379883, -0.27547621726989746, 0.534074068069458), (-0.8059012293815613, -0.24608148634433746, 0.5384859442710876), (-0.8954694271087646, -0.24608148634433746, 0.37091559171676636), (-0.8881326913833618, -0.27547621726989746, 0.3678765892982483), (-0.8881326913833618, -0.27547621726989746, 0.3678765892982483), (-0.8954694271087646, -0.24608148634433746, 0.37091559171676636), (-0.9506253004074097, -0.24608148634433746, 0.18909113109111786), (-0.9428366422653198, -0.27547621726989746, 0.18754185736179352), (-0.9428366422653198, -0.27547621726989746, 0.18754185736179352), (-0.9506253004074097, -0.24608148634433746, 0.18909113109111786), (-0.9692491292953491, -0.24608148634433746, 0.0), (-0.9613078832626343, -0.27547621726989746, 0.0), (-0.9692491292953491, -0.24608148634433746, 0.0), (-0.9749348759651184, -0.2224903106689453, 0.0), (-0.9562017917633057, -0.2224903106689453, -0.19020035862922668), (-0.9506253004074097, -0.24608148634433746, -0.18909113109111786), (-0.9506253004074097, -0.24608148634433746, -0.18909113109111786), (-0.9562017917633057, -0.2224903106689453, -0.19020035862922668), (-0.9007223844528198, -0.2224903106689453, -0.3730914294719696), (-0.8954694271087646, -0.24608148634433746, -0.37091559171676636), (-0.8954694271087646, -0.24608148634433746, -0.37091559171676636), (-0.9007223844528198, -0.2224903106689453, -0.3730914294719696), (-0.8106287717819214, -0.2224903106689453, -0.541644811630249), (-0.8059012293815613, -0.24608148634433746, -0.5384859442710876), (-0.8059012293815613, -0.24608148634433746, -0.5384859442710876), (-0.8106287717819214, -0.2224903106689453, -0.541644811630249), (-0.6893830895423889, -0.2224903106689453, -0.6893830895423889), (-0.6853626370429993, -0.24608148634433746, -0.6853626370429993), (-0.6853626370429993, -0.24608148634433746, -0.6853626370429993), (-0.6893830895423889, -0.2224903106689453, -0.6893830895423889), (-0.541644811630249, -0.2224903106689453, -0.8106287717819214), (-0.5384859442710876, -0.24608148634433746, -0.8059012293815613), (-0.5384859442710876, -0.24608148634433746, -0.8059012293815613), (-0.541644811630249, -0.2224903106689453, -0.8106287717819214), (-0.3730914294719696, -0.2224903106689453, -0.9007223844528198), (-0.37091559171676636, -0.24608148634433746, -0.8954694271087646), (-0.37091559171676636, -0.24608148634433746, -0.8954694271087646), (-0.3730914294719696, -0.2224903106689453, -0.9007223844528198), (-0.19020035862922668, -0.2224903106689453, -0.9562017917633057), (-0.18909113109111786, -0.24608148634433746, -0.9506253004074097), (-0.18909113109111786, -0.24608148634433746, -0.9506253004074097), (-0.19020035862922668, -0.2224903106689453, -0.9562017917633057), (0.0, -0.2224903106689453, -0.9749348759651184), (0.0, -0.24608148634433746, -0.9692491292953491), (0.0, -0.24608148634433746, -0.9692491292953491), (0.0, -0.2224903106689453, -0.9749348759651184), (0.19020035862922668, -0.2224903106689453, -0.9562017917633057), (0.18909113109111786, -0.24608148634433746, -0.9506253004074097), (0.18909113109111786, -0.24608148634433746, -0.9506253004074097), (0.19020035862922668, -0.2224903106689453, -0.9562017917633057), (0.3730914294719696, -0.2224903106689453, -0.9007223844528198), (0.37091559171676636, -0.24608148634433746, -0.8954694271087646), (0.37091559171676636, -0.24608148634433746, -0.8954694271087646), (0.3730914294719696, -0.2224903106689453, -0.9007223844528198), (0.541644811630249, -0.2224903106689453, -0.8106287717819214), (0.5384859442710876, -0.24608148634433746, -0.8059012293815613), (0.5384859442710876, -0.24608148634433746, -0.8059012293815613), (0.541644811630249, -0.2224903106689453, -0.8106287717819214), (0.6893830895423889, -0.2224903106689453, -0.6893830895423889), (0.6853626370429993, -0.24608148634433746, -0.6853626370429993), (0.6853626370429993, -0.24608148634433746, -0.6853626370429993), (0.6893830895423889, -0.2224903106689453, -0.6893830895423889), (0.8106287717819214, -0.2224903106689453, -0.541644811630249), (0.8059012293815613, -0.24608148634433746, -0.5384859442710876), (0.8059012293815613, -0.24608148634433746, -0.5384859442710876), (0.8106287717819214, -0.2224903106689453, -0.541644811630249), (0.9007223844528198, -0.2224903106689453, -0.3730914294719696), (0.8954694271087646, -0.24608148634433746, -0.37091559171676636), (0.8954694271087646, -0.24608148634433746, -0.37091559171676636), (0.9007223844528198, -0.2224903106689453, -0.3730914294719696), (0.9562017917633057, -0.2224903106689453, -0.19020035862922668), (0.9506253004074097, -0.24608148634433746, -0.18909113109111786), (0.9506253004074097, -0.24608148634433746, -0.18909113109111786), (0.9562017917633057, -0.2224903106689453, -0.19020035862922668), (0.9749348759651184, -0.2224903106689453, 0.0), (0.9692491292953491, -0.24608148634433746, 0.0), (0.9692491292953491, -0.24608148634433746, 0.0), (0.9749348759651184, -0.2224903106689453, 0.0), (0.9562017917633057, -0.2224903106689453, 0.19020035862922668), (0.9506253004074097, -0.24608148634433746, 0.18909113109111786), (0.9506253004074097, -0.24608148634433746, 0.18909113109111786), (0.9562017917633057, -0.2224903106689453, 0.19020035862922668), (0.9007223844528198, -0.2224903106689453, 0.3730914294719696), (0.8954694271087646, -0.24608148634433746, 0.37091559171676636), (0.8954694271087646, -0.24608148634433746, 0.37091559171676636), (0.9007223844528198, -0.2224903106689453, 0.3730914294719696), (0.8106287717819214, -0.2224903106689453, 0.541644811630249), (0.8059012293815613, -0.24608148634433746, 0.5384859442710876), (0.8059012293815613, -0.24608148634433746, 0.5384859442710876), (0.8106287717819214, -0.2224903106689453, 0.541644811630249), (0.6893830895423889, -0.2224903106689453, 0.6893830895423889), (0.6853626370429993, -0.24608148634433746, 0.6853626370429993), (0.6853626370429993, -0.24608148634433746, 0.6853626370429993), (0.6893830895423889, -0.2224903106689453, 0.6893830895423889), (0.541644811630249, -0.2224903106689453, 0.8106287717819214), (0.5384859442710876, -0.24608148634433746, 0.8059012293815613), (0.5384859442710876, -0.24608148634433746, 0.8059012293815613), (0.541644811630249, -0.2224903106689453, 0.8106287717819214), (0.3730914294719696, -0.2224903106689453, 0.9007223844528198), (0.37091559171676636, -0.24608148634433746, 0.8954694271087646), (0.37091559171676636, -0.24608148634433746, 0.8954694271087646), (0.3730914294719696, -0.2224903106689453, 0.9007223844528198), (0.19020035862922668, -0.2224903106689453, 0.9562017917633057), (0.18909113109111786, -0.24608148634433746, 0.9506253004074097), (0.18909113109111786, -0.24608148634433746, 0.9506253004074097), (0.19020035862922668, -0.2224903106689453, 0.9562017917633057), (0.0, -0.2224903106689453, 0.9749348759651184), (0.0, -0.24608148634433746, 0.9692491292953491), (0.0, -0.24608148634433746, 0.9692491292953491), (0.0, -0.2224903106689453, 0.9749348759651184), (-0.19020035862922668, -0.2224903106689453, 0.9562017917633057), (-0.18909113109111786, -0.24608148634433746, 0.9506253004074097), (-0.18909113109111786, -0.24608148634433746, 0.9506253004074097), (-0.19020035862922668, -0.2224903106689453, 0.9562017917633057), (-0.3730914294719696, -0.2224903106689453, 0.9007223844528198), (-0.37091559171676636, -0.24608148634433746, 0.8954694271087646), (-0.37091559171676636, -0.24608148634433746, 0.8954694271087646), (-0.3730914294719696, -0.2224903106689453, 0.9007223844528198), (-0.541644811630249, -0.2224903106689453, 0.8106287717819214), (-0.5384859442710876, -0.24608148634433746, 0.8059012293815613), (-0.5384859442710876, -0.24608148634433746, 0.8059012293815613), (-0.541644811630249, -0.2224903106689453, 0.8106287717819214), (-0.6893830895423889, -0.2224903106689453, 0.6893830895423889), (-0.6853626370429993, -0.24608148634433746, 0.6853626370429993), (-0.6853626370429993, -0.24608148634433746, 0.6853626370429993), (-0.6893830895423889, -0.2224903106689453, 0.6893830895423889), (-0.8106287717819214, -0.2224903106689453, 0.541644811630249), (-0.8059012293815613, -0.24608148634433746, 0.5384859442710876), (-0.8059012293815613, -0.24608148634433746, 0.5384859442710876), (-0.8106287717819214, -0.2224903106689453, 0.541644811630249), (-0.9007223844528198, -0.2224903106689453, 0.3730914294719696), (-0.8954694271087646, -0.24608148634433746, 0.37091559171676636), (-0.8954694271087646, -0.24608148634433746, 0.37091559171676636), (-0.9007223844528198, -0.2224903106689453, 0.3730914294719696), (-0.9562017917633057, -0.2224903106689453, 0.19020035862922668), (-0.9506253004074097, -0.24608148634433746, 0.18909113109111786), (-0.9506253004074097, -0.24608148634433746, 0.18909113109111786), (-0.9562017917633057, -0.2224903106689453, 0.19020035862922668), (-0.9749348759651184, -0.2224903106689453, 0.0), (-0.9692491292953491, -0.24608148634433746, 0.0), (-0.9749348759651184, -0.2224903106689453, 0.0), (-0.9791487455368042, -0.2031445950269699, 0.0), (-0.9603346586227417, -0.2031445950269699, -0.19102244079113007), (-0.9562017917633057, -0.2224903106689453, -0.19020035862922668), (-0.9562017917633057, -0.2224903106689453, -0.19020035862922668), (-0.9603346586227417, -0.2031445950269699, -0.19102244079113007), (-0.9046154618263245, -0.2031445950269699, -0.3747040033340454), (-0.9007223844528198, -0.2224903106689453, -0.3730914294719696), (-0.9007223844528198, -0.2224903106689453, -0.3730914294719696), (-0.9046154618263245, -0.2031445950269699, -0.3747040033340454), (-0.8141324520111084, -0.2031445950269699, -0.543985903263092), (-0.8106287717819214, -0.2224903106689453, -0.541644811630249), (-0.8106287717819214, -0.2224903106689453, -0.541644811630249), (-0.8141324520111084, -0.2031445950269699, -0.543985903263092), (-0.6923627257347107, -0.2031445950269699, -0.6923627257347107), (-0.6893830895423889, -0.2224903106689453, -0.6893830895423889), (-0.6893830895423889, -0.2224903106689453, -0.6893830895423889), (-0.6923627257347107, -0.2031445950269699, -0.6923627257347107), (-0.543985903263092, -0.2031445950269699, -0.8141324520111084), (-0.541644811630249, -0.2224903106689453, -0.8106287717819214), (-0.541644811630249, -0.2224903106689453, -0.8106287717819214), (-0.543985903263092, -0.2031445950269699, -0.8141324520111084), (-0.3747040033340454, -0.2031445950269699, -0.9046154618263245), (-0.3730914294719696, -0.2224903106689453, -0.9007223844528198), (-0.3730914294719696, -0.2224903106689453, -0.9007223844528198), (-0.3747040033340454, -0.2031445950269699, -0.9046154618263245), (-0.19102244079113007, -0.2031445950269699, -0.9603346586227417), (-0.19020035862922668, -0.2224903106689453, -0.9562017917633057), (-0.19020035862922668, -0.2224903106689453, -0.9562017917633057), (-0.19102244079113007, -0.2031445950269699, -0.9603346586227417), (0.0, -0.2031445950269699, -0.9791487455368042), (0.0, -0.2224903106689453, -0.9749348759651184), (0.0, -0.2224903106689453, -0.9749348759651184), (0.0, -0.2031445950269699, -0.9791487455368042), (0.19102244079113007, -0.2031445950269699, -0.9603346586227417), (0.19020035862922668, -0.2224903106689453, -0.9562017917633057), (0.19020035862922668, -0.2224903106689453, -0.9562017917633057), (0.19102244079113007, -0.2031445950269699, -0.9603346586227417), (0.3747040033340454, -0.2031445950269699, -0.9046154618263245), (0.3730914294719696, -0.2224903106689453, -0.9007223844528198), (0.3730914294719696, -0.2224903106689453, -0.9007223844528198), (0.3747040033340454, -0.2031445950269699, -0.9046154618263245), (0.543985903263092, -0.2031445950269699, -0.8141324520111084), (0.541644811630249, -0.2224903106689453, -0.8106287717819214), (0.541644811630249, -0.2224903106689453, -0.8106287717819214), (0.543985903263092, -0.2031445950269699, -0.8141324520111084), (0.6923627257347107, -0.2031445950269699, -0.6923627257347107), (0.6893830895423889, -0.2224903106689453, -0.6893830895423889), (0.6893830895423889, -0.2224903106689453, -0.6893830895423889), (0.6923627257347107, -0.2031445950269699, -0.6923627257347107), (0.8141324520111084, -0.2031445950269699, -0.543985903263092), (0.8106287717819214, -0.2224903106689453, -0.541644811630249), (0.8106287717819214, -0.2224903106689453, -0.541644811630249), (0.8141324520111084, -0.2031445950269699, -0.543985903263092), (0.9046154618263245, -0.2031445950269699, -0.3747040033340454), (0.9007223844528198, -0.2224903106689453, -0.3730914294719696), (0.9007223844528198, -0.2224903106689453, -0.3730914294719696), (0.9046154618263245, -0.2031445950269699, -0.3747040033340454), (0.9603346586227417, -0.2031445950269699, -0.19102244079113007), (0.9562017917633057, -0.2224903106689453, -0.19020035862922668), (0.9562017917633057, -0.2224903106689453, -0.19020035862922668), (0.9603346586227417, -0.2031445950269699, -0.19102244079113007), (0.9791487455368042, -0.2031445950269699, 0.0), (0.9749348759651184, -0.2224903106689453, 0.0), (0.9749348759651184, -0.2224903106689453, 0.0), (0.9791487455368042, -0.2031445950269699, 0.0), (0.9603346586227417, -0.2031445950269699, 0.19102244079113007), (0.9562017917633057, -0.2224903106689453, 0.19020035862922668), (0.9562017917633057, -0.2224903106689453, 0.19020035862922668), (0.9603346586227417, -0.2031445950269699, 0.19102244079113007), (0.9046154618263245, -0.2031445950269699, 0.3747040033340454), (0.9007223844528198, -0.2224903106689453, 0.3730914294719696), (0.9007223844528198, -0.2224903106689453, 0.3730914294719696), (0.9046154618263245, -0.2031445950269699, 0.3747040033340454), (0.8141324520111084, -0.2031445950269699, 0.543985903263092), (0.8106287717819214, -0.2224903106689453, 0.541644811630249), (0.8106287717819214, -0.2224903106689453, 0.541644811630249), (0.8141324520111084, -0.2031445950269699, 0.543985903263092), (0.6923627257347107, -0.2031445950269699, 0.6923627257347107), (0.6893830895423889, -0.2224903106689453, 0.6893830895423889), (0.6893830895423889, -0.2224903106689453, 0.6893830895423889), (0.6923627257347107, -0.2031445950269699, 0.6923627257347107), (0.543985903263092, -0.2031445950269699, 0.8141324520111084), (0.541644811630249, -0.2224903106689453, 0.8106287717819214), (0.541644811630249, -0.2224903106689453, 0.8106287717819214), (0.543985903263092, -0.2031445950269699, 0.8141324520111084), (0.3747040033340454, -0.2031445950269699, 0.9046154618263245), (0.3730914294719696, -0.2224903106689453, 0.9007223844528198), (0.3730914294719696, -0.2224903106689453, 0.9007223844528198), (0.3747040033340454, -0.2031445950269699, 0.9046154618263245), (0.19102244079113007, -0.2031445950269699, 0.9603346586227417), (0.19020035862922668, -0.2224903106689453, 0.9562017917633057), (0.19020035862922668, -0.2224903106689453, 0.9562017917633057), (0.19102244079113007, -0.2031445950269699, 0.9603346586227417), (0.0, -0.2031445950269699, 0.9791487455368042), (0.0, -0.2224903106689453, 0.9749348759651184), (0.0, -0.2224903106689453, 0.9749348759651184), (0.0, -0.2031445950269699, 0.9791487455368042), (-0.19102244079113007, -0.2031445950269699, 0.9603346586227417), (-0.19020035862922668, -0.2224903106689453, 0.9562017917633057), (-0.19020035862922668, -0.2224903106689453, 0.9562017917633057), (-0.19102244079113007, -0.2031445950269699, 0.9603346586227417), (-0.3747040033340454, -0.2031445950269699, 0.9046154618263245), (-0.3730914294719696, -0.2224903106689453, 0.9007223844528198), (-0.3730914294719696, -0.2224903106689453, 0.9007223844528198), (-0.3747040033340454, -0.2031445950269699, 0.9046154618263245), (-0.543985903263092, -0.2031445950269699, 0.8141324520111084), (-0.541644811630249, -0.2224903106689453, 0.8106287717819214), (-0.541644811630249, -0.2224903106689453, 0.8106287717819214), (-0.543985903263092, -0.2031445950269699, 0.8141324520111084), (-0.6923627257347107, -0.2031445950269699, 0.6923627257347107), (-0.6893830895423889, -0.2224903106689453, 0.6893830895423889), (-0.6893830895423889, -0.2224903106689453, 0.6893830895423889), (-0.6923627257347107, -0.2031445950269699, 0.6923627257347107), (-0.8141324520111084, -0.2031445950269699, 0.543985903263092), (-0.8106287717819214, -0.2224903106689453, 0.541644811630249), (-0.8106287717819214, -0.2224903106689453, 0.541644811630249), (-0.8141324520111084, -0.2031445950269699, 0.543985903263092), (-0.9046154618263245, -0.2031445950269699, 0.3747040033340454), (-0.9007223844528198, -0.2224903106689453, 0.3730914294719696), (-0.9007223844528198, -0.2224903106689453, 0.3730914294719696), (-0.9046154618263245, -0.2031445950269699, 0.3747040033340454), (-0.9603346586227417, -0.2031445950269699, 0.19102244079113007), (-0.9562017917633057, -0.2224903106689453, 0.19020035862922668), (-0.9562017917633057, -0.2224903106689453, 0.19020035862922668), (-0.9603346586227417, -0.2031445950269699, 0.19102244079113007), (-0.9791487455368042, -0.2031445950269699, 0.0), (-0.9749348759651184, -0.2224903106689453, 0.0), (-0.9791487455368042, -0.2031445950269699, 0.0), (-0.9823611378669739, -0.1869935244321823, 0.0), (-0.9634853601455688, -0.1869935244321823, -0.1916491538286209), (-0.9603346586227417, -0.2031445950269699, -0.19102244079113007), (-0.9603346586227417, -0.2031445950269699, -0.19102244079113007), (-0.9634853601455688, -0.1869935244321823, -0.1916491538286209), (-0.9075833559036255, -0.1869935244321823, -0.37593334913253784), (-0.9046154618263245, -0.2031445950269699, -0.3747040033340454), (-0.9046154618263245, -0.2031445950269699, -0.3747040033340454), (-0.9075833559036255, -0.1869935244321823, -0.37593334913253784), (-0.8168034553527832, -0.1869935244321823, -0.5457705855369568), (-0.8141324520111084, -0.2031445950269699, -0.543985903263092), (-0.8141324520111084, -0.2031445950269699, -0.543985903263092), (-0.8168034553527832, -0.1869935244321823, -0.5457705855369568), (-0.694634199142456, -0.1869935244321823, -0.694634199142456), (-0.6923627257347107, -0.2031445950269699, -0.6923627257347107), (-0.6923627257347107, -0.2031445950269699, -0.6923627257347107), (-0.694634199142456, -0.1869935244321823, -0.694634199142456), (-0.5457705855369568, -0.1869935244321823, -0.8168034553527832), (-0.543985903263092, -0.2031445950269699, -0.8141324520111084), (-0.543985903263092, -0.2031445950269699, -0.8141324520111084), (-0.5457705855369568, -0.1869935244321823, -0.8168034553527832), (-0.37593334913253784, -0.1869935244321823, -0.9075833559036255), (-0.3747040033340454, -0.2031445950269699, -0.9046154618263245), (-0.3747040033340454, -0.2031445950269699, -0.9046154618263245), (-0.37593334913253784, -0.1869935244321823, -0.9075833559036255), (-0.1916491538286209, -0.1869935244321823, -0.9634853601455688), (-0.19102244079113007, -0.2031445950269699, -0.9603346586227417), (-0.19102244079113007, -0.2031445950269699, -0.9603346586227417), (-0.1916491538286209, -0.1869935244321823, -0.9634853601455688), (0.0, -0.1869935244321823, -0.9823611378669739), (0.0, -0.2031445950269699, -0.9791487455368042), (0.0, -0.2031445950269699, -0.9791487455368042), (0.0, -0.1869935244321823, -0.9823611378669739), (0.1916491538286209, -0.1869935244321823, -0.9634853601455688), (0.19102244079113007, -0.2031445950269699, -0.9603346586227417), (0.19102244079113007, -0.2031445950269699, -0.9603346586227417), (0.1916491538286209, -0.1869935244321823, -0.9634853601455688), (0.37593334913253784, -0.1869935244321823, -0.9075833559036255), (0.3747040033340454, -0.2031445950269699, -0.9046154618263245), (0.3747040033340454, -0.2031445950269699, -0.9046154618263245), (0.37593334913253784, -0.1869935244321823, -0.9075833559036255), (0.5457705855369568, -0.1869935244321823, -0.8168034553527832), (0.543985903263092, -0.2031445950269699, -0.8141324520111084), (0.543985903263092, -0.2031445950269699, -0.8141324520111084), (0.5457705855369568, -0.1869935244321823, -0.8168034553527832), (0.694634199142456, -0.1869935244321823, -0.694634199142456), (0.6923627257347107, -0.2031445950269699, -0.6923627257347107), (0.6923627257347107, -0.2031445950269699, -0.6923627257347107), (0.694634199142456, -0.1869935244321823, -0.694634199142456), (0.8168034553527832, -0.1869935244321823, -0.5457705855369568), (0.8141324520111084, -0.2031445950269699, -0.543985903263092), (0.8141324520111084, -0.2031445950269699, -0.543985903263092), (0.8168034553527832, -0.1869935244321823, -0.5457705855369568), (0.9075833559036255, -0.1869935244321823, -0.37593334913253784), (0.9046154618263245, -0.2031445950269699, -0.3747040033340454), (0.9046154618263245, -0.2031445950269699, -0.3747040033340454), (0.9075833559036255, -0.1869935244321823, -0.37593334913253784), (0.9634853601455688, -0.1869935244321823, -0.1916491538286209), (0.9603346586227417, -0.2031445950269699, -0.19102244079113007), (0.9603346586227417, -0.2031445950269699, -0.19102244079113007), (0.9634853601455688, -0.1869935244321823, -0.1916491538286209), (0.9823611378669739, -0.1869935244321823, 0.0), (0.9791487455368042, -0.2031445950269699, 0.0), (0.9791487455368042, -0.2031445950269699, 0.0), (0.9823611378669739, -0.1869935244321823, 0.0), (0.9634853601455688, -0.1869935244321823, 0.1916491538286209), (0.9603346586227417, -0.2031445950269699, 0.19102244079113007), (0.9603346586227417, -0.2031445950269699, 0.19102244079113007), (0.9634853601455688, -0.1869935244321823, 0.1916491538286209), (0.9075833559036255, -0.1869935244321823, 0.37593334913253784), (0.9046154618263245, -0.2031445950269699, 0.3747040033340454), (0.9046154618263245, -0.2031445950269699, 0.3747040033340454), (0.9075833559036255, -0.1869935244321823, 0.37593334913253784), (0.8168034553527832, -0.1869935244321823, 0.5457705855369568), (0.8141324520111084, -0.2031445950269699, 0.543985903263092), (0.8141324520111084, -0.2031445950269699, 0.543985903263092), (0.8168034553527832, -0.1869935244321823, 0.5457705855369568), (0.694634199142456, -0.1869935244321823, 0.694634199142456), (0.6923627257347107, -0.2031445950269699, 0.6923627257347107), (0.6923627257347107, -0.2031445950269699, 0.6923627257347107), (0.694634199142456, -0.1869935244321823, 0.694634199142456), (0.5457705855369568, -0.1869935244321823, 0.8168034553527832), (0.543985903263092, -0.2031445950269699, 0.8141324520111084), (0.543985903263092, -0.2031445950269699, 0.8141324520111084), (0.5457705855369568, -0.1869935244321823, 0.8168034553527832), (0.37593334913253784, -0.1869935244321823, 0.9075833559036255), (0.3747040033340454, -0.2031445950269699, 0.9046154618263245), (0.3747040033340454, -0.2031445950269699, 0.9046154618263245), (0.37593334913253784, -0.1869935244321823, 0.9075833559036255), (0.1916491538286209, -0.1869935244321823, 0.9634853601455688), (0.19102244079113007, -0.2031445950269699, 0.9603346586227417), (0.19102244079113007, -0.2031445950269699, 0.9603346586227417), (0.1916491538286209, -0.1869935244321823, 0.9634853601455688), (0.0, -0.1869935244321823, 0.9823611378669739), (0.0, -0.2031445950269699, 0.9791487455368042), (0.0, -0.2031445950269699, 0.9791487455368042), (0.0, -0.1869935244321823, 0.9823611378669739), (-0.1916491538286209, -0.1869935244321823, 0.9634853601455688), (-0.19102244079113007, -0.2031445950269699, 0.9603346586227417), (-0.19102244079113007, -0.2031445950269699, 0.9603346586227417), (-0.1916491538286209, -0.1869935244321823, 0.9634853601455688), (-0.37593334913253784, -0.1869935244321823, 0.9075833559036255), (-0.3747040033340454, -0.2031445950269699, 0.9046154618263245), (-0.3747040033340454, -0.2031445950269699, 0.9046154618263245), (-0.37593334913253784, -0.1869935244321823, 0.9075833559036255), (-0.5457705855369568, -0.1869935244321823, 0.8168034553527832), (-0.543985903263092, -0.2031445950269699, 0.8141324520111084), (-0.543985903263092, -0.2031445950269699, 0.8141324520111084), (-0.5457705855369568, -0.1869935244321823, 0.8168034553527832), (-0.694634199142456, -0.1869935244321823, 0.694634199142456), (-0.6923627257347107, -0.2031445950269699, 0.6923627257347107), (-0.6923627257347107, -0.2031445950269699, 0.6923627257347107), (-0.694634199142456, -0.1869935244321823, 0.694634199142456), (-0.8168034553527832, -0.1869935244321823, 0.5457705855369568), (-0.8141324520111084, -0.2031445950269699, 0.543985903263092), (-0.8141324520111084, -0.2031445950269699, 0.543985903263092), (-0.8168034553527832, -0.1869935244321823, 0.5457705855369568), (-0.9075833559036255, -0.1869935244321823, 0.37593334913253784), (-0.9046154618263245, -0.2031445950269699, 0.3747040033340454), (-0.9046154618263245, -0.2031445950269699, 0.3747040033340454), (-0.9075833559036255, -0.1869935244321823, 0.37593334913253784), (-0.9634853601455688, -0.1869935244321823, 0.1916491538286209), (-0.9603346586227417, -0.2031445950269699, 0.19102244079113007), (-0.9603346586227417, -0.2031445950269699, 0.19102244079113007), (-0.9634853601455688, -0.1869935244321823, 0.1916491538286209), (-0.9823611378669739, -0.1869935244321823, 0.0), (-0.9791487455368042, -0.2031445950269699, 0.0), (-0.9823611378669739, -0.1869935244321823, 0.0), (-0.9837387800216675, -0.17960523068904877, 0.0), (-0.9648364782333374, -0.17960523068904877, -0.19191791117191315), (-0.9634853601455688, -0.1869935244321823, -0.1916491538286209), (-0.9634853601455688, -0.1869935244321823, -0.1916491538286209), (-0.9648364782333374, -0.17960523068904877, -0.19191791117191315), (-0.9088560938835144, -0.17960523068904877, -0.3764605224132538), (-0.9075833559036255, -0.1869935244321823, -0.37593334913253784), (-0.9075833559036255, -0.1869935244321823, -0.37593334913253784), (-0.9088560938835144, -0.17960523068904877, -0.3764605224132538), (-0.8179488778114319, -0.17960523068904877, -0.5465359687805176), (-0.8168034553527832, -0.1869935244321823, -0.5457705855369568), (-0.8168034553527832, -0.1869935244321823, -0.5457705855369568), (-0.8179488778114319, -0.17960523068904877, -0.5465359687805176), (-0.695608377456665, -0.17960523068904877, -0.695608377456665), (-0.694634199142456, -0.1869935244321823, -0.694634199142456), (-0.694634199142456, -0.1869935244321823, -0.694634199142456), (-0.695608377456665, -0.17960523068904877, -0.695608377456665), (-0.5465359687805176, -0.17960523068904877, -0.8179488778114319), (-0.5457705855369568, -0.1869935244321823, -0.8168034553527832), (-0.5457705855369568, -0.1869935244321823, -0.8168034553527832), (-0.5465359687805176, -0.17960523068904877, -0.8179488778114319), (-0.3764605224132538, -0.17960523068904877, -0.9088560938835144), (-0.37593334913253784, -0.1869935244321823, -0.9075833559036255), (-0.37593334913253784, -0.1869935244321823, -0.9075833559036255), (-0.3764605224132538, -0.17960523068904877, -0.9088560938835144), (-0.19191791117191315, -0.17960523068904877, -0.9648364782333374), (-0.1916491538286209, -0.1869935244321823, -0.9634853601455688), (-0.1916491538286209, -0.1869935244321823, -0.9634853601455688), (-0.19191791117191315, -0.17960523068904877, -0.9648364782333374), (0.0, -0.17960523068904877, -0.9837387800216675), (0.0, -0.1869935244321823, -0.9823611378669739), (0.0, -0.1869935244321823, -0.9823611378669739), (0.0, -0.17960523068904877, -0.9837387800216675), (0.19191791117191315, -0.17960523068904877, -0.9648364782333374), (0.1916491538286209, -0.1869935244321823, -0.9634853601455688), (0.1916491538286209, -0.1869935244321823, -0.9634853601455688), (0.19191791117191315, -0.17960523068904877, -0.9648364782333374), (0.3764605224132538, -0.17960523068904877, -0.9088560938835144), (0.37593334913253784, -0.1869935244321823, -0.9075833559036255), (0.37593334913253784, -0.1869935244321823, -0.9075833559036255), (0.3764605224132538, -0.17960523068904877, -0.9088560938835144), (0.5465359687805176, -0.17960523068904877, -0.8179488778114319), (0.5457705855369568, -0.1869935244321823, -0.8168034553527832), (0.5457705855369568, -0.1869935244321823, -0.8168034553527832), (0.5465359687805176, -0.17960523068904877, -0.8179488778114319), (0.695608377456665, -0.17960523068904877, -0.695608377456665), (0.694634199142456, -0.1869935244321823, -0.694634199142456), (0.694634199142456, -0.1869935244321823, -0.694634199142456), (0.695608377456665, -0.17960523068904877, -0.695608377456665), (0.8179488778114319, -0.17960523068904877, -0.5465359687805176), (0.8168034553527832, -0.1869935244321823, -0.5457705855369568), (0.8168034553527832, -0.1869935244321823, -0.5457705855369568), (0.8179488778114319, -0.17960523068904877, -0.5465359687805176), (0.9088560938835144, -0.17960523068904877, -0.3764605224132538), (0.9075833559036255, -0.1869935244321823, -0.37593334913253784), (0.9075833559036255, -0.1869935244321823, -0.37593334913253784), (0.9088560938835144, -0.17960523068904877, -0.3764605224132538), (0.9648364782333374, -0.17960523068904877, -0.19191791117191315), (0.9634853601455688, -0.1869935244321823, -0.1916491538286209), (0.9634853601455688, -0.1869935244321823, -0.1916491538286209), (0.9648364782333374, -0.17960523068904877, -0.19191791117191315), (0.9837387800216675, -0.17960523068904877, 0.0), (0.9823611378669739, -0.1869935244321823, 0.0), (0.9823611378669739, -0.1869935244321823, 0.0), (0.9837387800216675, -0.17960523068904877, 0.0), (0.9648364782333374, -0.17960523068904877, 0.19191791117191315), (0.9634853601455688, -0.1869935244321823, 0.1916491538286209), (0.9634853601455688, -0.1869935244321823, 0.1916491538286209), (0.9648364782333374, -0.17960523068904877, 0.19191791117191315), (0.9088560938835144, -0.17960523068904877, 0.3764605224132538), (0.9075833559036255, -0.1869935244321823, 0.37593334913253784), (0.9075833559036255, -0.1869935244321823, 0.37593334913253784), (0.9088560938835144, -0.17960523068904877, 0.3764605224132538), (0.8179488778114319, -0.17960523068904877, 0.5465359687805176), (0.8168034553527832, -0.1869935244321823, 0.5457705855369568), (0.8168034553527832, -0.1869935244321823, 0.5457705855369568), (0.8179488778114319, -0.17960523068904877, 0.5465359687805176), (0.695608377456665, -0.17960523068904877, 0.695608377456665), (0.694634199142456, -0.1869935244321823, 0.694634199142456), (0.694634199142456, -0.1869935244321823, 0.694634199142456), (0.695608377456665, -0.17960523068904877, 0.695608377456665), (0.5465359687805176, -0.17960523068904877, 0.8179488778114319), (0.5457705855369568, -0.1869935244321823, 0.8168034553527832), (0.5457705855369568, -0.1869935244321823, 0.8168034553527832), (0.5465359687805176, -0.17960523068904877, 0.8179488778114319), (0.3764605224132538, -0.17960523068904877, 0.9088560938835144), (0.37593334913253784, -0.1869935244321823, 0.9075833559036255), (0.37593334913253784, -0.1869935244321823, 0.9075833559036255), (0.3764605224132538, -0.17960523068904877, 0.9088560938835144), (0.19191791117191315, -0.17960523068904877, 0.9648364782333374), (0.1916491538286209, -0.1869935244321823, 0.9634853601455688), (0.1916491538286209, -0.1869935244321823, 0.9634853601455688), (0.19191791117191315, -0.17960523068904877, 0.9648364782333374), (0.0, -0.17960523068904877, 0.9837387800216675), (0.0, -0.1869935244321823, 0.9823611378669739), (0.0, -0.1869935244321823, 0.9823611378669739), (0.0, -0.17960523068904877, 0.9837387800216675), (-0.19191791117191315, -0.17960523068904877, 0.9648364782333374), (-0.1916491538286209, -0.1869935244321823, 0.9634853601455688), (-0.1916491538286209, -0.1869935244321823, 0.9634853601455688), (-0.19191791117191315, -0.17960523068904877, 0.9648364782333374), (-0.3764605224132538, -0.17960523068904877, 0.9088560938835144), (-0.37593334913253784, -0.1869935244321823, 0.9075833559036255), (-0.37593334913253784, -0.1869935244321823, 0.9075833559036255), (-0.3764605224132538, -0.17960523068904877, 0.9088560938835144), (-0.5465359687805176, -0.17960523068904877, 0.8179488778114319), (-0.5457705855369568, -0.1869935244321823, 0.8168034553527832), (-0.5457705855369568, -0.1869935244321823, 0.8168034553527832), (-0.5465359687805176, -0.17960523068904877, 0.8179488778114319), (-0.695608377456665, -0.17960523068904877, 0.695608377456665), (-0.694634199142456, -0.1869935244321823, 0.694634199142456), (-0.694634199142456, -0.1869935244321823, 0.694634199142456), (-0.695608377456665, -0.17960523068904877, 0.695608377456665), (-0.8179488778114319, -0.17960523068904877, 0.5465359687805176), (-0.8168034553527832, -0.1869935244321823, 0.5457705855369568), (-0.8168034553527832, -0.1869935244321823, 0.5457705855369568), (-0.8179488778114319, -0.17960523068904877, 0.5465359687805176), (-0.9088560938835144, -0.17960523068904877, 0.3764605224132538), (-0.9075833559036255, -0.1869935244321823, 0.37593334913253784), (-0.9075833559036255, -0.1869935244321823, 0.37593334913253784), (-0.9088560938835144, -0.17960523068904877, 0.3764605224132538), (-0.9648364782333374, -0.17960523068904877, 0.19191791117191315), (-0.9634853601455688, -0.1869935244321823, 0.1916491538286209), (-0.9634853601455688, -0.1869935244321823, 0.1916491538286209), (-0.9648364782333374, -0.17960523068904877, 0.19191791117191315), (-0.9837387800216675, -0.17960523068904877, 0.0), (-0.9823611378669739, -0.1869935244321823, 0.0), (0.0, -1.0, 0.0), (0.0, -1.0, 0.0), (0.0, -1.0, 0.0), (0.0, -1.0, 0.0), (0.0, -1.0, 0.0), (0.0, -1.0, 0.0), (0.0, -1.0, 0.0), (0.0, -1.0, 0.0), (0.0, -1.0, 0.0), (0.0, -1.0, 0.0), (0.0, -1.0, 0.0), (0.0, -1.0, 0.0), (0.0, -1.0, 0.0), (0.0, -1.0, 0.0), (0.0, -1.0, 0.0), (0.0, -1.0, 0.0), (0.0, -1.0, 0.0), (0.0, -1.0, 0.0), (0.0, -1.0, 0.0), (0.0, -1.0, 0.0), (0.0, -1.0, 0.0), (0.0, -1.0, 0.0), (0.0, -1.0, 0.0), (0.0, -1.0, 0.0), (0.0, -1.0, 0.0), (0.0, -1.0, 0.0), (0.0, -1.0, 0.0), (0.0, -1.0, 0.0), (0.0, -1.0, 0.0), (0.0, -1.0, 0.0), (0.0, -1.0, 0.0), (0.0, -1.0, 0.0), (0.0, -1.0, 0.0), (0.0, -1.0, 0.0), (0.0, -1.0, 0.0), (0.0, -1.0, 0.0), (0.0, -1.0, 0.0), (0.0, -1.0, 0.0), (0.0, -1.0, 0.0), (0.0, -1.0, 0.0), (0.0, -1.0, 0.0), (0.0, -1.0, 0.0), (0.0, -1.0, 0.0), (0.0, -1.0, 0.0), (0.0, -1.0, 0.0), (0.0, -1.0, 0.0), (0.0, -1.0, 0.0), (0.0, -1.0, 0.0), (0.0, -1.0, 0.0), (0.0, -1.0, 0.0), (0.0, -1.0, 0.0), (0.0, -1.0, 0.0), (0.0, -1.0, 0.0), (0.0, -1.0, 0.0), (0.0, -1.0, 0.0), (0.0, -1.0, 0.0), (0.0, -1.0, 0.0), (0.0, -1.0, 0.0), (0.0, -1.0, 0.0), (0.0, -1.0, 0.0), (0.0, -1.0, 0.0), (0.0, -1.0, 0.0), (0.0, -1.0, 0.0), (0.0, -1.0, 0.0), (0.0, -1.0, 0.0), (0.0, -1.0, 0.0), (0.0, -1.0, 0.0), (0.0, -1.0, 0.0), (0.0, -1.0, 0.0), (0.0, -1.0, 0.0), (0.0, -1.0, 0.0), (0.0, -1.0, 0.0), (0.0, -1.0, 0.0), (0.0, -1.0, 0.0), (0.0, -1.0, 0.0), (0.0, -1.0, 0.0), (0.0, -1.0, 0.0), (0.0, -1.0, 0.0), (0.0, -1.0, 0.0), (0.0, -1.0, 0.0), (0.0, -1.0, 0.0), (0.0, -1.0, 0.0), (0.0, -1.0, 0.0), (0.0, -1.0, 0.0), (0.0, -1.0, 0.0), (0.0, -1.0, 0.0), (0.0, -1.0, 0.0), (0.0, -1.0, 0.0), (0.0, -1.0, 0.0), (0.0, -1.0, 0.0), (0.0, -1.0, 0.0), (0.0, -1.0, 0.0), (0.0, -1.0, 0.0), (0.0, -1.0, 0.0), (0.0, -1.0, 0.0), (0.0, -1.0, 0.0), (0.0, -1.0, 0.0), (0.0, -1.0, 0.0), (0.0, -1.0, 0.0), (0.0, -1.0, 0.0), (0.0, -1.0, 0.0), (0.0, -1.0, 0.0), (0.0, -1.0, 0.0), (0.0, -1.0, 0.0), (0.0, -1.0, 0.0), (0.0, -1.0, 0.0), (0.0, -1.0, 0.0), (0.0, -1.0, 0.0), (0.0, -1.0, 0.0), (0.0, -1.0, 0.0), (0.0, -1.0, 0.0), (0.0, -1.0, 0.0), (0.0, -1.0, 0.0), (0.0, -1.0, 0.0), (0.0, -1.0, 0.0), (0.0, -1.0, 0.0), (0.0, -1.0, 0.0), (0.0, -1.0, 0.0), (0.0, -1.0, 0.0), (0.0, -1.0, 0.0), (0.0, -1.0, 0.0), (0.0, -1.0, 0.0), (0.0, -1.0, 0.0), (0.0, -1.0, 0.0), (0.0, -1.0, 0.0), (0.0, -1.0, 0.0), (0.0, -1.0, 0.0), (0.0, -1.0, 0.0), (0.9837387800216675, 0.17960523068904877, 0.0), (0.9823611378669739, 0.1869935244321823, 0.0), (0.9634853601455688, 0.1869935244321823, 0.1916491538286209), (0.9648364782333374, 0.17960523068904877, 0.19191791117191315), (0.9648364782333374, 0.17960523068904877, 0.19191791117191315), (0.9634853601455688, 0.1869935244321823, 0.1916491538286209), (0.9075833559036255, 0.1869935244321823, 0.37593334913253784), (0.9088560938835144, 0.17960523068904877, 0.3764605224132538), (0.9088560938835144, 0.17960523068904877, 0.3764605224132538), (0.9075833559036255, 0.1869935244321823, 0.37593334913253784), (0.8168034553527832, 0.1869935244321823, 0.5457705855369568), (0.8179488778114319, 0.17960523068904877, 0.5465359687805176), (0.8179488778114319, 0.17960523068904877, 0.5465359687805176), (0.8168034553527832, 0.1869935244321823, 0.5457705855369568), (0.694634199142456, 0.1869935244321823, 0.694634199142456), (0.695608377456665, 0.17960523068904877, 0.695608377456665), (0.695608377456665, 0.17960523068904877, 0.695608377456665), (0.694634199142456, 0.1869935244321823, 0.694634199142456), (0.5457705855369568, 0.1869935244321823, 0.8168034553527832), (0.5465359687805176, 0.17960523068904877, 0.8179488778114319), (0.5465359687805176, 0.17960523068904877, 0.8179488778114319), (0.5457705855369568, 0.1869935244321823, 0.8168034553527832), (0.37593334913253784, 0.1869935244321823, 0.9075833559036255), (0.3764605224132538, 0.17960523068904877, 0.9088560938835144), (0.3764605224132538, 0.17960523068904877, 0.9088560938835144), (0.37593334913253784, 0.1869935244321823, 0.9075833559036255), (0.1916491538286209, 0.1869935244321823, 0.9634853601455688), (0.19191791117191315, 0.17960523068904877, 0.9648364782333374), (0.19191791117191315, 0.17960523068904877, 0.9648364782333374), (0.1916491538286209, 0.1869935244321823, 0.9634853601455688), (0.0, 0.1869935244321823, 0.9823611378669739), (0.0, 0.17960523068904877, 0.9837387800216675), (0.0, 0.17960523068904877, 0.9837387800216675), (0.0, 0.1869935244321823, 0.9823611378669739), (-0.1916491538286209, 0.1869935244321823, 0.9634853601455688), (-0.19191791117191315, 0.17960523068904877, 0.9648364782333374), (-0.19191791117191315, 0.17960523068904877, 0.9648364782333374), (-0.1916491538286209, 0.1869935244321823, 0.9634853601455688), (-0.37593334913253784, 0.1869935244321823, 0.9075833559036255), (-0.3764605224132538, 0.17960523068904877, 0.9088560938835144), (-0.3764605224132538, 0.17960523068904877, 0.9088560938835144), (-0.37593334913253784, 0.1869935244321823, 0.9075833559036255), (-0.5457705855369568, 0.1869935244321823, 0.8168034553527832), (-0.5465359687805176, 0.17960523068904877, 0.8179488778114319), (-0.5465359687805176, 0.17960523068904877, 0.8179488778114319), (-0.5457705855369568, 0.1869935244321823, 0.8168034553527832), (-0.694634199142456, 0.1869935244321823, 0.694634199142456), (-0.695608377456665, 0.17960523068904877, 0.695608377456665), (-0.695608377456665, 0.17960523068904877, 0.695608377456665), (-0.694634199142456, 0.1869935244321823, 0.694634199142456), (-0.8168034553527832, 0.1869935244321823, 0.5457705855369568), (-0.8179488778114319, 0.17960523068904877, 0.5465359687805176), (-0.8179488778114319, 0.17960523068904877, 0.5465359687805176), (-0.8168034553527832, 0.1869935244321823, 0.5457705855369568), (-0.9075833559036255, 0.1869935244321823, 0.37593334913253784), (-0.9088560938835144, 0.17960523068904877, 0.3764605224132538), (-0.9088560938835144, 0.17960523068904877, 0.3764605224132538), (-0.9075833559036255, 0.1869935244321823, 0.37593334913253784), (-0.9634853601455688, 0.1869935244321823, 0.1916491538286209), (-0.9648364782333374, 0.17960523068904877, 0.19191791117191315), (-0.9648364782333374, 0.17960523068904877, 0.19191791117191315), (-0.9634853601455688, 0.1869935244321823, 0.1916491538286209), (-0.9823611378669739, 0.1869935244321823, 0.0), (-0.9837387800216675, 0.17960523068904877, 0.0), (-0.9837387800216675, 0.17960523068904877, 0.0), (-0.9823611378669739, 0.1869935244321823, 0.0), (-0.9634853601455688, 0.1869935244321823, -0.1916491538286209), (-0.9648364782333374, 0.17960523068904877, -0.19191791117191315), (-0.9648364782333374, 0.17960523068904877, -0.19191791117191315), (-0.9634853601455688, 0.1869935244321823, -0.1916491538286209), (-0.9075833559036255, 0.1869935244321823, -0.37593334913253784), (-0.9088560938835144, 0.17960523068904877, -0.3764605224132538), (-0.9088560938835144, 0.17960523068904877, -0.3764605224132538), (-0.9075833559036255, 0.1869935244321823, -0.37593334913253784), (-0.8168034553527832, 0.1869935244321823, -0.5457705855369568), (-0.8179488778114319, 0.17960523068904877, -0.5465359687805176), (-0.8179488778114319, 0.17960523068904877, -0.5465359687805176), (-0.8168034553527832, 0.1869935244321823, -0.5457705855369568), (-0.694634199142456, 0.1869935244321823, -0.694634199142456), (-0.695608377456665, 0.17960523068904877, -0.695608377456665), (-0.695608377456665, 0.17960523068904877, -0.695608377456665), (-0.694634199142456, 0.1869935244321823, -0.694634199142456), (-0.5457705855369568, 0.1869935244321823, -0.8168034553527832), (-0.5465359687805176, 0.17960523068904877, -0.8179488778114319), (-0.5465359687805176, 0.17960523068904877, -0.8179488778114319), (-0.5457705855369568, 0.1869935244321823, -0.8168034553527832), (-0.37593334913253784, 0.1869935244321823, -0.9075833559036255), (-0.3764605224132538, 0.17960523068904877, -0.9088560938835144), (-0.3764605224132538, 0.17960523068904877, -0.9088560938835144), (-0.37593334913253784, 0.1869935244321823, -0.9075833559036255), (-0.1916491538286209, 0.1869935244321823, -0.9634853601455688), (-0.19191791117191315, 0.17960523068904877, -0.9648364782333374), (-0.19191791117191315, 0.17960523068904877, -0.9648364782333374), (-0.1916491538286209, 0.1869935244321823, -0.9634853601455688), (0.0, 0.1869935244321823, -0.9823611378669739), (0.0, 0.17960523068904877, -0.9837387800216675), (0.0, 0.17960523068904877, -0.9837387800216675), (0.0, 0.1869935244321823, -0.9823611378669739), (0.1916491538286209, 0.1869935244321823, -0.9634853601455688), (0.19191791117191315, 0.17960523068904877, -0.9648364782333374), (0.19191791117191315, 0.17960523068904877, -0.9648364782333374), (0.1916491538286209, 0.1869935244321823, -0.9634853601455688), (0.37593334913253784, 0.1869935244321823, -0.9075833559036255), (0.3764605224132538, 0.17960523068904877, -0.9088560938835144), (0.3764605224132538, 0.17960523068904877, -0.9088560938835144), (0.37593334913253784, 0.1869935244321823, -0.9075833559036255), (0.5457705855369568, 0.1869935244321823, -0.8168034553527832), (0.5465359687805176, 0.17960523068904877, -0.8179488778114319), (0.5465359687805176, 0.17960523068904877, -0.8179488778114319), (0.5457705855369568, 0.1869935244321823, -0.8168034553527832), (0.694634199142456, 0.1869935244321823, -0.694634199142456), (0.695608377456665, 0.17960523068904877, -0.695608377456665), (0.695608377456665, 0.17960523068904877, -0.695608377456665), (0.694634199142456, 0.1869935244321823, -0.694634199142456), (0.8168034553527832, 0.1869935244321823, -0.5457705855369568), (0.8179488778114319, 0.17960523068904877, -0.5465359687805176), (0.8179488778114319, 0.17960523068904877, -0.5465359687805176), (0.8168034553527832, 0.1869935244321823, -0.5457705855369568), (0.9075833559036255, 0.1869935244321823, -0.37593334913253784), (0.9088560938835144, 0.17960523068904877, -0.3764605224132538), (0.9088560938835144, 0.17960523068904877, -0.3764605224132538), (0.9075833559036255, 0.1869935244321823, -0.37593334913253784), (0.9634853601455688, 0.1869935244321823, -0.1916491538286209), (0.9648364782333374, 0.17960523068904877, -0.19191791117191315), (0.9648364782333374, 0.17960523068904877, -0.19191791117191315), (0.9634853601455688, 0.1869935244321823, -0.1916491538286209), (0.9823611378669739, 0.1869935244321823, 0.0), (0.9837387800216675, 0.17960523068904877, 0.0), (0.9823611378669739, 0.1869935244321823, 0.0), (0.9791487455368042, 0.2031445950269699, 0.0), (0.9603346586227417, 0.2031445950269699, 0.19102244079113007), (0.9634853601455688, 0.1869935244321823, 0.1916491538286209), (0.9634853601455688, 0.1869935244321823, 0.1916491538286209), (0.9603346586227417, 0.2031445950269699, 0.19102244079113007), (0.9046154618263245, 0.2031445950269699, 0.3747040033340454), (0.9075833559036255, 0.1869935244321823, 0.37593334913253784), (0.9075833559036255, 0.1869935244321823, 0.37593334913253784), (0.9046154618263245, 0.2031445950269699, 0.3747040033340454), (0.8141324520111084, 0.2031445950269699, 0.543985903263092), (0.8168034553527832, 0.1869935244321823, 0.5457705855369568), (0.8168034553527832, 0.1869935244321823, 0.5457705855369568), (0.8141324520111084, 0.2031445950269699, 0.543985903263092), (0.6923627257347107, 0.2031445950269699, 0.6923627257347107), (0.694634199142456, 0.1869935244321823, 0.694634199142456), (0.694634199142456, 0.1869935244321823, 0.694634199142456), (0.6923627257347107, 0.2031445950269699, 0.6923627257347107), (0.543985903263092, 0.2031445950269699, 0.8141324520111084), (0.5457705855369568, 0.1869935244321823, 0.8168034553527832), (0.5457705855369568, 0.1869935244321823, 0.8168034553527832), (0.543985903263092, 0.2031445950269699, 0.8141324520111084), (0.3747040033340454, 0.2031445950269699, 0.9046154618263245), (0.37593334913253784, 0.1869935244321823, 0.9075833559036255), (0.37593334913253784, 0.1869935244321823, 0.9075833559036255), (0.3747040033340454, 0.2031445950269699, 0.9046154618263245), (0.19102244079113007, 0.2031445950269699, 0.9603346586227417), (0.1916491538286209, 0.1869935244321823, 0.9634853601455688), (0.1916491538286209, 0.1869935244321823, 0.9634853601455688), (0.19102244079113007, 0.2031445950269699, 0.9603346586227417), (0.0, 0.2031445950269699, 0.9791487455368042), (0.0, 0.1869935244321823, 0.9823611378669739), (0.0, 0.1869935244321823, 0.9823611378669739), (0.0, 0.2031445950269699, 0.9791487455368042), (-0.19102244079113007, 0.2031445950269699, 0.9603346586227417), (-0.1916491538286209, 0.1869935244321823, 0.9634853601455688), (-0.1916491538286209, 0.1869935244321823, 0.9634853601455688), (-0.19102244079113007, 0.2031445950269699, 0.9603346586227417), (-0.3747040033340454, 0.2031445950269699, 0.9046154618263245), (-0.37593334913253784, 0.1869935244321823, 0.9075833559036255), (-0.37593334913253784, 0.1869935244321823, 0.9075833559036255), (-0.3747040033340454, 0.2031445950269699, 0.9046154618263245), (-0.543985903263092, 0.2031445950269699, 0.8141324520111084), (-0.5457705855369568, 0.1869935244321823, 0.8168034553527832), (-0.5457705855369568, 0.1869935244321823, 0.8168034553527832), (-0.543985903263092, 0.2031445950269699, 0.8141324520111084), (-0.6923627257347107, 0.2031445950269699, 0.6923627257347107), (-0.694634199142456, 0.1869935244321823, 0.694634199142456), (-0.694634199142456, 0.1869935244321823, 0.694634199142456), (-0.6923627257347107, 0.2031445950269699, 0.6923627257347107), (-0.8141324520111084, 0.2031445950269699, 0.543985903263092), (-0.8168034553527832, 0.1869935244321823, 0.5457705855369568), (-0.8168034553527832, 0.1869935244321823, 0.5457705855369568), (-0.8141324520111084, 0.2031445950269699, 0.543985903263092), (-0.9046154618263245, 0.2031445950269699, 0.3747040033340454), (-0.9075833559036255, 0.1869935244321823, 0.37593334913253784), (-0.9075833559036255, 0.1869935244321823, 0.37593334913253784), (-0.9046154618263245, 0.2031445950269699, 0.3747040033340454), (-0.9603346586227417, 0.2031445950269699, 0.19102244079113007), (-0.9634853601455688, 0.1869935244321823, 0.1916491538286209), (-0.9634853601455688, 0.1869935244321823, 0.1916491538286209), (-0.9603346586227417, 0.2031445950269699, 0.19102244079113007), (-0.9791487455368042, 0.2031445950269699, 0.0), (-0.9823611378669739, 0.1869935244321823, 0.0), (-0.9823611378669739, 0.1869935244321823, 0.0), (-0.9791487455368042, 0.2031445950269699, 0.0), (-0.9603346586227417, 0.2031445950269699, -0.19102244079113007), (-0.9634853601455688, 0.1869935244321823, -0.1916491538286209), (-0.9634853601455688, 0.1869935244321823, -0.1916491538286209), (-0.9603346586227417, 0.2031445950269699, -0.19102244079113007), (-0.9046154618263245, 0.2031445950269699, -0.3747040033340454), (-0.9075833559036255, 0.1869935244321823, -0.37593334913253784), (-0.9075833559036255, 0.1869935244321823, -0.37593334913253784), (-0.9046154618263245, 0.2031445950269699, -0.3747040033340454), (-0.8141324520111084, 0.2031445950269699, -0.543985903263092), (-0.8168034553527832, 0.1869935244321823, -0.5457705855369568), (-0.8168034553527832, 0.1869935244321823, -0.5457705855369568), (-0.8141324520111084, 0.2031445950269699, -0.543985903263092), (-0.6923627257347107, 0.2031445950269699, -0.6923627257347107), (-0.694634199142456, 0.1869935244321823, -0.694634199142456), (-0.694634199142456, 0.1869935244321823, -0.694634199142456), (-0.6923627257347107, 0.2031445950269699, -0.6923627257347107), (-0.543985903263092, 0.2031445950269699, -0.8141324520111084), (-0.5457705855369568, 0.1869935244321823, -0.8168034553527832), (-0.5457705855369568, 0.1869935244321823, -0.8168034553527832), (-0.543985903263092, 0.2031445950269699, -0.8141324520111084), (-0.3747040033340454, 0.2031445950269699, -0.9046154618263245), (-0.37593334913253784, 0.1869935244321823, -0.9075833559036255), (-0.37593334913253784, 0.1869935244321823, -0.9075833559036255), (-0.3747040033340454, 0.2031445950269699, -0.9046154618263245), (-0.19102244079113007, 0.2031445950269699, -0.9603346586227417), (-0.1916491538286209, 0.1869935244321823, -0.9634853601455688), (-0.1916491538286209, 0.1869935244321823, -0.9634853601455688), (-0.19102244079113007, 0.2031445950269699, -0.9603346586227417), (0.0, 0.2031445950269699, -0.9791487455368042), (0.0, 0.1869935244321823, -0.9823611378669739), (0.0, 0.1869935244321823, -0.9823611378669739), (0.0, 0.2031445950269699, -0.9791487455368042), (0.19102244079113007, 0.2031445950269699, -0.9603346586227417), (0.1916491538286209, 0.1869935244321823, -0.9634853601455688), (0.1916491538286209, 0.1869935244321823, -0.9634853601455688), (0.19102244079113007, 0.2031445950269699, -0.9603346586227417), (0.3747040033340454, 0.2031445950269699, -0.9046154618263245), (0.37593334913253784, 0.1869935244321823, -0.9075833559036255), (0.37593334913253784, 0.1869935244321823, -0.9075833559036255), (0.3747040033340454, 0.2031445950269699, -0.9046154618263245), (0.543985903263092, 0.2031445950269699, -0.8141324520111084), (0.5457705855369568, 0.1869935244321823, -0.8168034553527832), (0.5457705855369568, 0.1869935244321823, -0.8168034553527832), (0.543985903263092, 0.2031445950269699, -0.8141324520111084), (0.6923627257347107, 0.2031445950269699, -0.6923627257347107), (0.694634199142456, 0.1869935244321823, -0.694634199142456), (0.694634199142456, 0.1869935244321823, -0.694634199142456), (0.6923627257347107, 0.2031445950269699, -0.6923627257347107), (0.8141324520111084, 0.2031445950269699, -0.543985903263092), (0.8168034553527832, 0.1869935244321823, -0.5457705855369568), (0.8168034553527832, 0.1869935244321823, -0.5457705855369568), (0.8141324520111084, 0.2031445950269699, -0.543985903263092), (0.9046154618263245, 0.2031445950269699, -0.3747040033340454), (0.9075833559036255, 0.1869935244321823, -0.37593334913253784), (0.9075833559036255, 0.1869935244321823, -0.37593334913253784), (0.9046154618263245, 0.2031445950269699, -0.3747040033340454), (0.9603346586227417, 0.2031445950269699, -0.19102244079113007), (0.9634853601455688, 0.1869935244321823, -0.1916491538286209), (0.9634853601455688, 0.1869935244321823, -0.1916491538286209), (0.9603346586227417, 0.2031445950269699, -0.19102244079113007), (0.9791487455368042, 0.2031445950269699, 0.0), (0.9823611378669739, 0.1869935244321823, 0.0), (0.9791487455368042, 0.2031445950269699, 0.0), (0.9749348759651184, 0.2224903106689453, 0.0), (0.9562017917633057, 0.2224903106689453, 0.19020035862922668), (0.9603346586227417, 0.2031445950269699, 0.19102244079113007), (0.9603346586227417, 0.2031445950269699, 0.19102244079113007), (0.9562017917633057, 0.2224903106689453, 0.19020035862922668), (0.9007223844528198, 0.2224903106689453, 0.3730914294719696), (0.9046154618263245, 0.2031445950269699, 0.3747040033340454), (0.9046154618263245, 0.2031445950269699, 0.3747040033340454), (0.9007223844528198, 0.2224903106689453, 0.3730914294719696), (0.8106287717819214, 0.2224903106689453, 0.541644811630249), (0.8141324520111084, 0.2031445950269699, 0.543985903263092), (0.8141324520111084, 0.2031445950269699, 0.543985903263092), (0.8106287717819214, 0.2224903106689453, 0.541644811630249), (0.6893830895423889, 0.2224903106689453, 0.6893830895423889), (0.6923627257347107, 0.2031445950269699, 0.6923627257347107), (0.6923627257347107, 0.2031445950269699, 0.6923627257347107), (0.6893830895423889, 0.2224903106689453, 0.6893830895423889), (0.541644811630249, 0.2224903106689453, 0.8106287717819214), (0.543985903263092, 0.2031445950269699, 0.8141324520111084), (0.543985903263092, 0.2031445950269699, 0.8141324520111084), (0.541644811630249, 0.2224903106689453, 0.8106287717819214), (0.3730914294719696, 0.2224903106689453, 0.9007223844528198), (0.3747040033340454, 0.2031445950269699, 0.9046154618263245), (0.3747040033340454, 0.2031445950269699, 0.9046154618263245), (0.3730914294719696, 0.2224903106689453, 0.9007223844528198), (0.19020035862922668, 0.2224903106689453, 0.9562017917633057), (0.19102244079113007, 0.2031445950269699, 0.9603346586227417), (0.19102244079113007, 0.2031445950269699, 0.9603346586227417), (0.19020035862922668, 0.2224903106689453, 0.9562017917633057), (0.0, 0.2224903106689453, 0.9749348759651184), (0.0, 0.2031445950269699, 0.9791487455368042), (0.0, 0.2031445950269699, 0.9791487455368042), (0.0, 0.2224903106689453, 0.9749348759651184), (-0.19020035862922668, 0.2224903106689453, 0.9562017917633057), (-0.19102244079113007, 0.2031445950269699, 0.9603346586227417), (-0.19102244079113007, 0.2031445950269699, 0.9603346586227417), (-0.19020035862922668, 0.2224903106689453, 0.9562017917633057), (-0.3730914294719696, 0.2224903106689453, 0.9007223844528198), (-0.3747040033340454, 0.2031445950269699, 0.9046154618263245), (-0.3747040033340454, 0.2031445950269699, 0.9046154618263245), (-0.3730914294719696, 0.2224903106689453, 0.9007223844528198), (-0.541644811630249, 0.2224903106689453, 0.8106287717819214), (-0.543985903263092, 0.2031445950269699, 0.8141324520111084), (-0.543985903263092, 0.2031445950269699, 0.8141324520111084), (-0.541644811630249, 0.2224903106689453, 0.8106287717819214), (-0.6893830895423889, 0.2224903106689453, 0.6893830895423889), (-0.6923627257347107, 0.2031445950269699, 0.6923627257347107), (-0.6923627257347107, 0.2031445950269699, 0.6923627257347107), (-0.6893830895423889, 0.2224903106689453, 0.6893830895423889), (-0.8106287717819214, 0.2224903106689453, 0.541644811630249), (-0.8141324520111084, 0.2031445950269699, 0.543985903263092), (-0.8141324520111084, 0.2031445950269699, 0.543985903263092), (-0.8106287717819214, 0.2224903106689453, 0.541644811630249), (-0.9007223844528198, 0.2224903106689453, 0.3730914294719696), (-0.9046154618263245, 0.2031445950269699, 0.3747040033340454), (-0.9046154618263245, 0.2031445950269699, 0.3747040033340454), (-0.9007223844528198, 0.2224903106689453, 0.3730914294719696), (-0.9562017917633057, 0.2224903106689453, 0.19020035862922668), (-0.9603346586227417, 0.2031445950269699, 0.19102244079113007), (-0.9603346586227417, 0.2031445950269699, 0.19102244079113007), (-0.9562017917633057, 0.2224903106689453, 0.19020035862922668), (-0.9749348759651184, 0.2224903106689453, 0.0), (-0.9791487455368042, 0.2031445950269699, 0.0), (-0.9791487455368042, 0.2031445950269699, 0.0), (-0.9749348759651184, 0.2224903106689453, 0.0), (-0.9562017917633057, 0.2224903106689453, -0.19020035862922668), (-0.9603346586227417, 0.2031445950269699, -0.19102244079113007), (-0.9603346586227417, 0.2031445950269699, -0.19102244079113007), (-0.9562017917633057, 0.2224903106689453, -0.19020035862922668), (-0.9007223844528198, 0.2224903106689453, -0.3730914294719696), (-0.9046154618263245, 0.2031445950269699, -0.3747040033340454), (-0.9046154618263245, 0.2031445950269699, -0.3747040033340454), (-0.9007223844528198, 0.2224903106689453, -0.3730914294719696), (-0.8106287717819214, 0.2224903106689453, -0.541644811630249), (-0.8141324520111084, 0.2031445950269699, -0.543985903263092), (-0.8141324520111084, 0.2031445950269699, -0.543985903263092), (-0.8106287717819214, 0.2224903106689453, -0.541644811630249), (-0.6893830895423889, 0.2224903106689453, -0.6893830895423889), (-0.6923627257347107, 0.2031445950269699, -0.6923627257347107), (-0.6923627257347107, 0.2031445950269699, -0.6923627257347107), (-0.6893830895423889, 0.2224903106689453, -0.6893830895423889), (-0.541644811630249, 0.2224903106689453, -0.8106287717819214), (-0.543985903263092, 0.2031445950269699, -0.8141324520111084), (-0.543985903263092, 0.2031445950269699, -0.8141324520111084), (-0.541644811630249, 0.2224903106689453, -0.8106287717819214), (-0.3730914294719696, 0.2224903106689453, -0.9007223844528198), (-0.3747040033340454, 0.2031445950269699, -0.9046154618263245), (-0.3747040033340454, 0.2031445950269699, -0.9046154618263245), (-0.3730914294719696, 0.2224903106689453, -0.9007223844528198), (-0.19020035862922668, 0.2224903106689453, -0.9562017917633057), (-0.19102244079113007, 0.2031445950269699, -0.9603346586227417), (-0.19102244079113007, 0.2031445950269699, -0.9603346586227417), (-0.19020035862922668, 0.2224903106689453, -0.9562017917633057), (0.0, 0.2224903106689453, -0.9749348759651184), (0.0, 0.2031445950269699, -0.9791487455368042), (0.0, 0.2031445950269699, -0.9791487455368042), (0.0, 0.2224903106689453, -0.9749348759651184), (0.19020035862922668, 0.2224903106689453, -0.9562017917633057), (0.19102244079113007, 0.2031445950269699, -0.9603346586227417), (0.19102244079113007, 0.2031445950269699, -0.9603346586227417), (0.19020035862922668, 0.2224903106689453, -0.9562017917633057), (0.3730914294719696, 0.2224903106689453, -0.9007223844528198), (0.3747040033340454, 0.2031445950269699, -0.9046154618263245), (0.3747040033340454, 0.2031445950269699, -0.9046154618263245), (0.3730914294719696, 0.2224903106689453, -0.9007223844528198), (0.541644811630249, 0.2224903106689453, -0.8106287717819214), (0.543985903263092, 0.2031445950269699, -0.8141324520111084), (0.543985903263092, 0.2031445950269699, -0.8141324520111084), (0.541644811630249, 0.2224903106689453, -0.8106287717819214), (0.6893830895423889, 0.2224903106689453, -0.6893830895423889), (0.6923627257347107, 0.2031445950269699, -0.6923627257347107), (0.6923627257347107, 0.2031445950269699, -0.6923627257347107), (0.6893830895423889, 0.2224903106689453, -0.6893830895423889), (0.8106287717819214, 0.2224903106689453, -0.541644811630249), (0.8141324520111084, 0.2031445950269699, -0.543985903263092), (0.8141324520111084, 0.2031445950269699, -0.543985903263092), (0.8106287717819214, 0.2224903106689453, -0.541644811630249), (0.9007223844528198, 0.2224903106689453, -0.3730914294719696), (0.9046154618263245, 0.2031445950269699, -0.3747040033340454), (0.9046154618263245, 0.2031445950269699, -0.3747040033340454), (0.9007223844528198, 0.2224903106689453, -0.3730914294719696), (0.9562017917633057, 0.2224903106689453, -0.19020035862922668), (0.9603346586227417, 0.2031445950269699, -0.19102244079113007), (0.9603346586227417, 0.2031445950269699, -0.19102244079113007), (0.9562017917633057, 0.2224903106689453, -0.19020035862922668), (0.9749348759651184, 0.2224903106689453, 0.0), (0.9791487455368042, 0.2031445950269699, 0.0), (0.9749348759651184, 0.2224903106689453, 0.0), (0.9692491292953491, 0.24608148634433746, 0.0), (0.9506253004074097, 0.24608148634433746, 0.18909113109111786), (0.9562017917633057, 0.2224903106689453, 0.19020035862922668), (0.9562017917633057, 0.2224903106689453, 0.19020035862922668), (0.9506253004074097, 0.24608148634433746, 0.18909113109111786), (0.8954694271087646, 0.24608148634433746, 0.37091559171676636), (0.9007223844528198, 0.2224903106689453, 0.3730914294719696), (0.9007223844528198, 0.2224903106689453, 0.3730914294719696), (0.8954694271087646, 0.24608148634433746, 0.37091559171676636), (0.8059012293815613, 0.24608148634433746, 0.5384859442710876), (0.8106287717819214, 0.2224903106689453, 0.541644811630249), (0.8106287717819214, 0.2224903106689453, 0.541644811630249), (0.8059012293815613, 0.24608148634433746, 0.5384859442710876), (0.6853626370429993, 0.24608148634433746, 0.6853626370429993), (0.6893830895423889, 0.2224903106689453, 0.6893830895423889), (0.6893830895423889, 0.2224903106689453, 0.6893830895423889), (0.6853626370429993, 0.24608148634433746, 0.6853626370429993), (0.5384859442710876, 0.24608148634433746, 0.8059012293815613), (0.541644811630249, 0.2224903106689453, 0.8106287717819214), (0.541644811630249, 0.2224903106689453, 0.8106287717819214), (0.5384859442710876, 0.24608148634433746, 0.8059012293815613), (0.37091559171676636, 0.24608148634433746, 0.8954694271087646), (0.3730914294719696, 0.2224903106689453, 0.9007223844528198), (0.3730914294719696, 0.2224903106689453, 0.9007223844528198), (0.37091559171676636, 0.24608148634433746, 0.8954694271087646), (0.18909113109111786, 0.24608148634433746, 0.9506253004074097), (0.19020035862922668, 0.2224903106689453, 0.9562017917633057), (0.19020035862922668, 0.2224903106689453, 0.9562017917633057), (0.18909113109111786, 0.24608148634433746, 0.9506253004074097), (0.0, 0.24608148634433746, 0.9692491292953491), (0.0, 0.2224903106689453, 0.9749348759651184), (0.0, 0.2224903106689453, 0.9749348759651184), (0.0, 0.24608148634433746, 0.9692491292953491), (-0.18909113109111786, 0.24608148634433746, 0.9506253004074097), (-0.19020035862922668, 0.2224903106689453, 0.9562017917633057), (-0.19020035862922668, 0.2224903106689453, 0.9562017917633057), (-0.18909113109111786, 0.24608148634433746, 0.9506253004074097), (-0.37091559171676636, 0.24608148634433746, 0.8954694271087646), (-0.3730914294719696, 0.2224903106689453, 0.9007223844528198), (-0.3730914294719696, 0.2224903106689453, 0.9007223844528198), (-0.37091559171676636, 0.24608148634433746, 0.8954694271087646), (-0.5384859442710876, 0.24608148634433746, 0.8059012293815613), (-0.541644811630249, 0.2224903106689453, 0.8106287717819214), (-0.541644811630249, 0.2224903106689453, 0.8106287717819214), (-0.5384859442710876, 0.24608148634433746, 0.8059012293815613), (-0.6853626370429993, 0.24608148634433746, 0.6853626370429993), (-0.6893830895423889, 0.2224903106689453, 0.6893830895423889), (-0.6893830895423889, 0.2224903106689453, 0.6893830895423889), (-0.6853626370429993, 0.24608148634433746, 0.6853626370429993), (-0.8059012293815613, 0.24608148634433746, 0.5384859442710876), (-0.8106287717819214, 0.2224903106689453, 0.541644811630249), (-0.8106287717819214, 0.2224903106689453, 0.541644811630249), (-0.8059012293815613, 0.24608148634433746, 0.5384859442710876), (-0.8954694271087646, 0.24608148634433746, 0.37091559171676636), (-0.9007223844528198, 0.2224903106689453, 0.3730914294719696), (-0.9007223844528198, 0.2224903106689453, 0.3730914294719696), (-0.8954694271087646, 0.24608148634433746, 0.37091559171676636), (-0.9506253004074097, 0.24608148634433746, 0.18909113109111786), (-0.9562017917633057, 0.2224903106689453, 0.19020035862922668), (-0.9562017917633057, 0.2224903106689453, 0.19020035862922668), (-0.9506253004074097, 0.24608148634433746, 0.18909113109111786), (-0.9692491292953491, 0.24608148634433746, 0.0), (-0.9749348759651184, 0.2224903106689453, 0.0), (-0.9749348759651184, 0.2224903106689453, 0.0), (-0.9692491292953491, 0.24608148634433746, 0.0), (-0.9506253004074097, 0.24608148634433746, -0.18909113109111786), (-0.9562017917633057, 0.2224903106689453, -0.19020035862922668), (-0.9562017917633057, 0.2224903106689453, -0.19020035862922668), (-0.9506253004074097, 0.24608148634433746, -0.18909113109111786), (-0.8954694271087646, 0.24608148634433746, -0.37091559171676636), (-0.9007223844528198, 0.2224903106689453, -0.3730914294719696), (-0.9007223844528198, 0.2224903106689453, -0.3730914294719696), (-0.8954694271087646, 0.24608148634433746, -0.37091559171676636), (-0.8059012293815613, 0.24608148634433746, -0.5384859442710876), (-0.8106287717819214, 0.2224903106689453, -0.541644811630249), (-0.8106287717819214, 0.2224903106689453, -0.541644811630249), (-0.8059012293815613, 0.24608148634433746, -0.5384859442710876), (-0.6853626370429993, 0.24608148634433746, -0.6853626370429993), (-0.6893830895423889, 0.2224903106689453, -0.6893830895423889), (-0.6893830895423889, 0.2224903106689453, -0.6893830895423889), (-0.6853626370429993, 0.24608148634433746, -0.6853626370429993), (-0.5384859442710876, 0.24608148634433746, -0.8059012293815613), (-0.541644811630249, 0.2224903106689453, -0.8106287717819214), (-0.541644811630249, 0.2224903106689453, -0.8106287717819214), (-0.5384859442710876, 0.24608148634433746, -0.8059012293815613), (-0.37091559171676636, 0.24608148634433746, -0.8954694271087646), (-0.3730914294719696, 0.2224903106689453, -0.9007223844528198), (-0.3730914294719696, 0.2224903106689453, -0.9007223844528198), (-0.37091559171676636, 0.24608148634433746, -0.8954694271087646), (-0.18909113109111786, 0.24608148634433746, -0.9506253004074097), (-0.19020035862922668, 0.2224903106689453, -0.9562017917633057), (-0.19020035862922668, 0.2224903106689453, -0.9562017917633057), (-0.18909113109111786, 0.24608148634433746, -0.9506253004074097), (0.0, 0.24608148634433746, -0.9692491292953491), (0.0, 0.2224903106689453, -0.9749348759651184), (0.0, 0.2224903106689453, -0.9749348759651184), (0.0, 0.24608148634433746, -0.9692491292953491), (0.18909113109111786, 0.24608148634433746, -0.9506253004074097), (0.19020035862922668, 0.2224903106689453, -0.9562017917633057), (0.19020035862922668, 0.2224903106689453, -0.9562017917633057), (0.18909113109111786, 0.24608148634433746, -0.9506253004074097), (0.37091559171676636, 0.24608148634433746, -0.8954694271087646), (0.3730914294719696, 0.2224903106689453, -0.9007223844528198), (0.3730914294719696, 0.2224903106689453, -0.9007223844528198), (0.37091559171676636, 0.24608148634433746, -0.8954694271087646), (0.5384859442710876, 0.24608148634433746, -0.8059012293815613), (0.541644811630249, 0.2224903106689453, -0.8106287717819214), (0.541644811630249, 0.2224903106689453, -0.8106287717819214), (0.5384859442710876, 0.24608148634433746, -0.8059012293815613), (0.6853626370429993, 0.24608148634433746, -0.6853626370429993), (0.6893830895423889, 0.2224903106689453, -0.6893830895423889), (0.6893830895423889, 0.2224903106689453, -0.6893830895423889), (0.6853626370429993, 0.24608148634433746, -0.6853626370429993), (0.8059012293815613, 0.24608148634433746, -0.5384859442710876), (0.8106287717819214, 0.2224903106689453, -0.541644811630249), (0.8106287717819214, 0.2224903106689453, -0.541644811630249), (0.8059012293815613, 0.24608148634433746, -0.5384859442710876), (0.8954694271087646, 0.24608148634433746, -0.37091559171676636), (0.9007223844528198, 0.2224903106689453, -0.3730914294719696), (0.9007223844528198, 0.2224903106689453, -0.3730914294719696), (0.8954694271087646, 0.24608148634433746, -0.37091559171676636), (0.9506253004074097, 0.24608148634433746, -0.18909113109111786), (0.9562017917633057, 0.2224903106689453, -0.19020035862922668), (0.9562017917633057, 0.2224903106689453, -0.19020035862922668), (0.9506253004074097, 0.24608148634433746, -0.18909113109111786), (0.9692491292953491, 0.24608148634433746, 0.0), (0.9749348759651184, 0.2224903106689453, 0.0), (0.9692491292953491, 0.24608148634433746, 0.0), (0.9613078832626343, 0.27547621726989746, 0.0), (0.9428366422653198, 0.27547621726989746, 0.18754185736179352), (0.9506253004074097, 0.24608148634433746, 0.18909113109111786), (0.9506253004074097, 0.24608148634433746, 0.18909113109111786), (0.9428366422653198, 0.27547621726989746, 0.18754185736179352), (0.8881326913833618, 0.27547621726989746, 0.3678765892982483), (0.8954694271087646, 0.24608148634433746, 0.37091559171676636), (0.8954694271087646, 0.24608148634433746, 0.37091559171676636), (0.8881326913833618, 0.27547621726989746, 0.3678765892982483), (0.7992982864379883, 0.27547621726989746, 0.534074068069458), (0.8059012293815613, 0.24608148634433746, 0.5384859442710876), (0.8059012293815613, 0.24608148634433746, 0.5384859442710876), (0.7992982864379883, 0.27547621726989746, 0.534074068069458), (0.6797473430633545, 0.27547621726989746, 0.6797473430633545), (0.6853626370429993, 0.24608148634433746, 0.6853626370429993), (0.6853626370429993, 0.24608148634433746, 0.6853626370429993), (0.6797473430633545, 0.27547621726989746, 0.6797473430633545), (0.534074068069458, 0.27547621726989746, 0.7992982864379883), (0.5384859442710876, 0.24608148634433746, 0.8059012293815613), (0.5384859442710876, 0.24608148634433746, 0.8059012293815613), (0.534074068069458, 0.27547621726989746, 0.7992982864379883), (0.3678765892982483, 0.27547621726989746, 0.8881326913833618), (0.37091559171676636, 0.24608148634433746, 0.8954694271087646), (0.37091559171676636, 0.24608148634433746, 0.8954694271087646), (0.3678765892982483, 0.27547621726989746, 0.8881326913833618), (0.18754185736179352, 0.27547621726989746, 0.9428366422653198), (0.18909113109111786, 0.24608148634433746, 0.9506253004074097), (0.18909113109111786, 0.24608148634433746, 0.9506253004074097), (0.18754185736179352, 0.27547621726989746, 0.9428366422653198), (0.0, 0.27547621726989746, 0.9613078832626343), (0.0, 0.24608148634433746, 0.9692491292953491), (0.0, 0.24608148634433746, 0.9692491292953491), (0.0, 0.27547621726989746, 0.9613078832626343), (-0.18754185736179352, 0.27547621726989746, 0.9428366422653198), (-0.18909113109111786, 0.24608148634433746, 0.9506253004074097), (-0.18909113109111786, 0.24608148634433746, 0.9506253004074097), (-0.18754185736179352, 0.27547621726989746, 0.9428366422653198), (-0.3678765892982483, 0.27547621726989746, 0.8881326913833618), (-0.37091559171676636, 0.24608148634433746, 0.8954694271087646), (-0.37091559171676636, 0.24608148634433746, 0.8954694271087646), (-0.3678765892982483, 0.27547621726989746, 0.8881326913833618), (-0.534074068069458, 0.27547621726989746, 0.7992982864379883), (-0.5384859442710876, 0.24608148634433746, 0.8059012293815613), (-0.5384859442710876, 0.24608148634433746, 0.8059012293815613), (-0.534074068069458, 0.27547621726989746, 0.7992982864379883), (-0.6797473430633545, 0.27547621726989746, 0.6797473430633545), (-0.6853626370429993, 0.24608148634433746, 0.6853626370429993), (-0.6853626370429993, 0.24608148634433746, 0.6853626370429993), (-0.6797473430633545, 0.27547621726989746, 0.6797473430633545), (-0.7992982864379883, 0.27547621726989746, 0.534074068069458), (-0.8059012293815613, 0.24608148634433746, 0.5384859442710876), (-0.8059012293815613, 0.24608148634433746, 0.5384859442710876), (-0.7992982864379883, 0.27547621726989746, 0.534074068069458), (-0.8881326913833618, 0.27547621726989746, 0.3678765892982483), (-0.8954694271087646, 0.24608148634433746, 0.37091559171676636), (-0.8954694271087646, 0.24608148634433746, 0.37091559171676636), (-0.8881326913833618, 0.27547621726989746, 0.3678765892982483), (-0.9428366422653198, 0.27547621726989746, 0.18754185736179352), (-0.9506253004074097, 0.24608148634433746, 0.18909113109111786), (-0.9506253004074097, 0.24608148634433746, 0.18909113109111786), (-0.9428366422653198, 0.27547621726989746, 0.18754185736179352), (-0.9613078832626343, 0.27547621726989746, 0.0), (-0.9692491292953491, 0.24608148634433746, 0.0), (-0.9692491292953491, 0.24608148634433746, 0.0), (-0.9613078832626343, 0.27547621726989746, 0.0), (-0.9428366422653198, 0.27547621726989746, -0.18754185736179352), (-0.9506253004074097, 0.24608148634433746, -0.18909113109111786), (-0.9506253004074097, 0.24608148634433746, -0.18909113109111786), (-0.9428366422653198, 0.27547621726989746, -0.18754185736179352), (-0.8881326913833618, 0.27547621726989746, -0.3678765892982483), (-0.8954694271087646, 0.24608148634433746, -0.37091559171676636), (-0.8954694271087646, 0.24608148634433746, -0.37091559171676636), (-0.8881326913833618, 0.27547621726989746, -0.3678765892982483), (-0.7992982864379883, 0.27547621726989746, -0.534074068069458), (-0.8059012293815613, 0.24608148634433746, -0.5384859442710876), (-0.8059012293815613, 0.24608148634433746, -0.5384859442710876), (-0.7992982864379883, 0.27547621726989746, -0.534074068069458), (-0.6797473430633545, 0.27547621726989746, -0.6797473430633545), (-0.6853626370429993, 0.24608148634433746, -0.6853626370429993), (-0.6853626370429993, 0.24608148634433746, -0.6853626370429993), (-0.6797473430633545, 0.27547621726989746, -0.6797473430633545), (-0.534074068069458, 0.27547621726989746, -0.7992982864379883), (-0.5384859442710876, 0.24608148634433746, -0.8059012293815613), (-0.5384859442710876, 0.24608148634433746, -0.8059012293815613), (-0.534074068069458, 0.27547621726989746, -0.7992982864379883), (-0.3678765892982483, 0.27547621726989746, -0.8881326913833618), (-0.37091559171676636, 0.24608148634433746, -0.8954694271087646), (-0.37091559171676636, 0.24608148634433746, -0.8954694271087646), (-0.3678765892982483, 0.27547621726989746, -0.8881326913833618), (-0.18754185736179352, 0.27547621726989746, -0.9428366422653198), (-0.18909113109111786, 0.24608148634433746, -0.9506253004074097), (-0.18909113109111786, 0.24608148634433746, -0.9506253004074097), (-0.18754185736179352, 0.27547621726989746, -0.9428366422653198), (0.0, 0.27547621726989746, -0.9613078832626343), (0.0, 0.24608148634433746, -0.9692491292953491), (0.0, 0.24608148634433746, -0.9692491292953491), (0.0, 0.27547621726989746, -0.9613078832626343), (0.18754185736179352, 0.27547621726989746, -0.9428366422653198), (0.18909113109111786, 0.24608148634433746, -0.9506253004074097), (0.18909113109111786, 0.24608148634433746, -0.9506253004074097), (0.18754185736179352, 0.27547621726989746, -0.9428366422653198), (0.3678765892982483, 0.27547621726989746, -0.8881326913833618), (0.37091559171676636, 0.24608148634433746, -0.8954694271087646), (0.37091559171676636, 0.24608148634433746, -0.8954694271087646), (0.3678765892982483, 0.27547621726989746, -0.8881326913833618), (0.534074068069458, 0.27547621726989746, -0.7992982864379883), (0.5384859442710876, 0.24608148634433746, -0.8059012293815613), (0.5384859442710876, 0.24608148634433746, -0.8059012293815613), (0.534074068069458, 0.27547621726989746, -0.7992982864379883), (0.6797473430633545, 0.27547621726989746, -0.6797473430633545), (0.6853626370429993, 0.24608148634433746, -0.6853626370429993), (0.6853626370429993, 0.24608148634433746, -0.6853626370429993), (0.6797473430633545, 0.27547621726989746, -0.6797473430633545), (0.7992982864379883, 0.27547621726989746, -0.534074068069458), (0.8059012293815613, 0.24608148634433746, -0.5384859442710876), (0.8059012293815613, 0.24608148634433746, -0.5384859442710876), (0.7992982864379883, 0.27547621726989746, -0.534074068069458), (0.8881326913833618, 0.27547621726989746, -0.3678765892982483), (0.8954694271087646, 0.24608148634433746, -0.37091559171676636), (0.8954694271087646, 0.24608148634433746, -0.37091559171676636), (0.8881326913833618, 0.27547621726989746, -0.3678765892982483), (0.9428366422653198, 0.27547621726989746, -0.18754185736179352), (0.9506253004074097, 0.24608148634433746, -0.18909113109111786), (0.9506253004074097, 0.24608148634433746, -0.18909113109111786), (0.9428366422653198, 0.27547621726989746, -0.18754185736179352), (0.9613078832626343, 0.27547621726989746, 0.0), (0.9692491292953491, 0.24608148634433746, 0.0), (0.9613078832626343, 0.27547621726989746, 0.0), (0.9497288465499878, 0.31307360529899597, 0.0), (0.9314801096916199, 0.31307360529899597, 0.18528291583061218), (0.9428366422653198, 0.27547621726989746, 0.18754185736179352), (0.9428366422653198, 0.27547621726989746, 0.18754185736179352), (0.9314801096916199, 0.31307360529899597, 0.18528291583061218), (0.877435028553009, 0.31307360529899597, 0.3634454905986786), (0.8881326913833618, 0.27547621726989746, 0.3678765892982483), (0.8881326913833618, 0.27547621726989746, 0.3678765892982483), (0.877435028553009, 0.31307360529899597, 0.3634454905986786), (0.7896707057952881, 0.31307360529899597, 0.5276410579681396), (0.7992982864379883, 0.27547621726989746, 0.534074068069458), (0.7992982864379883, 0.27547621726989746, 0.534074068069458), (0.7896707057952881, 0.31307360529899597, 0.5276410579681396), (0.6715596914291382, 0.31307360529899597, 0.6715596914291382), (0.6797473430633545, 0.27547621726989746, 0.6797473430633545), (0.6797473430633545, 0.27547621726989746, 0.6797473430633545), (0.6715596914291382, 0.31307360529899597, 0.6715596914291382), (0.5276410579681396, 0.31307360529899597, 0.7896707057952881), (0.534074068069458, 0.27547621726989746, 0.7992982864379883), (0.534074068069458, 0.27547621726989746, 0.7992982864379883), (0.5276410579681396, 0.31307360529899597, 0.7896707057952881), (0.3634454905986786, 0.31307360529899597, 0.877435028553009), (0.3678765892982483, 0.27547621726989746, 0.8881326913833618), (0.3678765892982483, 0.27547621726989746, 0.8881326913833618), (0.3634454905986786, 0.31307360529899597, 0.877435028553009), (0.18528291583061218, 0.31307360529899597, 0.9314801096916199), (0.18754185736179352, 0.27547621726989746, 0.9428366422653198), (0.18754185736179352, 0.27547621726989746, 0.9428366422653198), (0.18528291583061218, 0.31307360529899597, 0.9314801096916199), (0.0, 0.31307360529899597, 0.9497288465499878), (0.0, 0.27547621726989746, 0.9613078832626343), (0.0, 0.27547621726989746, 0.9613078832626343), (0.0, 0.31307360529899597, 0.9497288465499878), (-0.18528291583061218, 0.31307360529899597, 0.9314801096916199), (-0.18754185736179352, 0.27547621726989746, 0.9428366422653198), (-0.18754185736179352, 0.27547621726989746, 0.9428366422653198), (-0.18528291583061218, 0.31307360529899597, 0.9314801096916199), (-0.3634454905986786, 0.31307360529899597, 0.877435028553009), (-0.3678765892982483, 0.27547621726989746, 0.8881326913833618), (-0.3678765892982483, 0.27547621726989746, 0.8881326913833618), (-0.3634454905986786, 0.31307360529899597, 0.877435028553009), (-0.5276410579681396, 0.31307360529899597, 0.7896707057952881), (-0.534074068069458, 0.27547621726989746, 0.7992982864379883), (-0.534074068069458, 0.27547621726989746, 0.7992982864379883), (-0.5276410579681396, 0.31307360529899597, 0.7896707057952881), (-0.6715596914291382, 0.31307360529899597, 0.6715596914291382), (-0.6797473430633545, 0.27547621726989746, 0.6797473430633545), (-0.6797473430633545, 0.27547621726989746, 0.6797473430633545), (-0.6715596914291382, 0.31307360529899597, 0.6715596914291382), (-0.7896707057952881, 0.31307360529899597, 0.5276410579681396), (-0.7992982864379883, 0.27547621726989746, 0.534074068069458), (-0.7992982864379883, 0.27547621726989746, 0.534074068069458), (-0.7896707057952881, 0.31307360529899597, 0.5276410579681396), (-0.877435028553009, 0.31307360529899597, 0.3634454905986786), (-0.8881326913833618, 0.27547621726989746, 0.3678765892982483), (-0.8881326913833618, 0.27547621726989746, 0.3678765892982483), (-0.877435028553009, 0.31307360529899597, 0.3634454905986786), (-0.9314801096916199, 0.31307360529899597, 0.18528291583061218), (-0.9428366422653198, 0.27547621726989746, 0.18754185736179352), (-0.9428366422653198, 0.27547621726989746, 0.18754185736179352), (-0.9314801096916199, 0.31307360529899597, 0.18528291583061218), (-0.9497288465499878, 0.31307360529899597, 0.0), (-0.9613078832626343, 0.27547621726989746, 0.0), (-0.9613078832626343, 0.27547621726989746, 0.0), (-0.9497288465499878, 0.31307360529899597, 0.0), (-0.9314801096916199, 0.31307360529899597, -0.18528291583061218), (-0.9428366422653198, 0.27547621726989746, -0.18754185736179352), (-0.9428366422653198, 0.27547621726989746, -0.18754185736179352), (-0.9314801096916199, 0.31307360529899597, -0.18528291583061218), (-0.877435028553009, 0.31307360529899597, -0.3634454905986786), (-0.8881326913833618, 0.27547621726989746, -0.3678765892982483), (-0.8881326913833618, 0.27547621726989746, -0.3678765892982483), (-0.877435028553009, 0.31307360529899597, -0.3634454905986786), (-0.7896707057952881, 0.31307360529899597, -0.5276410579681396), (-0.7992982864379883, 0.27547621726989746, -0.534074068069458), (-0.7992982864379883, 0.27547621726989746, -0.534074068069458), (-0.7896707057952881, 0.31307360529899597, -0.5276410579681396), (-0.6715596914291382, 0.31307360529899597, -0.6715596914291382), (-0.6797473430633545, 0.27547621726989746, -0.6797473430633545), (-0.6797473430633545, 0.27547621726989746, -0.6797473430633545), (-0.6715596914291382, 0.31307360529899597, -0.6715596914291382), (-0.5276410579681396, 0.31307360529899597, -0.7896707057952881), (-0.534074068069458, 0.27547621726989746, -0.7992982864379883), (-0.534074068069458, 0.27547621726989746, -0.7992982864379883), (-0.5276410579681396, 0.31307360529899597, -0.7896707057952881), (-0.3634454905986786, 0.31307360529899597, -0.877435028553009), (-0.3678765892982483, 0.27547621726989746, -0.8881326913833618), (-0.3678765892982483, 0.27547621726989746, -0.8881326913833618), (-0.3634454905986786, 0.31307360529899597, -0.877435028553009), (-0.18528291583061218, 0.31307360529899597, -0.9314801096916199), (-0.18754185736179352, 0.27547621726989746, -0.9428366422653198), (-0.18754185736179352, 0.27547621726989746, -0.9428366422653198), (-0.18528291583061218, 0.31307360529899597, -0.9314801096916199), (0.0, 0.31307360529899597, -0.9497288465499878), (0.0, 0.27547621726989746, -0.9613078832626343), (0.0, 0.27547621726989746, -0.9613078832626343), (0.0, 0.31307360529899597, -0.9497288465499878), (0.18528291583061218, 0.31307360529899597, -0.9314801096916199), (0.18754185736179352, 0.27547621726989746, -0.9428366422653198), (0.18754185736179352, 0.27547621726989746, -0.9428366422653198), (0.18528291583061218, 0.31307360529899597, -0.9314801096916199), (0.3634454905986786, 0.31307360529899597, -0.877435028553009), (0.3678765892982483, 0.27547621726989746, -0.8881326913833618), (0.3678765892982483, 0.27547621726989746, -0.8881326913833618), (0.3634454905986786, 0.31307360529899597, -0.877435028553009), (0.5276410579681396, 0.31307360529899597, -0.7896707057952881), (0.534074068069458, 0.27547621726989746, -0.7992982864379883), (0.534074068069458, 0.27547621726989746, -0.7992982864379883), (0.5276410579681396, 0.31307360529899597, -0.7896707057952881), (0.6715596914291382, 0.31307360529899597, -0.6715596914291382), (0.6797473430633545, 0.27547621726989746, -0.6797473430633545), (0.6797473430633545, 0.27547621726989746, -0.6797473430633545), (0.6715596914291382, 0.31307360529899597, -0.6715596914291382), (0.7896707057952881, 0.31307360529899597, -0.5276410579681396), (0.7992982864379883, 0.27547621726989746, -0.534074068069458), (0.7992982864379883, 0.27547621726989746, -0.534074068069458), (0.7896707057952881, 0.31307360529899597, -0.5276410579681396), (0.877435028553009, 0.31307360529899597, -0.3634454905986786), (0.8881326913833618, 0.27547621726989746, -0.3678765892982483), (0.8881326913833618, 0.27547621726989746, -0.3678765892982483), (0.877435028553009, 0.31307360529899597, -0.3634454905986786), (0.9314801096916199, 0.31307360529899597, -0.18528291583061218), (0.9428366422653198, 0.27547621726989746, -0.18754185736179352), (0.9428366422653198, 0.27547621726989746, -0.18754185736179352), (0.9314801096916199, 0.31307360529899597, -0.18528291583061218), (0.9497288465499878, 0.31307360529899597, 0.0), (0.9613078832626343, 0.27547621726989746, 0.0), (0.9497288465499878, 0.31307360529899597, 0.0), (0.9318960309028625, 0.36272546648979187, 0.0), (0.9139899015426636, 0.36272546648979187, 0.181803897023201), (0.9314801096916199, 0.31307360529899597, 0.18528291583061218), (0.9314801096916199, 0.31307360529899597, 0.18528291583061218), (0.9139899015426636, 0.36272546648979187, 0.181803897023201), (0.8609596490859985, 0.36272546648979187, 0.3566211760044098), (0.877435028553009, 0.31307360529899597, 0.3634454905986786), (0.877435028553009, 0.31307360529899597, 0.3634454905986786), (0.8609596490859985, 0.36272546648979187, 0.3566211760044098), (0.7748432159423828, 0.36272546648979187, 0.5177336931228638), (0.7896707057952881, 0.31307360529899597, 0.5276410579681396), (0.7896707057952881, 0.31307360529899597, 0.5276410579681396), (0.7748432159423828, 0.36272546648979187, 0.5177336931228638), (0.6589500308036804, 0.36272546648979187, 0.6589500308036804), (0.6715596914291382, 0.31307360529899597, 0.6715596914291382), (0.6715596914291382, 0.31307360529899597, 0.6715596914291382), (0.6589500308036804, 0.36272546648979187, 0.6589500308036804), (0.5177336931228638, 0.36272546648979187, 0.7748432159423828), (0.5276410579681396, 0.31307360529899597, 0.7896707057952881), (0.5276410579681396, 0.31307360529899597, 0.7896707057952881), (0.5177336931228638, 0.36272546648979187, 0.7748432159423828), (0.3566211760044098, 0.36272546648979187, 0.8609596490859985), (0.3634454905986786, 0.31307360529899597, 0.877435028553009), (0.3634454905986786, 0.31307360529899597, 0.877435028553009), (0.3566211760044098, 0.36272546648979187, 0.8609596490859985), (0.181803897023201, 0.36272546648979187, 0.9139899015426636), (0.18528291583061218, 0.31307360529899597, 0.9314801096916199), (0.18528291583061218, 0.31307360529899597, 0.9314801096916199), (0.181803897023201, 0.36272546648979187, 0.9139899015426636), (0.0, 0.36272546648979187, 0.9318960309028625), (0.0, 0.31307360529899597, 0.9497288465499878), (0.0, 0.31307360529899597, 0.9497288465499878), (0.0, 0.36272546648979187, 0.9318960309028625), (-0.181803897023201, 0.36272546648979187, 0.9139899015426636), (-0.18528291583061218, 0.31307360529899597, 0.9314801096916199), (-0.18528291583061218, 0.31307360529899597, 0.9314801096916199), (-0.181803897023201, 0.36272546648979187, 0.9139899015426636), (-0.3566211760044098, 0.36272546648979187, 0.8609596490859985), (-0.3634454905986786, 0.31307360529899597, 0.877435028553009), (-0.3634454905986786, 0.31307360529899597, 0.877435028553009), (-0.3566211760044098, 0.36272546648979187, 0.8609596490859985), (-0.5177336931228638, 0.36272546648979187, 0.7748432159423828), (-0.5276410579681396, 0.31307360529899597, 0.7896707057952881), (-0.5276410579681396, 0.31307360529899597, 0.7896707057952881), (-0.5177336931228638, 0.36272546648979187, 0.7748432159423828), (-0.6589500308036804, 0.36272546648979187, 0.6589500308036804), (-0.6715596914291382, 0.31307360529899597, 0.6715596914291382), (-0.6715596914291382, 0.31307360529899597, 0.6715596914291382), (-0.6589500308036804, 0.36272546648979187, 0.6589500308036804), (-0.7748432159423828, 0.36272546648979187, 0.5177336931228638), (-0.7896707057952881, 0.31307360529899597, 0.5276410579681396), (-0.7896707057952881, 0.31307360529899597, 0.5276410579681396), (-0.7748432159423828, 0.36272546648979187, 0.5177336931228638), (-0.8609596490859985, 0.36272546648979187, 0.3566211760044098), (-0.877435028553009, 0.31307360529899597, 0.3634454905986786), (-0.877435028553009, 0.31307360529899597, 0.3634454905986786), (-0.8609596490859985, 0.36272546648979187, 0.3566211760044098), (-0.9139899015426636, 0.36272546648979187, 0.181803897023201), (-0.9314801096916199, 0.31307360529899597, 0.18528291583061218), (-0.9314801096916199, 0.31307360529899597, 0.18528291583061218), (-0.9139899015426636, 0.36272546648979187, 0.181803897023201), (-0.9318960309028625, 0.36272546648979187, 0.0), (-0.9497288465499878, 0.31307360529899597, 0.0), (-0.9497288465499878, 0.31307360529899597, 0.0), (-0.9318960309028625, 0.36272546648979187, 0.0), (-0.9139899015426636, 0.36272546648979187, -0.181803897023201), (-0.9314801096916199, 0.31307360529899597, -0.18528291583061218), (-0.9314801096916199, 0.31307360529899597, -0.18528291583061218), (-0.9139899015426636, 0.36272546648979187, -0.181803897023201), (-0.8609596490859985, 0.36272546648979187, -0.3566211760044098), (-0.877435028553009, 0.31307360529899597, -0.3634454905986786), (-0.877435028553009, 0.31307360529899597, -0.3634454905986786), (-0.8609596490859985, 0.36272546648979187, -0.3566211760044098), (-0.7748432159423828, 0.36272546648979187, -0.5177336931228638), (-0.7896707057952881, 0.31307360529899597, -0.5276410579681396), (-0.7896707057952881, 0.31307360529899597, -0.5276410579681396), (-0.7748432159423828, 0.36272546648979187, -0.5177336931228638), (-0.6589500308036804, 0.36272546648979187, -0.6589500308036804), (-0.6715596914291382, 0.31307360529899597, -0.6715596914291382), (-0.6715596914291382, 0.31307360529899597, -0.6715596914291382), (-0.6589500308036804, 0.36272546648979187, -0.6589500308036804), (-0.5177336931228638, 0.36272546648979187, -0.7748432159423828), (-0.5276410579681396, 0.31307360529899597, -0.7896707057952881), (-0.5276410579681396, 0.31307360529899597, -0.7896707057952881), (-0.5177336931228638, 0.36272546648979187, -0.7748432159423828), (-0.3566211760044098, 0.36272546648979187, -0.8609596490859985), (-0.3634454905986786, 0.31307360529899597, -0.877435028553009), (-0.3634454905986786, 0.31307360529899597, -0.877435028553009), (-0.3566211760044098, 0.36272546648979187, -0.8609596490859985), (-0.181803897023201, 0.36272546648979187, -0.9139899015426636), (-0.18528291583061218, 0.31307360529899597, -0.9314801096916199), (-0.18528291583061218, 0.31307360529899597, -0.9314801096916199), (-0.181803897023201, 0.36272546648979187, -0.9139899015426636), (0.0, 0.36272546648979187, -0.9318960309028625), (0.0, 0.31307360529899597, -0.9497288465499878), (0.0, 0.31307360529899597, -0.9497288465499878), (0.0, 0.36272546648979187, -0.9318960309028625), (0.181803897023201, 0.36272546648979187, -0.9139899015426636), (0.18528291583061218, 0.31307360529899597, -0.9314801096916199), (0.18528291583061218, 0.31307360529899597, -0.9314801096916199), (0.181803897023201, 0.36272546648979187, -0.9139899015426636), (0.3566211760044098, 0.36272546648979187, -0.8609596490859985), (0.3634454905986786, 0.31307360529899597, -0.877435028553009), (0.3634454905986786, 0.31307360529899597, -0.877435028553009), (0.3566211760044098, 0.36272546648979187, -0.8609596490859985), (0.5177336931228638, 0.36272546648979187, -0.7748432159423828), (0.5276410579681396, 0.31307360529899597, -0.7896707057952881), (0.5276410579681396, 0.31307360529899597, -0.7896707057952881), (0.5177336931228638, 0.36272546648979187, -0.7748432159423828), (0.6589500308036804, 0.36272546648979187, -0.6589500308036804), (0.6715596914291382, 0.31307360529899597, -0.6715596914291382), (0.6715596914291382, 0.31307360529899597, -0.6715596914291382), (0.6589500308036804, 0.36272546648979187, -0.6589500308036804), (0.7748432159423828, 0.36272546648979187, -0.5177336931228638), (0.7896707057952881, 0.31307360529899597, -0.5276410579681396), (0.7896707057952881, 0.31307360529899597, -0.5276410579681396), (0.7748432159423828, 0.36272546648979187, -0.5177336931228638), (0.8609596490859985, 0.36272546648979187, -0.3566211760044098), (0.877435028553009, 0.31307360529899597, -0.3634454905986786), (0.877435028553009, 0.31307360529899597, -0.3634454905986786), (0.8609596490859985, 0.36272546648979187, -0.3566211760044098), (0.9139899015426636, 0.36272546648979187, -0.181803897023201), (0.9314801096916199, 0.31307360529899597, -0.18528291583061218), (0.9314801096916199, 0.31307360529899597, -0.18528291583061218), (0.9139899015426636, 0.36272546648979187, -0.181803897023201), (0.9318960309028625, 0.36272546648979187, 0.0), (0.9497288465499878, 0.31307360529899597, 0.0), (0.9318960309028625, 0.36272546648979187, 0.0), (0.9024111032485962, 0.43087607622146606, 0.0), (0.8850715160369873, 0.43087607622146606, 0.17605167627334595), (0.9139899015426636, 0.36272546648979187, 0.181803897023201), (0.9139899015426636, 0.36272546648979187, 0.181803897023201), (0.8850715160369873, 0.43087607622146606, 0.17605167627334595), (0.8337191343307495, 0.43087607622146606, 0.34533777832984924), (0.8609596490859985, 0.36272546648979187, 0.3566211760044098), (0.8609596490859985, 0.36272546648979187, 0.3566211760044098), (0.8337191343307495, 0.43087607622146606, 0.34533777832984924), (0.7503274083137512, 0.43087607622146606, 0.5013527274131775), (0.7748432159423828, 0.36272546648979187, 0.5177336931228638), (0.7748432159423828, 0.36272546648979187, 0.5177336931228638), (0.7503274083137512, 0.43087607622146606, 0.5013527274131775), (0.6381010413169861, 0.43087607622146606, 0.6381010413169861), (0.6589500308036804, 0.36272546648979187, 0.6589500308036804), (0.6589500308036804, 0.36272546648979187, 0.6589500308036804), (0.6381010413169861, 0.43087607622146606, 0.6381010413169861), (0.5013527274131775, 0.43087607622146606, 0.7503274083137512), (0.5177336931228638, 0.36272546648979187, 0.7748432159423828), (0.5177336931228638, 0.36272546648979187, 0.7748432159423828), (0.5013527274131775, 0.43087607622146606, 0.7503274083137512), (0.34533777832984924, 0.43087607622146606, 0.8337191343307495), (0.3566211760044098, 0.36272546648979187, 0.8609596490859985), (0.3566211760044098, 0.36272546648979187, 0.8609596490859985), (0.34533777832984924, 0.43087607622146606, 0.8337191343307495), (0.17605167627334595, 0.43087607622146606, 0.8850715160369873), (0.181803897023201, 0.36272546648979187, 0.9139899015426636), (0.181803897023201, 0.36272546648979187, 0.9139899015426636), (0.17605167627334595, 0.43087607622146606, 0.8850715160369873), (0.0, 0.43087607622146606, 0.9024111032485962), (0.0, 0.36272546648979187, 0.9318960309028625), (0.0, 0.36272546648979187, 0.9318960309028625), (0.0, 0.43087607622146606, 0.9024111032485962), (-0.17605167627334595, 0.43087607622146606, 0.8850715160369873), (-0.181803897023201, 0.36272546648979187, 0.9139899015426636), (-0.181803897023201, 0.36272546648979187, 0.9139899015426636), (-0.17605167627334595, 0.43087607622146606, 0.8850715160369873), (-0.34533777832984924, 0.43087607622146606, 0.8337191343307495), (-0.3566211760044098, 0.36272546648979187, 0.8609596490859985), (-0.3566211760044098, 0.36272546648979187, 0.8609596490859985), (-0.34533777832984924, 0.43087607622146606, 0.8337191343307495), (-0.5013527274131775, 0.43087607622146606, 0.7503274083137512), (-0.5177336931228638, 0.36272546648979187, 0.7748432159423828), (-0.5177336931228638, 0.36272546648979187, 0.7748432159423828), (-0.5013527274131775, 0.43087607622146606, 0.7503274083137512), (-0.6381010413169861, 0.43087607622146606, 0.6381010413169861), (-0.6589500308036804, 0.36272546648979187, 0.6589500308036804), (-0.6589500308036804, 0.36272546648979187, 0.6589500308036804), (-0.6381010413169861, 0.43087607622146606, 0.6381010413169861), (-0.7503274083137512, 0.43087607622146606, 0.5013527274131775), (-0.7748432159423828, 0.36272546648979187, 0.5177336931228638), (-0.7748432159423828, 0.36272546648979187, 0.5177336931228638), (-0.7503274083137512, 0.43087607622146606, 0.5013527274131775), (-0.8337191343307495, 0.43087607622146606, 0.34533777832984924), (-0.8609596490859985, 0.36272546648979187, 0.3566211760044098), (-0.8609596490859985, 0.36272546648979187, 0.3566211760044098), (-0.8337191343307495, 0.43087607622146606, 0.34533777832984924), (-0.8850715160369873, 0.43087607622146606, 0.17605167627334595), (-0.9139899015426636, 0.36272546648979187, 0.181803897023201), (-0.9139899015426636, 0.36272546648979187, 0.181803897023201), (-0.8850715160369873, 0.43087607622146606, 0.17605167627334595), (-0.9024111032485962, 0.43087607622146606, 0.0), (-0.9318960309028625, 0.36272546648979187, 0.0), (-0.9318960309028625, 0.36272546648979187, 0.0), (-0.9024111032485962, 0.43087607622146606, 0.0), (-0.8850715160369873, 0.43087607622146606, -0.17605167627334595), (-0.9139899015426636, 0.36272546648979187, -0.181803897023201), (-0.9139899015426636, 0.36272546648979187, -0.181803897023201), (-0.8850715160369873, 0.43087607622146606, -0.17605167627334595), (-0.8337191343307495, 0.43087607622146606, -0.34533777832984924), (-0.8609596490859985, 0.36272546648979187, -0.3566211760044098), (-0.8609596490859985, 0.36272546648979187, -0.3566211760044098), (-0.8337191343307495, 0.43087607622146606, -0.34533777832984924), (-0.7503274083137512, 0.43087607622146606, -0.5013527274131775), (-0.7748432159423828, 0.36272546648979187, -0.5177336931228638), (-0.7748432159423828, 0.36272546648979187, -0.5177336931228638), (-0.7503274083137512, 0.43087607622146606, -0.5013527274131775), (-0.6381010413169861, 0.43087607622146606, -0.6381010413169861), (-0.6589500308036804, 0.36272546648979187, -0.6589500308036804), (-0.6589500308036804, 0.36272546648979187, -0.6589500308036804), (-0.6381010413169861, 0.43087607622146606, -0.6381010413169861), (-0.5013527274131775, 0.43087607622146606, -0.7503274083137512), (-0.5177336931228638, 0.36272546648979187, -0.7748432159423828), (-0.5177336931228638, 0.36272546648979187, -0.7748432159423828), (-0.5013527274131775, 0.43087607622146606, -0.7503274083137512), (-0.34533777832984924, 0.43087607622146606, -0.8337191343307495), (-0.3566211760044098, 0.36272546648979187, -0.8609596490859985), (-0.3566211760044098, 0.36272546648979187, -0.8609596490859985), (-0.34533777832984924, 0.43087607622146606, -0.8337191343307495), (-0.17605167627334595, 0.43087607622146606, -0.8850715160369873), (-0.181803897023201, 0.36272546648979187, -0.9139899015426636), (-0.181803897023201, 0.36272546648979187, -0.9139899015426636), (-0.17605167627334595, 0.43087607622146606, -0.8850715160369873), (0.0, 0.43087607622146606, -0.9024111032485962), (0.0, 0.36272546648979187, -0.9318960309028625), (0.0, 0.36272546648979187, -0.9318960309028625), (0.0, 0.43087607622146606, -0.9024111032485962), (0.17605167627334595, 0.43087607622146606, -0.8850715160369873), (0.181803897023201, 0.36272546648979187, -0.9139899015426636), (0.181803897023201, 0.36272546648979187, -0.9139899015426636), (0.17605167627334595, 0.43087607622146606, -0.8850715160369873), (0.34533777832984924, 0.43087607622146606, -0.8337191343307495), (0.3566211760044098, 0.36272546648979187, -0.8609596490859985), (0.3566211760044098, 0.36272546648979187, -0.8609596490859985), (0.34533777832984924, 0.43087607622146606, -0.8337191343307495), (0.5013527274131775, 0.43087607622146606, -0.7503274083137512), (0.5177336931228638, 0.36272546648979187, -0.7748432159423828), (0.5177336931228638, 0.36272546648979187, -0.7748432159423828), (0.5013527274131775, 0.43087607622146606, -0.7503274083137512), (0.6381010413169861, 0.43087607622146606, -0.6381010413169861), (0.6589500308036804, 0.36272546648979187, -0.6589500308036804), (0.6589500308036804, 0.36272546648979187, -0.6589500308036804), (0.6381010413169861, 0.43087607622146606, -0.6381010413169861), (0.7503274083137512, 0.43087607622146606, -0.5013527274131775), (0.7748432159423828, 0.36272546648979187, -0.5177336931228638), (0.7748432159423828, 0.36272546648979187, -0.5177336931228638), (0.7503274083137512, 0.43087607622146606, -0.5013527274131775), (0.8337191343307495, 0.43087607622146606, -0.34533777832984924), (0.8609596490859985, 0.36272546648979187, -0.3566211760044098), (0.8609596490859985, 0.36272546648979187, -0.3566211760044098), (0.8337191343307495, 0.43087607622146606, -0.34533777832984924), (0.8850715160369873, 0.43087607622146606, -0.17605167627334595), (0.9139899015426636, 0.36272546648979187, -0.181803897023201), (0.9139899015426636, 0.36272546648979187, -0.181803897023201), (0.8850715160369873, 0.43087607622146606, -0.17605167627334595), (0.9024111032485962, 0.43087607622146606, 0.0), (0.9318960309028625, 0.36272546648979187, 0.0), (0.9024111032485962, 0.43087607622146606, 0.0), (0.848922610282898, 0.5285171866416931, 0.0), (0.8326107859611511, 0.5285171866416931, 0.16561658680438995), (0.8850715160369873, 0.43087607622146606, 0.17605167627334595), (0.8850715160369873, 0.43087607622146606, 0.17605167627334595), (0.8326107859611511, 0.5285171866416931, 0.16561658680438995), (0.7843022346496582, 0.5285171866416931, 0.3248686194419861), (0.8337191343307495, 0.43087607622146606, 0.34533777832984924), (0.8337191343307495, 0.43087607622146606, 0.34533777832984924), (0.7843022346496582, 0.5285171866416931, 0.3248686194419861), (0.7058533430099487, 0.5285171866416931, 0.4716361165046692), (0.7503274083137512, 0.43087607622146606, 0.5013527274131775), (0.7503274083137512, 0.43087607622146606, 0.5013527274131775), (0.7058533430099487, 0.5285171866416931, 0.4716361165046692), (0.600278913974762, 0.5285171866416931, 0.600278913974762), (0.6381010413169861, 0.43087607622146606, 0.6381010413169861), (0.6381010413169861, 0.43087607622146606, 0.6381010413169861), (0.600278913974762, 0.5285171866416931, 0.600278913974762), (0.4716361165046692, 0.5285171866416931, 0.7058533430099487), (0.5013527274131775, 0.43087607622146606, 0.7503274083137512), (0.5013527274131775, 0.43087607622146606, 0.7503274083137512), (0.4716361165046692, 0.5285171866416931, 0.7058533430099487), (0.3248686194419861, 0.5285171866416931, 0.7843022346496582), (0.34533777832984924, 0.43087607622146606, 0.8337191343307495), (0.34533777832984924, 0.43087607622146606, 0.8337191343307495), (0.3248686194419861, 0.5285171866416931, 0.7843022346496582), (0.16561658680438995, 0.5285171866416931, 0.8326107859611511), (0.17605167627334595, 0.43087607622146606, 0.8850715160369873), (0.17605167627334595, 0.43087607622146606, 0.8850715160369873), (0.16561658680438995, 0.5285171866416931, 0.8326107859611511), (0.0, 0.5285171866416931, 0.848922610282898), (0.0, 0.43087607622146606, 0.9024111032485962), (0.0, 0.43087607622146606, 0.9024111032485962), (0.0, 0.5285171866416931, 0.848922610282898), (-0.16561658680438995, 0.5285171866416931, 0.8326107859611511), (-0.17605167627334595, 0.43087607622146606, 0.8850715160369873), (-0.17605167627334595, 0.43087607622146606, 0.8850715160369873), (-0.16561658680438995, 0.5285171866416931, 0.8326107859611511), (-0.3248686194419861, 0.5285171866416931, 0.7843022346496582), (-0.34533777832984924, 0.43087607622146606, 0.8337191343307495), (-0.34533777832984924, 0.43087607622146606, 0.8337191343307495), (-0.3248686194419861, 0.5285171866416931, 0.7843022346496582), (-0.4716361165046692, 0.5285171866416931, 0.7058533430099487), (-0.5013527274131775, 0.43087607622146606, 0.7503274083137512), (-0.5013527274131775, 0.43087607622146606, 0.7503274083137512), (-0.4716361165046692, 0.5285171866416931, 0.7058533430099487), (-0.600278913974762, 0.5285171866416931, 0.600278913974762), (-0.6381010413169861, 0.43087607622146606, 0.6381010413169861), (-0.6381010413169861, 0.43087607622146606, 0.6381010413169861), (-0.600278913974762, 0.5285171866416931, 0.600278913974762), (-0.7058533430099487, 0.5285171866416931, 0.4716361165046692), (-0.7503274083137512, 0.43087607622146606, 0.5013527274131775), (-0.7503274083137512, 0.43087607622146606, 0.5013527274131775), (-0.7058533430099487, 0.5285171866416931, 0.4716361165046692), (-0.7843022346496582, 0.5285171866416931, 0.3248686194419861), (-0.8337191343307495, 0.43087607622146606, 0.34533777832984924), (-0.8337191343307495, 0.43087607622146606, 0.34533777832984924), (-0.7843022346496582, 0.5285171866416931, 0.3248686194419861), (-0.8326107859611511, 0.5285171866416931, 0.16561658680438995), (-0.8850715160369873, 0.43087607622146606, 0.17605167627334595), (-0.8850715160369873, 0.43087607622146606, 0.17605167627334595), (-0.8326107859611511, 0.5285171866416931, 0.16561658680438995), (-0.848922610282898, 0.5285171866416931, 0.0), (-0.9024111032485962, 0.43087607622146606, 0.0), (-0.9024111032485962, 0.43087607622146606, 0.0), (-0.848922610282898, 0.5285171866416931, 0.0), (-0.8326107859611511, 0.5285171866416931, -0.16561658680438995), (-0.8850715160369873, 0.43087607622146606, -0.17605167627334595), (-0.8850715160369873, 0.43087607622146606, -0.17605167627334595), (-0.8326107859611511, 0.5285171866416931, -0.16561658680438995), (-0.7843022346496582, 0.5285171866416931, -0.3248686194419861), (-0.8337191343307495, 0.43087607622146606, -0.34533777832984924), (-0.8337191343307495, 0.43087607622146606, -0.34533777832984924), (-0.7843022346496582, 0.5285171866416931, -0.3248686194419861), (-0.7058533430099487, 0.5285171866416931, -0.4716361165046692), (-0.7503274083137512, 0.43087607622146606, -0.5013527274131775), (-0.7503274083137512, 0.43087607622146606, -0.5013527274131775), (-0.7058533430099487, 0.5285171866416931, -0.4716361165046692), (-0.600278913974762, 0.5285171866416931, -0.600278913974762), (-0.6381010413169861, 0.43087607622146606, -0.6381010413169861), (-0.6381010413169861, 0.43087607622146606, -0.6381010413169861), (-0.600278913974762, 0.5285171866416931, -0.600278913974762), (-0.4716361165046692, 0.5285171866416931, -0.7058533430099487), (-0.5013527274131775, 0.43087607622146606, -0.7503274083137512), (-0.5013527274131775, 0.43087607622146606, -0.7503274083137512), (-0.4716361165046692, 0.5285171866416931, -0.7058533430099487), (-0.3248686194419861, 0.5285171866416931, -0.7843022346496582), (-0.34533777832984924, 0.43087607622146606, -0.8337191343307495), (-0.34533777832984924, 0.43087607622146606, -0.8337191343307495), (-0.3248686194419861, 0.5285171866416931, -0.7843022346496582), (-0.16561658680438995, 0.5285171866416931, -0.8326107859611511), (-0.17605167627334595, 0.43087607622146606, -0.8850715160369873), (-0.17605167627334595, 0.43087607622146606, -0.8850715160369873), (-0.16561658680438995, 0.5285171866416931, -0.8326107859611511), (0.0, 0.5285171866416931, -0.848922610282898), (0.0, 0.43087607622146606, -0.9024111032485962), (0.0, 0.43087607622146606, -0.9024111032485962), (0.0, 0.5285171866416931, -0.848922610282898), (0.16561658680438995, 0.5285171866416931, -0.8326107859611511), (0.17605167627334595, 0.43087607622146606, -0.8850715160369873), (0.17605167627334595, 0.43087607622146606, -0.8850715160369873), (0.16561658680438995, 0.5285171866416931, -0.8326107859611511), (0.3248686194419861, 0.5285171866416931, -0.7843022346496582), (0.34533777832984924, 0.43087607622146606, -0.8337191343307495), (0.34533777832984924, 0.43087607622146606, -0.8337191343307495), (0.3248686194419861, 0.5285171866416931, -0.7843022346496582), (0.4716361165046692, 0.5285171866416931, -0.7058533430099487), (0.5013527274131775, 0.43087607622146606, -0.7503274083137512), (0.5013527274131775, 0.43087607622146606, -0.7503274083137512), (0.4716361165046692, 0.5285171866416931, -0.7058533430099487), (0.600278913974762, 0.5285171866416931, -0.600278913974762), (0.6381010413169861, 0.43087607622146606, -0.6381010413169861), (0.6381010413169861, 0.43087607622146606, -0.6381010413169861), (0.600278913974762, 0.5285171866416931, -0.600278913974762), (0.7058533430099487, 0.5285171866416931, -0.4716361165046692), (0.7503274083137512, 0.43087607622146606, -0.5013527274131775), (0.7503274083137512, 0.43087607622146606, -0.5013527274131775), (0.7058533430099487, 0.5285171866416931, -0.4716361165046692), (0.7843022346496582, 0.5285171866416931, -0.3248686194419861), (0.8337191343307495, 0.43087607622146606, -0.34533777832984924), (0.8337191343307495, 0.43087607622146606, -0.34533777832984924), (0.7843022346496582, 0.5285171866416931, -0.3248686194419861), (0.8326107859611511, 0.5285171866416931, -0.16561658680438995), (0.8850715160369873, 0.43087607622146606, -0.17605167627334595), (0.8850715160369873, 0.43087607622146606, -0.17605167627334595), (0.8326107859611511, 0.5285171866416931, -0.16561658680438995), (0.848922610282898, 0.5285171866416931, 0.0), (0.9024111032485962, 0.43087607622146606, 0.0), (0.848922610282898, 0.5285171866416931, 0.0), (0.7400925755500793, 0.6725049614906311, 0.0), (0.7258719205856323, 0.6725049614906311, 0.14438490569591522), (0.8326107859611511, 0.5285171866416931, 0.16561658680438995), (0.8326107859611511, 0.5285171866416931, 0.16561658680438995), (0.7258719205856323, 0.6725049614906311, 0.14438490569591522), (0.683756411075592, 0.6725049614906311, 0.28322118520736694), (0.7843022346496582, 0.5285171866416931, 0.3248686194419861), (0.7843022346496582, 0.5285171866416931, 0.3248686194419861), (0.683756411075592, 0.6725049614906311, 0.28322118520736694), (0.6153644919395447, 0.6725049614906311, 0.41117340326309204), (0.7058533430099487, 0.5285171866416931, 0.4716361165046692), (0.7058533430099487, 0.5285171866416931, 0.4716361165046692), (0.6153644919395447, 0.6725049614906311, 0.41117340326309204), (0.5233244895935059, 0.6725049614906311, 0.5233244895935059), (0.600278913974762, 0.5285171866416931, 0.600278913974762), (0.600278913974762, 0.5285171866416931, 0.600278913974762), (0.5233244895935059, 0.6725049614906311, 0.5233244895935059), (0.41117340326309204, 0.6725049614906311, 0.6153644919395447), (0.4716361165046692, 0.5285171866416931, 0.7058533430099487), (0.4716361165046692, 0.5285171866416931, 0.7058533430099487), (0.41117340326309204, 0.6725049614906311, 0.6153644919395447), (0.28322118520736694, 0.6725049614906311, 0.683756411075592), (0.3248686194419861, 0.5285171866416931, 0.7843022346496582), (0.3248686194419861, 0.5285171866416931, 0.7843022346496582), (0.28322118520736694, 0.6725049614906311, 0.683756411075592), (0.14438490569591522, 0.6725049614906311, 0.7258719205856323), (0.16561658680438995, 0.5285171866416931, 0.8326107859611511), (0.16561658680438995, 0.5285171866416931, 0.8326107859611511), (0.14438490569591522, 0.6725049614906311, 0.7258719205856323), (0.0, 0.6725049614906311, 0.7400925755500793), (0.0, 0.5285171866416931, 0.848922610282898), (0.0, 0.5285171866416931, 0.848922610282898), (0.0, 0.6725049614906311, 0.7400925755500793), (-0.14438490569591522, 0.6725049614906311, 0.7258719205856323), (-0.16561658680438995, 0.5285171866416931, 0.8326107859611511), (-0.16561658680438995, 0.5285171866416931, 0.8326107859611511), (-0.14438490569591522, 0.6725049614906311, 0.7258719205856323), (-0.28322118520736694, 0.6725049614906311, 0.683756411075592), (-0.3248686194419861, 0.5285171866416931, 0.7843022346496582), (-0.3248686194419861, 0.5285171866416931, 0.7843022346496582), (-0.28322118520736694, 0.6725049614906311, 0.683756411075592), (-0.41117340326309204, 0.6725049614906311, 0.6153644919395447), (-0.4716361165046692, 0.5285171866416931, 0.7058533430099487), (-0.4716361165046692, 0.5285171866416931, 0.7058533430099487), (-0.41117340326309204, 0.6725049614906311, 0.6153644919395447), (-0.5233244895935059, 0.6725049614906311, 0.5233244895935059), (-0.600278913974762, 0.5285171866416931, 0.600278913974762), (-0.600278913974762, 0.5285171866416931, 0.600278913974762), (-0.5233244895935059, 0.6725049614906311, 0.5233244895935059), (-0.6153644919395447, 0.6725049614906311, 0.41117340326309204), (-0.7058533430099487, 0.5285171866416931, 0.4716361165046692), (-0.7058533430099487, 0.5285171866416931, 0.4716361165046692), (-0.6153644919395447, 0.6725049614906311, 0.41117340326309204), (-0.683756411075592, 0.6725049614906311, 0.28322118520736694), (-0.7843022346496582, 0.5285171866416931, 0.3248686194419861), (-0.7843022346496582, 0.5285171866416931, 0.3248686194419861), (-0.683756411075592, 0.6725049614906311, 0.28322118520736694), (-0.7258719205856323, 0.6725049614906311, 0.14438490569591522), (-0.8326107859611511, 0.5285171866416931, 0.16561658680438995), (-0.8326107859611511, 0.5285171866416931, 0.16561658680438995), (-0.7258719205856323, 0.6725049614906311, 0.14438490569591522), (-0.7400925755500793, 0.6725049614906311, 0.0), (-0.848922610282898, 0.5285171866416931, 0.0), (-0.848922610282898, 0.5285171866416931, 0.0), (-0.7400925755500793, 0.6725049614906311, 0.0), (-0.7258719205856323, 0.6725049614906311, -0.14438490569591522), (-0.8326107859611511, 0.5285171866416931, -0.16561658680438995), (-0.8326107859611511, 0.5285171866416931, -0.16561658680438995), (-0.7258719205856323, 0.6725049614906311, -0.14438490569591522), (-0.683756411075592, 0.6725049614906311, -0.28322118520736694), (-0.7843022346496582, 0.5285171866416931, -0.3248686194419861), (-0.7843022346496582, 0.5285171866416931, -0.3248686194419861), (-0.683756411075592, 0.6725049614906311, -0.28322118520736694), (-0.6153644919395447, 0.6725049614906311, -0.41117340326309204), (-0.7058533430099487, 0.5285171866416931, -0.4716361165046692), (-0.7058533430099487, 0.5285171866416931, -0.4716361165046692), (-0.6153644919395447, 0.6725049614906311, -0.41117340326309204), (-0.5233244895935059, 0.6725049614906311, -0.5233244895935059), (-0.600278913974762, 0.5285171866416931, -0.600278913974762), (-0.600278913974762, 0.5285171866416931, -0.600278913974762), (-0.5233244895935059, 0.6725049614906311, -0.5233244895935059), (-0.41117340326309204, 0.6725049614906311, -0.6153644919395447), (-0.4716361165046692, 0.5285171866416931, -0.7058533430099487), (-0.4716361165046692, 0.5285171866416931, -0.7058533430099487), (-0.41117340326309204, 0.6725049614906311, -0.6153644919395447), (-0.28322118520736694, 0.6725049614906311, -0.683756411075592), (-0.3248686194419861, 0.5285171866416931, -0.7843022346496582), (-0.3248686194419861, 0.5285171866416931, -0.7843022346496582), (-0.28322118520736694, 0.6725049614906311, -0.683756411075592), (-0.14438490569591522, 0.6725049614906311, -0.7258719205856323), (-0.16561658680438995, 0.5285171866416931, -0.8326107859611511), (-0.16561658680438995, 0.5285171866416931, -0.8326107859611511), (-0.14438490569591522, 0.6725049614906311, -0.7258719205856323), (0.0, 0.6725049614906311, -0.7400925755500793), (0.0, 0.5285171866416931, -0.848922610282898), (0.0, 0.5285171866416931, -0.848922610282898), (0.0, 0.6725049614906311, -0.7400925755500793), (0.14438490569591522, 0.6725049614906311, -0.7258719205856323), (0.16561658680438995, 0.5285171866416931, -0.8326107859611511), (0.16561658680438995, 0.5285171866416931, -0.8326107859611511), (0.14438490569591522, 0.6725049614906311, -0.7258719205856323), (0.28322118520736694, 0.6725049614906311, -0.683756411075592), (0.3248686194419861, 0.5285171866416931, -0.7843022346496582), (0.3248686194419861, 0.5285171866416931, -0.7843022346496582), (0.28322118520736694, 0.6725049614906311, -0.683756411075592), (0.41117340326309204, 0.6725049614906311, -0.6153644919395447), (0.4716361165046692, 0.5285171866416931, -0.7058533430099487), (0.4716361165046692, 0.5285171866416931, -0.7058533430099487), (0.41117340326309204, 0.6725049614906311, -0.6153644919395447), (0.5233244895935059, 0.6725049614906311, -0.5233244895935059), (0.600278913974762, 0.5285171866416931, -0.600278913974762), (0.600278913974762, 0.5285171866416931, -0.600278913974762), (0.5233244895935059, 0.6725049614906311, -0.5233244895935059), (0.6153644919395447, 0.6725049614906311, -0.41117340326309204), (0.7058533430099487, 0.5285171866416931, -0.4716361165046692), (0.7058533430099487, 0.5285171866416931, -0.4716361165046692), (0.6153644919395447, 0.6725049614906311, -0.41117340326309204), (0.683756411075592, 0.6725049614906311, -0.28322118520736694), (0.7843022346496582, 0.5285171866416931, -0.3248686194419861), (0.7843022346496582, 0.5285171866416931, -0.3248686194419861), (0.683756411075592, 0.6725049614906311, -0.28322118520736694), (0.7258719205856323, 0.6725049614906311, -0.14438490569591522), (0.8326107859611511, 0.5285171866416931, -0.16561658680438995), (0.8326107859611511, 0.5285171866416931, -0.16561658680438995), (0.7258719205856323, 0.6725049614906311, -0.14438490569591522), (0.7400925755500793, 0.6725049614906311, 0.0), (0.848922610282898, 0.5285171866416931, 0.0), (0.7400925755500793, 0.6725049614906311, 0.0), (0.49797752499580383, 0.8671899437904358, 0.0), (0.48840901255607605, 0.8671899437904358, 0.09715059399604797), (0.7258719205856323, 0.6725049614906311, 0.14438490569591522), (0.7258719205856323, 0.6725049614906311, 0.14438490569591522), (0.48840901255607605, 0.8671899437904358, 0.09715059399604797), (0.46007123589515686, 0.8671899437904358, 0.190567746758461), (0.683756411075592, 0.6725049614906311, 0.28322118520736694), (0.683756411075592, 0.6725049614906311, 0.28322118520736694), (0.46007123589515686, 0.8671899437904358, 0.190567746758461), (0.41405317187309265, 0.8671899437904358, 0.2766614854335785), (0.6153644919395447, 0.6725049614906311, 0.41117340326309204), (0.6153644919395447, 0.6725049614906311, 0.41117340326309204), (0.41405317187309265, 0.8671899437904358, 0.2766614854335785), (0.35212329030036926, 0.8671899437904358, 0.35212329030036926), (0.5233244895935059, 0.6725049614906311, 0.5233244895935059), (0.5233244895935059, 0.6725049614906311, 0.5233244895935059), (0.35212329030036926, 0.8671899437904358, 0.35212329030036926), (0.2766614854335785, 0.8671899437904358, 0.41405317187309265), (0.41117340326309204, 0.6725049614906311, 0.6153644919395447), (0.41117340326309204, 0.6725049614906311, 0.6153644919395447), (0.2766614854335785, 0.8671899437904358, 0.41405317187309265), (0.190567746758461, 0.8671899437904358, 0.46007123589515686), (0.28322118520736694, 0.6725049614906311, 0.683756411075592), (0.28322118520736694, 0.6725049614906311, 0.683756411075592), (0.190567746758461, 0.8671899437904358, 0.46007123589515686), (0.09715059399604797, 0.8671899437904358, 0.48840901255607605), (0.14438490569591522, 0.6725049614906311, 0.7258719205856323), (0.14438490569591522, 0.6725049614906311, 0.7258719205856323), (0.09715059399604797, 0.8671899437904358, 0.48840901255607605), (0.0, 0.8671899437904358, 0.49797752499580383), (0.0, 0.6725049614906311, 0.7400925755500793), (0.0, 0.6725049614906311, 0.7400925755500793), (0.0, 0.8671899437904358, 0.49797752499580383), (-0.09715059399604797, 0.8671899437904358, 0.48840901255607605), (-0.14438490569591522, 0.6725049614906311, 0.7258719205856323), (-0.14438490569591522, 0.6725049614906311, 0.7258719205856323), (-0.09715059399604797, 0.8671899437904358, 0.48840901255607605), (-0.190567746758461, 0.8671899437904358, 0.46007123589515686), (-0.28322118520736694, 0.6725049614906311, 0.683756411075592), (-0.28322118520736694, 0.6725049614906311, 0.683756411075592), (-0.190567746758461, 0.8671899437904358, 0.46007123589515686), (-0.2766614854335785, 0.8671899437904358, 0.41405317187309265), (-0.41117340326309204, 0.6725049614906311, 0.6153644919395447), (-0.41117340326309204, 0.6725049614906311, 0.6153644919395447), (-0.2766614854335785, 0.8671899437904358, 0.41405317187309265), (-0.35212329030036926, 0.8671899437904358, 0.35212329030036926), (-0.5233244895935059, 0.6725049614906311, 0.5233244895935059), (-0.5233244895935059, 0.6725049614906311, 0.5233244895935059), (-0.35212329030036926, 0.8671899437904358, 0.35212329030036926), (-0.41405317187309265, 0.8671899437904358, 0.2766614854335785), (-0.6153644919395447, 0.6725049614906311, 0.41117340326309204), (-0.6153644919395447, 0.6725049614906311, 0.41117340326309204), (-0.41405317187309265, 0.8671899437904358, 0.2766614854335785), (-0.46007123589515686, 0.8671899437904358, 0.190567746758461), (-0.683756411075592, 0.6725049614906311, 0.28322118520736694), (-0.683756411075592, 0.6725049614906311, 0.28322118520736694), (-0.46007123589515686, 0.8671899437904358, 0.190567746758461), (-0.48840901255607605, 0.8671899437904358, 0.09715059399604797), (-0.7258719205856323, 0.6725049614906311, 0.14438490569591522), (-0.7258719205856323, 0.6725049614906311, 0.14438490569591522), (-0.48840901255607605, 0.8671899437904358, 0.09715059399604797), (-0.49797752499580383, 0.8671899437904358, 0.0), (-0.7400925755500793, 0.6725049614906311, 0.0), (-0.7400925755500793, 0.6725049614906311, 0.0), (-0.49797752499580383, 0.8671899437904358, 0.0), (-0.48840901255607605, 0.8671899437904358, -0.09715059399604797), (-0.7258719205856323, 0.6725049614906311, -0.14438490569591522), (-0.7258719205856323, 0.6725049614906311, -0.14438490569591522), (-0.48840901255607605, 0.8671899437904358, -0.09715059399604797), (-0.46007123589515686, 0.8671899437904358, -0.190567746758461), (-0.683756411075592, 0.6725049614906311, -0.28322118520736694), (-0.683756411075592, 0.6725049614906311, -0.28322118520736694), (-0.46007123589515686, 0.8671899437904358, -0.190567746758461), (-0.41405317187309265, 0.8671899437904358, -0.2766614854335785), (-0.6153644919395447, 0.6725049614906311, -0.41117340326309204), (-0.6153644919395447, 0.6725049614906311, -0.41117340326309204), (-0.41405317187309265, 0.8671899437904358, -0.2766614854335785), (-0.35212329030036926, 0.8671899437904358, -0.35212329030036926), (-0.5233244895935059, 0.6725049614906311, -0.5233244895935059), (-0.5233244895935059, 0.6725049614906311, -0.5233244895935059), (-0.35212329030036926, 0.8671899437904358, -0.35212329030036926), (-0.2766614854335785, 0.8671899437904358, -0.41405317187309265), (-0.41117340326309204, 0.6725049614906311, -0.6153644919395447), (-0.41117340326309204, 0.6725049614906311, -0.6153644919395447), (-0.2766614854335785, 0.8671899437904358, -0.41405317187309265), (-0.190567746758461, 0.8671899437904358, -0.46007123589515686), (-0.28322118520736694, 0.6725049614906311, -0.683756411075592), (-0.28322118520736694, 0.6725049614906311, -0.683756411075592), (-0.190567746758461, 0.8671899437904358, -0.46007123589515686), (-0.09715059399604797, 0.8671899437904358, -0.48840901255607605), (-0.14438490569591522, 0.6725049614906311, -0.7258719205856323), (-0.14438490569591522, 0.6725049614906311, -0.7258719205856323), (-0.09715059399604797, 0.8671899437904358, -0.48840901255607605), (0.0, 0.8671899437904358, -0.49797752499580383), (0.0, 0.6725049614906311, -0.7400925755500793), (0.0, 0.6725049614906311, -0.7400925755500793), (0.0, 0.8671899437904358, -0.49797752499580383), (0.09715059399604797, 0.8671899437904358, -0.48840901255607605), (0.14438490569591522, 0.6725049614906311, -0.7258719205856323), (0.14438490569591522, 0.6725049614906311, -0.7258719205856323), (0.09715059399604797, 0.8671899437904358, -0.48840901255607605), (0.190567746758461, 0.8671899437904358, -0.46007123589515686), (0.28322118520736694, 0.6725049614906311, -0.683756411075592), (0.28322118520736694, 0.6725049614906311, -0.683756411075592), (0.190567746758461, 0.8671899437904358, -0.46007123589515686), (0.2766614854335785, 0.8671899437904358, -0.41405317187309265), (0.41117340326309204, 0.6725049614906311, -0.6153644919395447), (0.41117340326309204, 0.6725049614906311, -0.6153644919395447), (0.2766614854335785, 0.8671899437904358, -0.41405317187309265), (0.35212329030036926, 0.8671899437904358, -0.35212329030036926), (0.5233244895935059, 0.6725049614906311, -0.5233244895935059), (0.5233244895935059, 0.6725049614906311, -0.5233244895935059), (0.35212329030036926, 0.8671899437904358, -0.35212329030036926), (0.41405317187309265, 0.8671899437904358, -0.2766614854335785), (0.6153644919395447, 0.6725049614906311, -0.41117340326309204), (0.6153644919395447, 0.6725049614906311, -0.41117340326309204), (0.41405317187309265, 0.8671899437904358, -0.2766614854335785), (0.46007123589515686, 0.8671899437904358, -0.190567746758461), (0.683756411075592, 0.6725049614906311, -0.28322118520736694), (0.683756411075592, 0.6725049614906311, -0.28322118520736694), (0.46007123589515686, 0.8671899437904358, -0.190567746758461), (0.48840901255607605, 0.8671899437904358, -0.09715059399604797), (0.7258719205856323, 0.6725049614906311, -0.14438490569591522), (0.7258719205856323, 0.6725049614906311, -0.14438490569591522), (0.48840901255607605, 0.8671899437904358, -0.09715059399604797), (0.49797752499580383, 0.8671899437904358, 0.0), (0.7400925755500793, 0.6725049614906311, 0.0), (0.49797752499580383, 0.8671899437904358, 0.0), (0.1606224626302719, 0.9870159029960632, 0.0), (0.15753614902496338, 0.9870159029960632, 0.03133588656783104), (0.48840901255607605, 0.8671899437904358, 0.09715059399604797), (0.48840901255607605, 0.8671899437904358, 0.09715059399604797), (0.15753614902496338, 0.9870159029960632, 0.03133588656783104), (0.14839580655097961, 0.9870159029960632, 0.06146755442023277), (0.46007123589515686, 0.8671899437904358, 0.190567746758461), (0.46007123589515686, 0.8671899437904358, 0.190567746758461), (0.14839580655097961, 0.9870159029960632, 0.06146755442023277), (0.1335527002811432, 0.9870159029960632, 0.08923705667257309), (0.41405317187309265, 0.8671899437904358, 0.2766614854335785), (0.41405317187309265, 0.8671899437904358, 0.2766614854335785), (0.1335527002811432, 0.9870159029960632, 0.08923705667257309), (0.1135772317647934, 0.9870159029960632, 0.1135772317647934), (0.35212329030036926, 0.8671899437904358, 0.35212329030036926), (0.35212329030036926, 0.8671899437904358, 0.35212329030036926), (0.1135772317647934, 0.9870159029960632, 0.1135772317647934), (0.08923705667257309, 0.9870159029960632, 0.1335527002811432), (0.2766614854335785, 0.8671899437904358, 0.41405317187309265), (0.2766614854335785, 0.8671899437904358, 0.41405317187309265), (0.08923705667257309, 0.9870159029960632, 0.1335527002811432), (0.06146755442023277, 0.9870159029960632, 0.14839580655097961), (0.190567746758461, 0.8671899437904358, 0.46007123589515686), (0.190567746758461, 0.8671899437904358, 0.46007123589515686), (0.06146755442023277, 0.9870159029960632, 0.14839580655097961), (0.03133588656783104, 0.9870159029960632, 0.15753614902496338), (0.09715059399604797, 0.8671899437904358, 0.48840901255607605), (0.09715059399604797, 0.8671899437904358, 0.48840901255607605), (0.03133588656783104, 0.9870159029960632, 0.15753614902496338), (0.0, 0.9870159029960632, 0.1606224626302719), (0.0, 0.8671899437904358, 0.49797752499580383), (0.0, 0.8671899437904358, 0.49797752499580383), (0.0, 0.9870159029960632, 0.1606224626302719), (-0.03133588656783104, 0.9870159029960632, 0.15753614902496338), (-0.09715059399604797, 0.8671899437904358, 0.48840901255607605), (-0.09715059399604797, 0.8671899437904358, 0.48840901255607605), (-0.03133588656783104, 0.9870159029960632, 0.15753614902496338), (-0.06146755442023277, 0.9870159029960632, 0.14839580655097961), (-0.190567746758461, 0.8671899437904358, 0.46007123589515686), (-0.190567746758461, 0.8671899437904358, 0.46007123589515686), (-0.06146755442023277, 0.9870159029960632, 0.14839580655097961), (-0.08923705667257309, 0.9870159029960632, 0.1335527002811432), (-0.2766614854335785, 0.8671899437904358, 0.41405317187309265), (-0.2766614854335785, 0.8671899437904358, 0.41405317187309265), (-0.08923705667257309, 0.9870159029960632, 0.1335527002811432), (-0.1135772317647934, 0.9870159029960632, 0.1135772317647934), (-0.35212329030036926, 0.8671899437904358, 0.35212329030036926), (-0.35212329030036926, 0.8671899437904358, 0.35212329030036926), (-0.1135772317647934, 0.9870159029960632, 0.1135772317647934), (-0.1335527002811432, 0.9870159029960632, 0.08923705667257309), (-0.41405317187309265, 0.8671899437904358, 0.2766614854335785), (-0.41405317187309265, 0.8671899437904358, 0.2766614854335785), (-0.1335527002811432, 0.9870159029960632, 0.08923705667257309), (-0.14839580655097961, 0.9870159029960632, 0.06146755442023277), (-0.46007123589515686, 0.8671899437904358, 0.190567746758461), (-0.46007123589515686, 0.8671899437904358, 0.190567746758461), (-0.14839580655097961, 0.9870159029960632, 0.06146755442023277), (-0.15753614902496338, 0.9870159029960632, 0.03133588656783104), (-0.48840901255607605, 0.8671899437904358, 0.09715059399604797), (-0.48840901255607605, 0.8671899437904358, 0.09715059399604797), (-0.15753614902496338, 0.9870159029960632, 0.03133588656783104), (-0.1606224626302719, 0.9870159029960632, 0.0), (-0.49797752499580383, 0.8671899437904358, 0.0), (-0.49797752499580383, 0.8671899437904358, 0.0), (-0.1606224626302719, 0.9870159029960632, 0.0), (-0.15753614902496338, 0.9870159029960632, -0.03133588656783104), (-0.48840901255607605, 0.8671899437904358, -0.09715059399604797), (-0.48840901255607605, 0.8671899437904358, -0.09715059399604797), (-0.15753614902496338, 0.9870159029960632, -0.03133588656783104), (-0.14839580655097961, 0.9870159029960632, -0.06146755442023277), (-0.46007123589515686, 0.8671899437904358, -0.190567746758461), (-0.46007123589515686, 0.8671899437904358, -0.190567746758461), (-0.14839580655097961, 0.9870159029960632, -0.06146755442023277), (-0.1335527002811432, 0.9870159029960632, -0.08923705667257309), (-0.41405317187309265, 0.8671899437904358, -0.2766614854335785), (-0.41405317187309265, 0.8671899437904358, -0.2766614854335785), (-0.1335527002811432, 0.9870159029960632, -0.08923705667257309), (-0.1135772317647934, 0.9870159029960632, -0.1135772317647934), (-0.35212329030036926, 0.8671899437904358, -0.35212329030036926), (-0.35212329030036926, 0.8671899437904358, -0.35212329030036926), (-0.1135772317647934, 0.9870159029960632, -0.1135772317647934), (-0.08923705667257309, 0.9870159029960632, -0.1335527002811432), (-0.2766614854335785, 0.8671899437904358, -0.41405317187309265), (-0.2766614854335785, 0.8671899437904358, -0.41405317187309265), (-0.08923705667257309, 0.9870159029960632, -0.1335527002811432), (-0.06146755442023277, 0.9870159029960632, -0.14839580655097961), (-0.190567746758461, 0.8671899437904358, -0.46007123589515686), (-0.190567746758461, 0.8671899437904358, -0.46007123589515686), (-0.06146755442023277, 0.9870159029960632, -0.14839580655097961), (-0.03133588656783104, 0.9870159029960632, -0.15753614902496338), (-0.09715059399604797, 0.8671899437904358, -0.48840901255607605), (-0.09715059399604797, 0.8671899437904358, -0.48840901255607605), (-0.03133588656783104, 0.9870159029960632, -0.15753614902496338), (0.0, 0.9870159029960632, -0.1606224626302719), (0.0, 0.8671899437904358, -0.49797752499580383), (0.0, 0.8671899437904358, -0.49797752499580383), (0.0, 0.9870159029960632, -0.1606224626302719), (0.03133588656783104, 0.9870159029960632, -0.15753614902496338), (0.09715059399604797, 0.8671899437904358, -0.48840901255607605), (0.09715059399604797, 0.8671899437904358, -0.48840901255607605), (0.03133588656783104, 0.9870159029960632, -0.15753614902496338), (0.06146755442023277, 0.9870159029960632, -0.14839580655097961), (0.190567746758461, 0.8671899437904358, -0.46007123589515686), (0.190567746758461, 0.8671899437904358, -0.46007123589515686), (0.06146755442023277, 0.9870159029960632, -0.14839580655097961), (0.08923705667257309, 0.9870159029960632, -0.1335527002811432), (0.2766614854335785, 0.8671899437904358, -0.41405317187309265), (0.2766614854335785, 0.8671899437904358, -0.41405317187309265), (0.08923705667257309, 0.9870159029960632, -0.1335527002811432), (0.1135772317647934, 0.9870159029960632, -0.1135772317647934), (0.35212329030036926, 0.8671899437904358, -0.35212329030036926), (0.35212329030036926, 0.8671899437904358, -0.35212329030036926), (0.1135772317647934, 0.9870159029960632, -0.1135772317647934), (0.1335527002811432, 0.9870159029960632, -0.08923705667257309), (0.41405317187309265, 0.8671899437904358, -0.2766614854335785), (0.41405317187309265, 0.8671899437904358, -0.2766614854335785), (0.1335527002811432, 0.9870159029960632, -0.08923705667257309), (0.14839580655097961, 0.9870159029960632, -0.06146755442023277), (0.46007123589515686, 0.8671899437904358, -0.190567746758461), (0.46007123589515686, 0.8671899437904358, -0.190567746758461), (0.14839580655097961, 0.9870159029960632, -0.06146755442023277), (0.15753614902496338, 0.9870159029960632, -0.03133588656783104), (0.48840901255607605, 0.8671899437904358, -0.09715059399604797), (0.48840901255607605, 0.8671899437904358, -0.09715059399604797), (0.15753614902496338, 0.9870159029960632, -0.03133588656783104), (0.1606224626302719, 0.9870159029960632, 0.0), (0.49797752499580383, 0.8671899437904358, 0.0), (0.1606224626302719, 0.9870159029960632, 0.0), (0.0, 1.0, 0.0), (0.0, 1.0, 0.0), (0.15753614902496338, 0.9870159029960632, 0.03133588656783104), (0.15753614902496338, 0.9870159029960632, 0.03133588656783104), (0.0, 1.0, 0.0), (0.0, 1.0, 0.0), (0.14839580655097961, 0.9870159029960632, 0.06146755442023277), (0.14839580655097961, 0.9870159029960632, 0.06146755442023277), (0.0, 1.0, 0.0), (0.0, 1.0, 0.0), (0.1335527002811432, 0.9870159029960632, 0.08923705667257309), (0.1335527002811432, 0.9870159029960632, 0.08923705667257309), (0.0, 1.0, 0.0), (0.0, 1.0, 0.0), (0.1135772317647934, 0.9870159029960632, 0.1135772317647934), (0.1135772317647934, 0.9870159029960632, 0.1135772317647934), (0.0, 1.0, 0.0), (0.0, 1.0, 0.0), (0.08923705667257309, 0.9870159029960632, 0.1335527002811432), (0.08923705667257309, 0.9870159029960632, 0.1335527002811432), (0.0, 1.0, 0.0), (0.0, 1.0, 0.0), (0.06146755442023277, 0.9870159029960632, 0.14839580655097961), (0.06146755442023277, 0.9870159029960632, 0.14839580655097961), (0.0, 1.0, 0.0), (0.0, 1.0, 0.0), (0.03133588656783104, 0.9870159029960632, 0.15753614902496338), (0.03133588656783104, 0.9870159029960632, 0.15753614902496338), (0.0, 1.0, 0.0), (0.0, 1.0, 0.0), (0.0, 0.9870159029960632, 0.1606224626302719), (0.0, 0.9870159029960632, 0.1606224626302719), (0.0, 1.0, 0.0), (0.0, 1.0, 0.0), (-0.03133588656783104, 0.9870159029960632, 0.15753614902496338), (-0.03133588656783104, 0.9870159029960632, 0.15753614902496338), (0.0, 1.0, 0.0), (0.0, 1.0, 0.0), (-0.06146755442023277, 0.9870159029960632, 0.14839580655097961), (-0.06146755442023277, 0.9870159029960632, 0.14839580655097961), (0.0, 1.0, 0.0), (0.0, 1.0, 0.0), (-0.08923705667257309, 0.9870159029960632, 0.1335527002811432), (-0.08923705667257309, 0.9870159029960632, 0.1335527002811432), (0.0, 1.0, 0.0), (0.0, 1.0, 0.0), (-0.1135772317647934, 0.9870159029960632, 0.1135772317647934), (-0.1135772317647934, 0.9870159029960632, 0.1135772317647934), (0.0, 1.0, 0.0), (0.0, 1.0, 0.0), (-0.1335527002811432, 0.9870159029960632, 0.08923705667257309), (-0.1335527002811432, 0.9870159029960632, 0.08923705667257309), (0.0, 1.0, 0.0), (0.0, 1.0, 0.0), (-0.14839580655097961, 0.9870159029960632, 0.06146755442023277), (-0.14839580655097961, 0.9870159029960632, 0.06146755442023277), (0.0, 1.0, 0.0), (0.0, 1.0, 0.0), (-0.15753614902496338, 0.9870159029960632, 0.03133588656783104), (-0.15753614902496338, 0.9870159029960632, 0.03133588656783104), (0.0, 1.0, 0.0), (0.0, 1.0, 0.0), (-0.1606224626302719, 0.9870159029960632, 0.0), (-0.1606224626302719, 0.9870159029960632, 0.0), (0.0, 1.0, 0.0), (0.0, 1.0, 0.0), (-0.15753614902496338, 0.9870159029960632, -0.03133588656783104), (-0.15753614902496338, 0.9870159029960632, -0.03133588656783104), (0.0, 1.0, 0.0), (0.0, 1.0, 0.0), (-0.14839580655097961, 0.9870159029960632, -0.06146755442023277), (-0.14839580655097961, 0.9870159029960632, -0.06146755442023277), (0.0, 1.0, 0.0), (0.0, 1.0, 0.0), (-0.1335527002811432, 0.9870159029960632, -0.08923705667257309), (-0.1335527002811432, 0.9870159029960632, -0.08923705667257309), (0.0, 1.0, 0.0), (0.0, 1.0, 0.0), (-0.1135772317647934, 0.9870159029960632, -0.1135772317647934), (-0.1135772317647934, 0.9870159029960632, -0.1135772317647934), (0.0, 1.0, 0.0), (0.0, 1.0, 0.0), (-0.08923705667257309, 0.9870159029960632, -0.1335527002811432), (-0.08923705667257309, 0.9870159029960632, -0.1335527002811432), (0.0, 1.0, 0.0), (0.0, 1.0, 0.0), (-0.06146755442023277, 0.9870159029960632, -0.14839580655097961), (-0.06146755442023277, 0.9870159029960632, -0.14839580655097961), (0.0, 1.0, 0.0), (0.0, 1.0, 0.0), (-0.03133588656783104, 0.9870159029960632, -0.15753614902496338), (-0.03133588656783104, 0.9870159029960632, -0.15753614902496338), (0.0, 1.0, 0.0), (0.0, 1.0, 0.0), (0.0, 0.9870159029960632, -0.1606224626302719), (0.0, 0.9870159029960632, -0.1606224626302719), (0.0, 1.0, 0.0), (0.0, 1.0, 0.0), (0.03133588656783104, 0.9870159029960632, -0.15753614902496338), (0.03133588656783104, 0.9870159029960632, -0.15753614902496338), (0.0, 1.0, 0.0), (0.0, 1.0, 0.0), (0.06146755442023277, 0.9870159029960632, -0.14839580655097961), (0.06146755442023277, 0.9870159029960632, -0.14839580655097961), (0.0, 1.0, 0.0), (0.0, 1.0, 0.0), (0.08923705667257309, 0.9870159029960632, -0.1335527002811432), (0.08923705667257309, 0.9870159029960632, -0.1335527002811432), (0.0, 1.0, 0.0), (0.0, 1.0, 0.0), (0.1135772317647934, 0.9870159029960632, -0.1135772317647934), (0.1135772317647934, 0.9870159029960632, -0.1135772317647934), (0.0, 1.0, 0.0), (0.0, 1.0, 0.0), (0.1335527002811432, 0.9870159029960632, -0.08923705667257309), (0.1335527002811432, 0.9870159029960632, -0.08923705667257309), (0.0, 1.0, 0.0), (0.0, 1.0, 0.0), (0.14839580655097961, 0.9870159029960632, -0.06146755442023277), (0.14839580655097961, 0.9870159029960632, -0.06146755442023277), (0.0, 1.0, 0.0), (0.0, 1.0, 0.0), (0.15753614902496338, 0.9870159029960632, -0.03133588656783104), (0.15753614902496338, 0.9870159029960632, -0.03133588656783104), (0.0, 1.0, 0.0), (0.0, 1.0, 0.0), (0.1606224626302719, 0.9870159029960632, 0.0)]
        uniform token orientation = "rightHanded"
        uniform token subdivisionScheme = "none"
        uniform bool doubleSided = false
        uniform token purpose = "render"
        bool physics:collisionEnabled = false
        color3f[] primvars:displayColor = [(0.20000000298023224, 0.2199999988079071, 0.25)]
        custom rel material:binding = </World/Looks/Nozzle_Mat>
    }
    def Mesh "Throat" (
        prepend apiSchemas = "MaterialBindingAPI"
    )
    {
        point3f[] points = [(0.003643056843429804, 0.041999999433755875, 0.0), (0.0035730565432459116, 0.041999999433755875, 0.0007107251440174878), (0.003365745535120368, 0.041999999433755875, 0.0013941375073045492), (0.003029091050848365, 0.041999999433755875, 0.0020239739678800106), (0.0025760300923138857, 0.041999999433755875, 0.0025760300923138857), (0.0020239739678800106, 0.041999999433755875, 0.003029091050848365), (0.0013941375073045492, 0.041999999433755875, 0.003365745535120368), (0.0007107251440174878, 0.041999999433755875, 0.0035730565432459116), (0.0, 0.041999999433755875, 0.003643056843429804), (-0.0007107251440174878, 0.041999999433755875, 0.0035730565432459116), (-0.0013941375073045492, 0.041999999433755875, 0.003365745535120368), (-0.0020239739678800106, 0.041999999433755875, 0.003029091050848365), (-0.0025760300923138857, 0.041999999433755875, 0.0025760300923138857), (-0.003029091050848365, 0.041999999433755875, 0.0020239739678800106), (-0.003365745535120368, 0.041999999433755875, 0.0013941375073045492), (-0.0035730565432459116, 0.041999999433755875, 0.0007107251440174878), (-0.003643056843429804, 0.041999999433755875, 0.0), (-0.0035730565432459116, 0.041999999433755875, -0.0007107251440174878), (-0.003365745535120368, 0.041999999433755875, -0.0013941375073045492), (-0.003029091050848365, 0.041999999433755875, -0.0020239739678800106), (-0.0025760300923138857, 0.041999999433755875, -0.0025760300923138857), (-0.0020239739678800106, 0.041999999433755875, -0.003029091050848365), (-0.0013941375073045492, 0.041999999433755875, -0.003365745535120368), (-0.0007107251440174878, 0.041999999433755875, -0.0035730565432459116), (0.0, 0.041999999433755875, -0.003643056843429804), (0.0007107251440174878, 0.041999999433755875, -0.0035730565432459116), (0.0013941375073045492, 0.041999999433755875, -0.003365745535120368), (0.0020239739678800106, 0.041999999433755875, -0.003029091050848365), (0.0025760300923138857, 0.041999999433755875, -0.0025760300923138857), (0.003029091050848365, 0.041999999433755875, -0.0020239739678800106), (0.003365745535120368, 0.041999999433755875, -0.0013941375073045492), (0.0035730565432459116, 0.041999999433755875, -0.0007107251440174878), (0.008500000461935997, 0.05050000175833702, 0.0), (0.00833667442202568, 0.05050000175833702, 0.0016582676908001304), (0.007852976210415363, 0.05050000175833702, 0.0032528091687709093), (0.007067491766065359, 0.05050000175833702, 0.004722347017377615), (0.006010407581925392, 0.05050000175833702, 0.006010407581925392), (0.004722347017377615, 0.05050000175833702, 0.007067491766065359), (0.0032528091687709093, 0.05050000175833702, 0.007852976210415363), (0.0016582676908001304, 0.05050000175833702, 0.00833667442202568), (0.0, 0.05050000175833702, 0.008500000461935997), (-0.0016582676908001304, 0.05050000175833702, 0.00833667442202568), (-0.0032528091687709093, 0.05050000175833702, 0.007852976210415363), (-0.004722347017377615, 0.05050000175833702, 0.007067491766065359), (-0.006010407581925392, 0.05050000175833702, 0.006010407581925392), (-0.007067491766065359, 0.05050000175833702, 0.004722347017377615), (-0.007852976210415363, 0.05050000175833702, 0.0032528091687709093), (-0.00833667442202568, 0.05050000175833702, 0.0016582676908001304), (-0.008500000461935997, 0.05050000175833702, 0.0), (-0.00833667442202568, 0.05050000175833702, -0.0016582676908001304), (-0.007852976210415363, 0.05050000175833702, -0.0032528091687709093), (-0.007067491766065359, 0.05050000175833702, -0.004722347017377615), (-0.006010407581925392, 0.05050000175833702, -0.006010407581925392), (-0.004722347017377615, 0.05050000175833702, -0.007067491766065359), (-0.0032528091687709093, 0.05050000175833702, -0.007852976210415363), (-0.0016582676908001304, 0.05050000175833702, -0.00833667442202568), (0.0, 0.05050000175833702, -0.008500000461935997), (0.0016582676908001304, 0.05050000175833702, -0.00833667442202568), (0.0032528091687709093, 0.05050000175833702, -0.007852976210415363), (0.004722347017377615, 0.05050000175833702, -0.007067491766065359), (0.006010407581925392, 0.05050000175833702, -0.006010407581925392), (0.007067491766065359, 0.05050000175833702, -0.004722347017377615), (0.007852976210415363, 0.05050000175833702, -0.0032528091687709093), (0.00833667442202568, 0.05050000175833702, -0.0016582676908001304), (0.008500000461935997, 0.12700000405311584, 0.0), (0.00833667442202568, 0.12700000405311584, 0.0016582676908001304), (0.007852976210415363, 0.12700000405311584, 0.0032528091687709093), (0.007067491766065359, 0.12700000405311584, 0.004722347017377615), (0.006010407581925392, 0.12700000405311584, 0.006010407581925392), (0.004722347017377615, 0.12700000405311584, 0.007067491766065359), (0.0032528091687709093, 0.12700000405311584, 0.007852976210415363), (0.0016582676908001304, 0.12700000405311584, 0.00833667442202568), (0.0, 0.12700000405311584, 0.008500000461935997), (-0.0016582676908001304, 0.12700000405311584, 0.00833667442202568), (-0.0032528091687709093, 0.12700000405311584, 0.007852976210415363), (-0.004722347017377615, 0.12700000405311584, 0.007067491766065359), (-0.006010407581925392, 0.12700000405311584, 0.006010407581925392), (-0.007067491766065359, 0.12700000405311584, 0.004722347017377615), (-0.007852976210415363, 0.12700000405311584, 0.0032528091687709093), (-0.00833667442202568, 0.12700000405311584, 0.0016582676908001304), (-0.008500000461935997, 0.12700000405311584, 0.0), (-0.00833667442202568, 0.12700000405311584, -0.0016582676908001304), (-0.007852976210415363, 0.12700000405311584, -0.0032528091687709093), (-0.007067491766065359, 0.12700000405311584, -0.004722347017377615), (-0.006010407581925392, 0.12700000405311584, -0.006010407581925392), (-0.004722347017377615, 0.12700000405311584, -0.007067491766065359), (-0.0032528091687709093, 0.12700000405311584, -0.007852976210415363), (-0.0016582676908001304, 0.12700000405311584, -0.00833667442202568), (0.0, 0.12700000405311584, -0.008500000461935997), (0.0016582676908001304, 0.12700000405311584, -0.00833667442202568), (0.0032528091687709093, 0.12700000405311584, -0.007852976210415363), (0.004722347017377615, 0.12700000405311584, -0.007067491766065359), (0.006010407581925392, 0.12700000405311584, -0.006010407581925392), (0.007067491766065359, 0.12700000405311584, -0.004722347017377615), (0.007852976210415363, 0.12700000405311584, -0.0032528091687709093), (0.00833667442202568, 0.12700000405311584, -0.0016582676908001304), (0.00800000037997961, 0.12700000405311584, 0.0), (0.007846281863749027, 0.12700000405311584, 0.0015607225941494107), (0.0073910364881157875, 0.12700000405311584, 0.0030614675488322973), (0.006651756819337606, 0.12700000405311584, 0.0044445618987083435), (0.005656854249536991, 0.12700000405311584, 0.005656854249536991), (0.0044445618987083435, 0.12700000405311584, 0.006651756819337606), (0.0030614675488322973, 0.12700000405311584, 0.0073910364881157875), (0.0015607225941494107, 0.12700000405311584, 0.007846281863749027), (0.0, 0.12700000405311584, 0.00800000037997961), (-0.0015607225941494107, 0.12700000405311584, 0.007846281863749027), (-0.0030614675488322973, 0.12700000405311584, 0.0073910364881157875), (-0.0044445618987083435, 0.12700000405311584, 0.006651756819337606), (-0.005656854249536991, 0.12700000405311584, 0.005656854249536991), (-0.006651756819337606, 0.12700000405311584, 0.0044445618987083435), (-0.0073910364881157875, 0.12700000405311584, 0.0030614675488322973), (-0.007846281863749027, 0.12700000405311584, 0.0015607225941494107), (-0.00800000037997961, 0.12700000405311584, 0.0), (-0.007846281863749027, 0.12700000405311584, -0.0015607225941494107), (-0.0073910364881157875, 0.12700000405311584, -0.0030614675488322973), (-0.006651756819337606, 0.12700000405311584, -0.0044445618987083435), (-0.005656854249536991, 0.12700000405311584, -0.005656854249536991), (-0.0044445618987083435, 0.12700000405311584, -0.006651756819337606), (-0.0030614675488322973, 0.12700000405311584, -0.0073910364881157875), (-0.0015607225941494107, 0.12700000405311584, -0.007846281863749027), (0.0, 0.12700000405311584, -0.00800000037997961), (0.0015607225941494107, 0.12700000405311584, -0.007846281863749027), (0.0030614675488322973, 0.12700000405311584, -0.0073910364881157875), (0.0044445618987083435, 0.12700000405311584, -0.006651756819337606), (0.005656854249536991, 0.12700000405311584, -0.005656854249536991), (0.006651756819337606, 0.12700000405311584, -0.0044445618987083435), (0.0073910364881157875, 0.12700000405311584, -0.0030614675488322973), (0.007846281863749027, 0.12700000405311584, -0.0015607225941494107), (0.00800000037997961, 0.05050000175833702, 0.0), (0.007846281863749027, 0.05050000175833702, 0.0015607225941494107), (0.0073910364881157875, 0.05050000175833702, 0.0030614675488322973), (0.006651756819337606, 0.05050000175833702, 0.0044445618987083435), (0.005656854249536991, 0.05050000175833702, 0.005656854249536991), (0.0044445618987083435, 0.05050000175833702, 0.006651756819337606), (0.0030614675488322973, 0.05050000175833702, 0.0073910364881157875), (0.0015607225941494107, 0.05050000175833702, 0.007846281863749027), (0.0, 0.05050000175833702, 0.00800000037997961), (-0.0015607225941494107, 0.05050000175833702, 0.007846281863749027), (-0.0030614675488322973, 0.05050000175833702, 0.0073910364881157875), (-0.0044445618987083435, 0.05050000175833702, 0.006651756819337606), (-0.005656854249536991, 0.05050000175833702, 0.005656854249536991), (-0.006651756819337606, 0.05050000175833702, 0.0044445618987083435), (-0.0073910364881157875, 0.05050000175833702, 0.0030614675488322973), (-0.007846281863749027, 0.05050000175833702, 0.0015607225941494107), (-0.00800000037997961, 0.05050000175833702, 0.0), (-0.007846281863749027, 0.05050000175833702, -0.0015607225941494107), (-0.0073910364881157875, 0.05050000175833702, -0.0030614675488322973), (-0.006651756819337606, 0.05050000175833702, -0.0044445618987083435), (-0.005656854249536991, 0.05050000175833702, -0.005656854249536991), (-0.0044445618987083435, 0.05050000175833702, -0.006651756819337606), (-0.0030614675488322973, 0.05050000175833702, -0.0073910364881157875), (-0.0015607225941494107, 0.05050000175833702, -0.007846281863749027), (0.0, 0.05050000175833702, -0.00800000037997961), (0.0015607225941494107, 0.05050000175833702, -0.007846281863749027), (0.0030614675488322973, 0.05050000175833702, -0.0073910364881157875), (0.0044445618987083435, 0.05050000175833702, -0.006651756819337606), (0.005656854249536991, 0.05050000175833702, -0.005656854249536991), (0.006651756819337606, 0.05050000175833702, -0.0044445618987083435), (0.0073910364881157875, 0.05050000175833702, -0.0030614675488322973), (0.007846281863749027, 0.05050000175833702, -0.0015607225941494107), (0.0031430567614734173, 0.041999999433755875, 0.0), (0.0030826637521386147, 0.041999999433755875, 0.0006131799891591072), (0.002903805812820792, 0.041999999433755875, 0.0012027957709506154), (0.002613356104120612, 0.041999999433755875, 0.0017461888492107391), (0.0022224767599254847, 0.041999999433755875, 0.0022224767599254847), (0.0017461888492107391, 0.041999999433755875, 0.002613356104120612), (0.0012027957709506154, 0.041999999433755875, 0.002903805812820792), (0.0006131799891591072, 0.041999999433755875, 0.0030826637521386147), (0.0, 0.041999999433755875, 0.0031430567614734173), (-0.0006131799891591072, 0.041999999433755875, 0.0030826637521386147), (-0.0012027957709506154, 0.041999999433755875, 0.002903805812820792), (-0.0017461888492107391, 0.041999999433755875, 0.002613356104120612), (-0.0022224767599254847, 0.041999999433755875, 0.0022224767599254847), (-0.002613356104120612, 0.041999999433755875, 0.0017461888492107391), (-0.002903805812820792, 0.041999999433755875, 0.0012027957709506154), (-0.0030826637521386147, 0.041999999433755875, 0.0006131799891591072), (-0.0031430567614734173, 0.041999999433755875, 0.0), (-0.0030826637521386147, 0.041999999433755875, -0.0006131799891591072), (-0.002903805812820792, 0.041999999433755875, -0.0012027957709506154), (-0.002613356104120612, 0.041999999433755875, -0.0017461888492107391), (-0.0022224767599254847, 0.041999999433755875, -0.0022224767599254847), (-0.0017461888492107391, 0.041999999433755875, -0.002613356104120612), (-0.0012027957709506154, 0.041999999433755875, -0.002903805812820792), (-0.0006131799891591072, 0.041999999433755875, -0.0030826637521386147), (0.0, 0.041999999433755875, -0.0031430567614734173), (0.0006131799891591072, 0.041999999433755875, -0.0030826637521386147), (0.0012027957709506154, 0.041999999433755875, -0.002903805812820792), (0.0017461888492107391, 0.041999999433755875, -0.002613356104120612), (0.0022224767599254847, 0.041999999433755875, -0.0022224767599254847), (0.002613356104120612, 0.041999999433755875, -0.0017461888492107391), (0.002903805812820792, 0.041999999433755875, -0.0012027957709506154), (0.0030826637521386147, 0.041999999433755875, -0.0006131799891591072)]
        int[] faceVertexCounts = [4, 4, 4, 4, 4, 4, 4, 4, 4, 4, 4, 4, 4, 4, 4, 4, 4, 4, 4, 4, 4, 4, 4, 4, 4, 4, 4, 4, 4, 4, 4, 4, 4, 4, 4, 4, 4, 4, 4, 4, 4, 4, 4, 4, 4, 4, 4, 4, 4, 4, 4, 4, 4, 4, 4, 4, 4, 4, 4, 4, 4, 4, 4, 4, 4, 4, 4, 4, 4, 4, 4, 4, 4, 4, 4, 4, 4, 4, 4, 4, 4, 4, 4, 4, 4, 4, 4, 4, 4, 4, 4, 4, 4, 4, 4, 4, 4, 4, 4, 4, 4, 4, 4, 4, 4, 4, 4, 4, 4, 4, 4, 4, 4, 4, 4, 4, 4, 4, 4, 4, 4, 4, 4, 4, 4, 4, 4, 4, 4, 4, 4, 4, 4, 4, 4, 4, 4, 4, 4, 4, 4, 4, 4, 4, 4, 4, 4, 4, 4, 4, 4, 4, 4, 4, 4, 4, 4, 4, 4, 4, 4, 4, 4, 4, 4, 4, 4, 4, 4, 4, 4, 4, 4, 4, 4, 4, 4, 4, 4, 4, 4, 4, 4, 4, 4, 4, 4, 4, 4, 4, 4, 4]
        int[] faceVertexIndices = [0, 32, 33, 1, 1, 33, 34, 2, 2, 34, 35, 3, 3, 35, 36, 4, 4, 36, 37, 5, 5, 37, 38, 6, 6, 38, 39, 7, 7, 39, 40, 8, 8, 40, 41, 9, 9, 41, 42, 10, 10, 42, 43, 11, 11, 43, 44, 12, 12, 44, 45, 13, 13, 45, 46, 14, 14, 46, 47, 15, 15, 47, 48, 16, 16, 48, 49, 17, 17, 49, 50, 18, 18, 50, 51, 19, 19, 51, 52, 20, 20, 52, 53, 21, 21, 53, 54, 22, 22, 54, 55, 23, 23, 55, 56, 24, 24, 56, 57, 25, 25, 57, 58, 26, 26, 58, 59, 27, 27, 59, 60, 28, 28, 60, 61, 29, 29, 61, 62, 30, 30, 62, 63, 31, 31, 63, 32, 0, 32, 64, 65, 33, 33, 65, 66, 34, 34, 66, 67, 35, 35, 67, 68, 36, 36, 68, 69, 37, 37, 69, 70, 38, 38, 70, 71, 39, 39, 71, 72, 40, 40, 72, 73, 41, 41, 73, 74, 42, 42, 74, 75, 43, 43, 75, 76, 44, 44, 76, 77, 45, 45, 77, 78, 46, 46, 78, 79, 47, 47, 79, 80, 48, 48, 80, 81, 49, 49, 81, 82, 50, 50, 82, 83, 51, 51, 83, 84, 52, 52, 84, 85, 53, 53, 85, 86, 54, 54, 86, 87, 55, 55, 87, 88, 56, 56, 88, 89, 57, 57, 89, 90, 58, 58, 90, 91, 59, 59, 91, 92, 60, 60, 92, 93, 61, 61, 93, 94, 62, 62, 94, 95, 63, 63, 95, 64, 32, 64, 96, 97, 65, 65, 97, 98, 66, 66, 98, 99, 67, 67, 99, 100, 68, 68, 100, 101, 69, 69, 101, 102, 70, 70, 102, 103, 71, 71, 103, 104, 72, 72, 104, 105, 73, 73, 105, 106, 74, 74, 106, 107, 75, 75, 107, 108, 76, 76, 108, 109, 77, 77, 109, 110, 78, 78, 110, 111, 79, 79, 111, 112, 80, 80, 112, 113, 81, 81, 113, 114, 82, 82, 114, 115, 83, 83, 115, 116, 84, 84, 116, 117, 85, 85, 117, 118, 86, 86, 118, 119, 87, 87, 119, 120, 88, 88, 120, 121, 89, 89, 121, 122, 90, 90, 122, 123, 91, 91, 123, 124, 92, 92, 124, 125, 93, 93, 125, 126, 94, 94, 126, 127, 95, 95, 127, 96, 64, 96, 128, 129, 97, 97, 129, 130, 98, 98, 130, 131, 99, 99, 131, 132, 100, 100, 132, 133, 101, 101, 133, 134, 102, 102, 134, 135, 103, 103, 135, 136, 104, 104, 136, 137, 105, 105, 137, 138, 106, 106, 138, 139, 107, 107, 139, 140, 108, 108, 140, 141, 109, 109, 141, 142, 110, 110, 142, 143, 111, 111, 143, 144, 112, 112, 144, 145, 113, 113, 145, 146, 114, 114, 146, 147, 115, 115, 147, 148, 116, 116, 148, 149, 117, 117, 149, 150, 118, 118, 150, 151, 119, 119, 151, 152, 120, 120, 152, 153, 121, 121, 153, 154, 122, 122, 154, 155, 123, 123, 155, 156, 124, 124, 156, 157, 125, 125, 157, 158, 126, 126, 158, 159, 127, 127, 159, 128, 96, 128, 160, 161, 129, 129, 161, 162, 130, 130, 162, 163, 131, 131, 163, 164, 132, 132, 164, 165, 133, 133, 165, 166, 134, 134, 166, 167, 135, 135, 167, 168, 136, 136, 168, 169, 137, 137, 169, 170, 138, 138, 170, 171, 139, 139, 171, 172, 140, 140, 172, 173, 141, 141, 173, 174, 142, 142, 174, 175, 143, 143, 175, 176, 144, 144, 176, 177, 145, 145, 177, 178, 146, 146, 178, 179, 147, 147, 179, 180, 148, 148, 180, 181, 149, 149, 181, 182, 150, 150, 182, 183, 151, 151, 183, 184, 152, 152, 184, 185, 153, 153, 185, 186, 154, 154, 186, 187, 155, 155, 187, 188, 156, 156, 188, 189, 157, 157, 189, 190, 158, 158, 190, 191, 159, 159, 191, 160, 128, 160, 0, 1, 161, 161, 1, 2, 162, 162, 2, 3, 163, 163, 3, 4, 164, 164, 4, 5, 165, 165, 5, 6, 166, 166, 6, 7, 167, 167, 7, 8, 168, 168, 8, 9, 169, 169, 9, 10, 170, 170, 10, 11, 171, 171, 11, 12, 172, 172, 12, 13, 173, 173, 13, 14, 174, 174, 14, 15, 175, 175, 15, 16, 176, 176, 16, 17, 177, 177, 17, 18, 178, 178, 18, 19, 179, 179, 19, 20, 180, 180, 20, 21, 181, 181, 21, 22, 182, 182, 22, 23, 183, 183, 23, 24, 184, 184, 24, 25, 185, 185, 25, 26, 186, 186, 26, 27, 187, 187, 27, 28, 188, 188, 28, 29, 189, 189, 29, 30, 190, 190, 30, 31, 191, 191, 31, 0, 160]
        normal3f[] normals = [(0.8682519197463989, -0.4961235523223877, 0.0), (0.9664615392684937, -0.2568112909793854, 0.0), (0.9478912949562073, -0.2568112909793854, 0.1885472983121872), (0.8515686988830566, -0.4961235523223877, 0.169387549161911), (0.8515686988830566, -0.4961235523223877, 0.169387549161911), (0.9478912949562073, -0.2568112909793854, 0.1885472983121872), (0.8928940892219543, -0.2568112909793854, 0.3698488175868988), (0.8021602034568787, -0.4961235523223877, 0.33226561546325684), (0.8021602034568787, -0.4961235523223877, 0.33226561546325684), (0.8928940892219543, -0.2568112909793854, 0.3698488175868988), (0.8035834431648254, -0.2568112909793854, 0.5369372963905334), (0.7219250798225403, -0.4961235523223877, 0.4823749363422394), (0.7219250798225403, -0.4961235523223877, 0.4823749363422394), (0.8035834431648254, -0.2568112909793854, 0.5369372963905334), (0.6833915114402771, -0.2568112909793854, 0.6833915114402771), (0.6139468550682068, -0.4961235523223877, 0.6139468550682068), (0.6139468550682068, -0.4961235523223877, 0.6139468550682068), (0.6833915114402771, -0.2568112909793854, 0.6833915114402771), (0.5369372963905334, -0.2568112909793854, 0.8035834431648254), (0.4823749363422394, -0.4961235523223877, 0.7219250798225403), (0.4823749363422394, -0.4961235523223877, 0.7219250798225403), (0.5369372963905334, -0.2568112909793854, 0.8035834431648254), (0.3698488175868988, -0.2568112909793854, 0.8928940892219543), (0.33226561546325684, -0.4961235523223877, 0.8021602034568787), (0.33226561546325684, -0.4961235523223877, 0.8021602034568787), (0.3698488175868988, -0.2568112909793854, 0.8928940892219543), (0.1885472983121872, -0.2568112909793854, 0.9478912949562073), (0.169387549161911, -0.4961235523223877, 0.8515686988830566), (0.169387549161911, -0.4961235523223877, 0.8515686988830566), (0.1885472983121872, -0.2568112909793854, 0.9478912949562073), (0.0, -0.2568112909793854, 0.9664615392684937), (0.0, -0.4961235523223877, 0.8682519197463989), (0.0, -0.4961235523223877, 0.8682519197463989), (0.0, -0.2568112909793854, 0.9664615392684937), (-0.1885472983121872, -0.2568112909793854, 0.9478912949562073), (-0.169387549161911, -0.4961235523223877, 0.8515686988830566), (-0.169387549161911, -0.4961235523223877, 0.8515686988830566), (-0.1885472983121872, -0.2568112909793854, 0.9478912949562073), (-0.3698488175868988, -0.2568112909793854, 0.8928940892219543), (-0.33226561546325684, -0.4961235523223877, 0.8021602034568787), (-0.33226561546325684, -0.4961235523223877, 0.8021602034568787), (-0.3698488175868988, -0.2568112909793854, 0.8928940892219543), (-0.5369372963905334, -0.2568112909793854, 0.8035834431648254), (-0.4823749363422394, -0.4961235523223877, 0.7219250798225403), (-0.4823749363422394, -0.4961235523223877, 0.7219250798225403), (-0.5369372963905334, -0.2568112909793854, 0.8035834431648254), (-0.6833915114402771, -0.2568112909793854, 0.6833915114402771), (-0.6139468550682068, -0.4961235523223877, 0.6139468550682068), (-0.6139468550682068, -0.4961235523223877, 0.6139468550682068), (-0.6833915114402771, -0.2568112909793854, 0.6833915114402771), (-0.8035834431648254, -0.2568112909793854, 0.5369372963905334), (-0.7219250798225403, -0.4961235523223877, 0.4823749363422394), (-0.7219250798225403, -0.4961235523223877, 0.4823749363422394), (-0.8035834431648254, -0.2568112909793854, 0.5369372963905334), (-0.8928940892219543, -0.2568112909793854, 0.3698488175868988), (-0.8021602034568787, -0.4961235523223877, 0.33226561546325684), (-0.8021602034568787, -0.4961235523223877, 0.33226561546325684), (-0.8928940892219543, -0.2568112909793854, 0.3698488175868988), (-0.9478912949562073, -0.2568112909793854, 0.1885472983121872), (-0.8515686988830566, -0.4961235523223877, 0.169387549161911), (-0.8515686988830566, -0.4961235523223877, 0.169387549161911), (-0.9478912949562073, -0.2568112909793854, 0.1885472983121872), (-0.9664615392684937, -0.2568112909793854, 0.0), (-0.8682519197463989, -0.4961235523223877, 0.0), (-0.8682519197463989, -0.4961235523223877, 0.0), (-0.9664615392684937, -0.2568112909793854, 0.0), (-0.9478912949562073, -0.2568112909793854, -0.1885472983121872), (-0.8515686988830566, -0.4961235523223877, -0.169387549161911), (-0.8515686988830566, -0.4961235523223877, -0.169387549161911), (-0.9478912949562073, -0.2568112909793854, -0.1885472983121872), (-0.8928940892219543, -0.2568112909793854, -0.3698488175868988), (-0.8021602034568787, -0.4961235523223877, -0.33226561546325684), (-0.8021602034568787, -0.4961235523223877, -0.33226561546325684), (-0.8928940892219543, -0.2568112909793854, -0.3698488175868988), (-0.8035834431648254, -0.2568112909793854, -0.5369372963905334), (-0.7219250798225403, -0.4961235523223877, -0.4823749363422394), (-0.7219250798225403, -0.4961235523223877, -0.4823749363422394), (-0.8035834431648254, -0.2568112909793854, -0.5369372963905334), (-0.6833915114402771, -0.2568112909793854, -0.6833915114402771), (-0.6139468550682068, -0.4961235523223877, -0.6139468550682068), (-0.6139468550682068, -0.4961235523223877, -0.6139468550682068), (-0.6833915114402771, -0.2568112909793854, -0.6833915114402771), (-0.5369372963905334, -0.2568112909793854, -0.8035834431648254), (-0.4823749363422394, -0.4961235523223877, -0.7219250798225403), (-0.4823749363422394, -0.4961235523223877, -0.7219250798225403), (-0.5369372963905334, -0.2568112909793854, -0.8035834431648254), (-0.3698488175868988, -0.2568112909793854, -0.8928940892219543), (-0.33226561546325684, -0.4961235523223877, -0.8021602034568787), (-0.33226561546325684, -0.4961235523223877, -0.8021602034568787), (-0.3698488175868988, -0.2568112909793854, -0.8928940892219543), (-0.1885472983121872, -0.2568112909793854, -0.9478912949562073), (-0.169387549161911, -0.4961235523223877, -0.8515686988830566), (-0.169387549161911, -0.4961235523223877, -0.8515686988830566), (-0.1885472983121872, -0.2568112909793854, -0.9478912949562073), (0.0, -0.2568112909793854, -0.9664615392684937), (0.0, -0.4961235523223877, -0.8682519197463989), (0.0, -0.4961235523223877, -0.8682519197463989), (0.0, -0.2568112909793854, -0.9664615392684937), (0.1885472983121872, -0.2568112909793854, -0.9478912949562073), (0.169387549161911, -0.4961235523223877, -0.8515686988830566), (0.169387549161911, -0.4961235523223877, -0.8515686988830566), (0.1885472983121872, -0.2568112909793854, -0.9478912949562073), (0.3698488175868988, -0.2568112909793854, -0.8928940892219543), (0.33226561546325684, -0.4961235523223877, -0.8021602034568787), (0.33226561546325684, -0.4961235523223877, -0.8021602034568787), (0.3698488175868988, -0.2568112909793854, -0.8928940892219543), (0.5369372963905334, -0.2568112909793854, -0.8035834431648254), (0.4823749363422394, -0.4961235523223877, -0.7219250798225403), (0.4823749363422394, -0.4961235523223877, -0.7219250798225403), (0.5369372963905334, -0.2568112909793854, -0.8035834431648254), (0.6833915114402771, -0.2568112909793854, -0.6833915114402771), (0.6139468550682068, -0.4961235523223877, -0.6139468550682068), (0.6139468550682068, -0.4961235523223877, -0.6139468550682068), (0.6833915114402771, -0.2568112909793854, -0.6833915114402771), (0.8035834431648254, -0.2568112909793854, -0.5369372963905334), (0.7219250798225403, -0.4961235523223877, -0.4823749363422394), (0.7219250798225403, -0.4961235523223877, -0.4823749363422394), (0.8035834431648254, -0.2568112909793854, -0.5369372963905334), (0.8928940892219543, -0.2568112909793854, -0.3698488175868988), (0.8021602034568787, -0.4961235523223877, -0.33226561546325684), (0.8021602034568787, -0.4961235523223877, -0.33226561546325684), (0.8928940892219543, -0.2568112909793854, -0.3698488175868988), (0.9478912949562073, -0.2568112909793854, -0.1885472983121872), (0.8515686988830566, -0.4961235523223877, -0.169387549161911), (0.8515686988830566, -0.4961235523223877, -0.169387549161911), (0.9478912949562073, -0.2568112909793854, -0.1885472983121872), (0.9664615392684937, -0.2568112909793854, 0.0), (0.8682519197463989, -0.4961235523223877, 0.0), (0.9664615392684937, -0.2568112909793854, 0.0), (1.0, 0.0, 0.0), (0.9807852506637573, 0.0, 0.19509032368659973), (0.9478912949562073, -0.2568112909793854, 0.1885472983121872), (0.9478912949562073, -0.2568112909793854, 0.1885472983121872), (0.9807852506637573, 0.0, 0.19509032368659973), (0.9238795042037964, 0.0, 0.3826834261417389), (0.8928940892219543, -0.2568112909793854, 0.3698488175868988), (0.8928940892219543, -0.2568112909793854, 0.3698488175868988), (0.9238795042037964, 0.0, 0.3826834261417389), (0.8314695954322815, 0.0, 0.5555702447891235), (0.8035834431648254, -0.2568112909793854, 0.5369372963905334), (0.8035834431648254, -0.2568112909793854, 0.5369372963905334), (0.8314695954322815, 0.0, 0.5555702447891235), (0.7071067690849304, 0.0, 0.7071067690849304), (0.6833915114402771, -0.2568112909793854, 0.6833915114402771), (0.6833915114402771, -0.2568112909793854, 0.6833915114402771), (0.7071067690849304, 0.0, 0.7071067690849304), (0.5555702447891235, 0.0, 0.8314695954322815), (0.5369372963905334, -0.2568112909793854, 0.8035834431648254), (0.5369372963905334, -0.2568112909793854, 0.8035834431648254), (0.5555702447891235, 0.0, 0.8314695954322815), (0.3826834261417389, 0.0, 0.9238795042037964), (0.3698488175868988, -0.2568112909793854, 0.8928940892219543), (0.3698488175868988, -0.2568112909793854, 0.8928940892219543), (0.3826834261417389, 0.0, 0.9238795042037964), (0.19509032368659973, 0.0, 0.9807852506637573), (0.1885472983121872, -0.2568112909793854, 0.9478912949562073), (0.1885472983121872, -0.2568112909793854, 0.9478912949562073), (0.19509032368659973, 0.0, 0.9807852506637573), (0.0, 0.0, 1.0), (0.0, -0.2568112909793854, 0.9664615392684937), (0.0, -0.2568112909793854, 0.9664615392684937), (0.0, 0.0, 1.0), (-0.19509032368659973, 0.0, 0.9807852506637573), (-0.1885472983121872, -0.2568112909793854, 0.9478912949562073), (-0.1885472983121872, -0.2568112909793854, 0.9478912949562073), (-0.19509032368659973, 0.0, 0.9807852506637573), (-0.3826834261417389, 0.0, 0.9238795042037964), (-0.3698488175868988, -0.2568112909793854, 0.8928940892219543), (-0.3698488175868988, -0.2568112909793854, 0.8928940892219543), (-0.3826834261417389, 0.0, 0.9238795042037964), (-0.5555702447891235, 0.0, 0.8314695954322815), (-0.5369372963905334, -0.2568112909793854, 0.8035834431648254), (-0.5369372963905334, -0.2568112909793854, 0.8035834431648254), (-0.5555702447891235, 0.0, 0.8314695954322815), (-0.7071067690849304, 0.0, 0.7071067690849304), (-0.6833915114402771, -0.2568112909793854, 0.6833915114402771), (-0.6833915114402771, -0.2568112909793854, 0.6833915114402771), (-0.7071067690849304, 0.0, 0.7071067690849304), (-0.8314695954322815, 0.0, 0.5555702447891235), (-0.8035834431648254, -0.2568112909793854, 0.5369372963905334), (-0.8035834431648254, -0.2568112909793854, 0.5369372963905334), (-0.8314695954322815, 0.0, 0.5555702447891235), (-0.9238795042037964, 0.0, 0.3826834261417389), (-0.8928940892219543, -0.2568112909793854, 0.3698488175868988), (-0.8928940892219543, -0.2568112909793854, 0.3698488175868988), (-0.9238795042037964, 0.0, 0.3826834261417389), (-0.9807852506637573, 0.0, 0.19509032368659973), (-0.9478912949562073, -0.2568112909793854, 0.1885472983121872), (-0.9478912949562073, -0.2568112909793854, 0.1885472983121872), (-0.9807852506637573, 0.0, 0.19509032368659973), (-1.0, 0.0, 0.0), (-0.9664615392684937, -0.2568112909793854, 0.0), (-0.9664615392684937, -0.2568112909793854, 0.0), (-1.0, 0.0, 0.0), (-0.9807852506637573, 0.0, -0.19509032368659973), (-0.9478912949562073, -0.2568112909793854, -0.1885472983121872), (-0.9478912949562073, -0.2568112909793854, -0.1885472983121872), (-0.9807852506637573, 0.0, -0.19509032368659973), (-0.9238795042037964, 0.0, -0.3826834261417389), (-0.8928940892219543, -0.2568112909793854, -0.3698488175868988), (-0.8928940892219543, -0.2568112909793854, -0.3698488175868988), (-0.9238795042037964, 0.0, -0.3826834261417389), (-0.8314695954322815, 0.0, -0.5555702447891235), (-0.8035834431648254, -0.2568112909793854, -0.5369372963905334), (-0.8035834431648254, -0.2568112909793854, -0.5369372963905334), (-0.8314695954322815, 0.0, -0.5555702447891235), (-0.7071067690849304, 0.0, -0.7071067690849304), (-0.6833915114402771, -0.2568112909793854, -0.6833915114402771), (-0.6833915114402771, -0.2568112909793854, -0.6833915114402771), (-0.7071067690849304, 0.0, -0.7071067690849304), (-0.5555702447891235, 0.0, -0.8314695954322815), (-0.5369372963905334, -0.2568112909793854, -0.8035834431648254), (-0.5369372963905334, -0.2568112909793854, -0.8035834431648254), (-0.5555702447891235, 0.0, -0.8314695954322815), (-0.3826834261417389, 0.0, -0.9238795042037964), (-0.3698488175868988, -0.2568112909793854, -0.8928940892219543), (-0.3698488175868988, -0.2568112909793854, -0.8928940892219543), (-0.3826834261417389, 0.0, -0.9238795042037964), (-0.19509032368659973, 0.0, -0.9807852506637573), (-0.1885472983121872, -0.2568112909793854, -0.9478912949562073), (-0.1885472983121872, -0.2568112909793854, -0.9478912949562073), (-0.19509032368659973, 0.0, -0.9807852506637573), (0.0, 0.0, -1.0), (0.0, -0.2568112909793854, -0.9664615392684937), (0.0, -0.2568112909793854, -0.9664615392684937), (0.0, 0.0, -1.0), (0.19509032368659973, 0.0, -0.9807852506637573), (0.1885472983121872, -0.2568112909793854, -0.9478912949562073), (0.1885472983121872, -0.2568112909793854, -0.9478912949562073), (0.19509032368659973, 0.0, -0.9807852506637573), (0.3826834261417389, 0.0, -0.9238795042037964), (0.3698488175868988, -0.2568112909793854, -0.8928940892219543), (0.3698488175868988, -0.2568112909793854, -0.8928940892219543), (0.3826834261417389, 0.0, -0.9238795042037964), (0.5555702447891235, 0.0, -0.8314695954322815), (0.5369372963905334, -0.2568112909793854, -0.8035834431648254), (0.5369372963905334, -0.2568112909793854, -0.8035834431648254), (0.5555702447891235, 0.0, -0.8314695954322815), (0.7071067690849304, 0.0, -0.7071067690849304), (0.6833915114402771, -0.2568112909793854, -0.6833915114402771), (0.6833915114402771, -0.2568112909793854, -0.6833915114402771), (0.7071067690849304, 0.0, -0.7071067690849304), (0.8314695954322815, 0.0, -0.5555702447891235), (0.8035834431648254, -0.2568112909793854, -0.5369372963905334), (0.8035834431648254, -0.2568112909793854, -0.5369372963905334), (0.8314695954322815, 0.0, -0.5555702447891235), (0.9238795042037964, 0.0, -0.3826834261417389), (0.8928940892219543, -0.2568112909793854, -0.3698488175868988), (0.8928940892219543, -0.2568112909793854, -0.3698488175868988), (0.9238795042037964, 0.0, -0.3826834261417389), (0.9807852506637573, 0.0, -0.19509032368659973), (0.9478912949562073, -0.2568112909793854, -0.1885472983121872), (0.9478912949562073, -0.2568112909793854, -0.1885472983121872), (0.9807852506637573, 0.0, -0.19509032368659973), (1.0, 0.0, 0.0), (0.9664615392684937, -0.2568112909793854, 0.0), (0.0, 1.0, 0.0), (0.0, 1.0, 0.0), (0.0, 1.0, 0.0), (0.0, 1.0, 0.0), (0.0, 1.0, 0.0), (0.0, 1.0, 0.0), (0.0, 1.0, 0.0), (0.0, 1.0, 0.0), (0.0, 1.0, 0.0), (0.0, 1.0, 0.0), (0.0, 1.0, 0.0), (0.0, 1.0, 0.0), (0.0, 1.0, 0.0), (0.0, 1.0, 0.0), (0.0, 1.0, 0.0), (0.0, 1.0, 0.0), (0.0, 1.0, 0.0), (0.0, 1.0, 0.0), (0.0, 1.0, 0.0), (0.0, 1.0, 0.0), (0.0, 1.0, 0.0), (0.0, 1.0, 0.0), (0.0, 1.0, 0.0), (0.0, 1.0, 0.0), (0.0, 1.0, 0.0), (0.0, 1.0, 0.0), (0.0, 1.0, 0.0), (0.0, 1.0, 0.0), (0.0, 1.0, 0.0), (0.0, 1.0, 0.0), (0.0, 1.0, 0.0), (0.0, 1.0, 0.0), (0.0, 1.0, 0.0), (0.0, 1.0, 0.0), (0.0, 1.0, 0.0), (0.0, 1.0, 0.0), (0.0, 1.0, 0.0), (0.0, 1.0, 0.0), (0.0, 1.0, 0.0), (0.0, 1.0, 0.0), (0.0, 1.0, 0.0), (0.0, 1.0, 0.0), (0.0, 1.0, 0.0), (0.0, 1.0, 0.0), (0.0, 1.0, 0.0), (0.0, 1.0, 0.0), (0.0, 1.0, 0.0), (0.0, 1.0, 0.0), (0.0, 1.0, 0.0), (0.0, 1.0, 0.0), (0.0, 1.0, 0.0), (0.0, 1.0, 0.0), (0.0, 1.0, 0.0), (0.0, 1.0, 0.0), (0.0, 1.0, 0.0), (0.0, 1.0, 0.0), (0.0, 1.0, 0.0), (0.0, 1.0, 0.0), (0.0, 1.0, 0.0), (0.0, 1.0, 0.0), (0.0, 1.0, 0.0), (0.0, 1.0, 0.0), (0.0, 1.0, 0.0), (0.0, 1.0, 0.0), (0.0, 1.0, 0.0), (0.0, 1.0, 0.0), (0.0, 1.0, 0.0), (0.0, 1.0, 0.0), (0.0, 1.0, 0.0), (0.0, 1.0, 0.0), (0.0, 1.0, 0.0), (0.0, 1.0, 0.0), (0.0, 1.0, 0.0), (0.0, 1.0, 0.0), (0.0, 1.0, 0.0), (0.0, 1.0, 0.0), (0.0, 1.0, 0.0), (0.0, 1.0, 0.0), (0.0, 1.0, 0.0), (0.0, 1.0, 0.0), (0.0, 1.0, 0.0), (0.0, 1.0, 0.0), (0.0, 1.0, 0.0), (0.0, 1.0, 0.0), (0.0, 1.0, 0.0), (0.0, 1.0, 0.0), (0.0, 1.0, 0.0), (0.0, 1.0, 0.0), (0.0, 1.0, 0.0), (0.0, 1.0, 0.0), (0.0, 1.0, 0.0), (0.0, 1.0, 0.0), (0.0, 1.0, 0.0), (0.0, 1.0, 0.0), (0.0, 1.0, 0.0), (0.0, 1.0, 0.0), (0.0, 1.0, 0.0), (0.0, 1.0, 0.0), (0.0, 1.0, 0.0), (0.0, 1.0, 0.0), (0.0, 1.0, 0.0), (0.0, 1.0, 0.0), (0.0, 1.0, 0.0), (0.0, 1.0, 0.0), (0.0, 1.0, 0.0), (0.0, 1.0, 0.0), (0.0, 1.0, 0.0), (0.0, 1.0, 0.0), (0.0, 1.0, 0.0), (0.0, 1.0, 0.0), (0.0, 1.0, 0.0), (0.0, 1.0, 0.0), (0.0, 1.0, 0.0), (0.0, 1.0, 0.0), (0.0, 1.0, 0.0), (0.0, 1.0, 0.0), (0.0, 1.0, 0.0), (0.0, 1.0, 0.0), (0.0, 1.0, 0.0), (0.0, 1.0, 0.0), (0.0, 1.0, 0.0), (0.0, 1.0, 0.0), (0.0, 1.0, 0.0), (0.0, 1.0, 0.0), (0.0, 1.0, 0.0), (0.0, 1.0, 0.0), (0.0, 1.0, 0.0), (0.0, 1.0, 0.0), (-1.0, 0.0, 0.0), (-0.9664615392684937, 0.2568112909793854, 0.0), (-0.9478912949562073, 0.2568112909793854, -0.1885472983121872), (-0.9807852506637573, 0.0, -0.19509032368659973), (-0.9807852506637573, 0.0, -0.19509032368659973), (-0.9478912949562073, 0.2568112909793854, -0.1885472983121872), (-0.8928940892219543, 0.2568112909793854, -0.3698488175868988), (-0.9238795042037964, 0.0, -0.3826834261417389), (-0.9238795042037964, 0.0, -0.3826834261417389), (-0.8928940892219543, 0.2568112909793854, -0.3698488175868988), (-0.8035834431648254, 0.2568112909793854, -0.5369372963905334), (-0.8314695954322815, 0.0, -0.5555702447891235), (-0.8314695954322815, 0.0, -0.5555702447891235), (-0.8035834431648254, 0.2568112909793854, -0.5369372963905334), (-0.6833915114402771, 0.2568112909793854, -0.6833915114402771), (-0.7071067690849304, 0.0, -0.7071067690849304), (-0.7071067690849304, 0.0, -0.7071067690849304), (-0.6833915114402771, 0.2568112909793854, -0.6833915114402771), (-0.5369372963905334, 0.2568112909793854, -0.8035834431648254), (-0.5555702447891235, 0.0, -0.8314695954322815), (-0.5555702447891235, 0.0, -0.8314695954322815), (-0.5369372963905334, 0.2568112909793854, -0.8035834431648254), (-0.3698488175868988, 0.2568112909793854, -0.8928940892219543), (-0.3826834261417389, 0.0, -0.9238795042037964), (-0.3826834261417389, 0.0, -0.9238795042037964), (-0.3698488175868988, 0.2568112909793854, -0.8928940892219543), (-0.1885472983121872, 0.2568112909793854, -0.9478912949562073), (-0.19509032368659973, 0.0, -0.9807852506637573), (-0.19509032368659973, 0.0, -0.9807852506637573), (-0.1885472983121872, 0.2568112909793854, -0.9478912949562073), (0.0, 0.2568112909793854, -0.9664615392684937), (0.0, 0.0, -1.0), (0.0, 0.0, -1.0), (0.0, 0.2568112909793854, -0.9664615392684937), (0.1885472983121872, 0.2568112909793854, -0.9478912949562073), (0.19509032368659973, 0.0, -0.9807852506637573), (0.19509032368659973, 0.0, -0.9807852506637573), (0.1885472983121872, 0.2568112909793854, -0.9478912949562073), (0.3698488175868988, 0.2568112909793854, -0.8928940892219543), (0.3826834261417389, 0.0, -0.9238795042037964), (0.3826834261417389, 0.0, -0.9238795042037964), (0.3698488175868988, 0.2568112909793854, -0.8928940892219543), (0.5369372963905334, 0.2568112909793854, -0.8035834431648254), (0.5555702447891235, 0.0, -0.8314695954322815), (0.5555702447891235, 0.0, -0.8314695954322815), (0.5369372963905334, 0.2568112909793854, -0.8035834431648254), (0.6833915114402771, 0.2568112909793854, -0.6833915114402771), (0.7071067690849304, 0.0, -0.7071067690849304), (0.7071067690849304, 0.0, -0.7071067690849304), (0.6833915114402771, 0.2568112909793854, -0.6833915114402771), (0.8035834431648254, 0.2568112909793854, -0.5369372963905334), (0.8314695954322815, 0.0, -0.5555702447891235), (0.8314695954322815, 0.0, -0.5555702447891235), (0.8035834431648254, 0.2568112909793854, -0.5369372963905334), (0.8928940892219543, 0.2568112909793854, -0.3698488175868988), (0.9238795042037964, 0.0, -0.3826834261417389), (0.9238795042037964, 0.0, -0.3826834261417389), (0.8928940892219543, 0.2568112909793854, -0.3698488175868988), (0.9478912949562073, 0.2568112909793854, -0.1885472983121872), (0.9807852506637573, 0.0, -0.19509032368659973), (0.9807852506637573, 0.0, -0.19509032368659973), (0.9478912949562073, 0.2568112909793854, -0.1885472983121872), (0.9664615392684937, 0.2568112909793854, 0.0), (1.0, 0.0, 0.0), (1.0, 0.0, 0.0), (0.9664615392684937, 0.2568112909793854, 0.0), (0.9478912949562073, 0.2568112909793854, 0.1885472983121872), (0.9807852506637573, 0.0, 0.19509032368659973), (0.9807852506637573, 0.0, 0.19509032368659973), (0.9478912949562073, 0.2568112909793854, 0.1885472983121872), (0.8928940892219543, 0.2568112909793854, 0.3698488175868988), (0.9238795042037964, 0.0, 0.3826834261417389), (0.9238795042037964, 0.0, 0.3826834261417389), (0.8928940892219543, 0.2568112909793854, 0.3698488175868988), (0.8035834431648254, 0.2568112909793854, 0.5369372963905334), (0.8314695954322815, 0.0, 0.5555702447891235), (0.8314695954322815, 0.0, 0.5555702447891235), (0.8035834431648254, 0.2568112909793854, 0.5369372963905334), (0.6833915114402771, 0.2568112909793854, 0.6833915114402771), (0.7071067690849304, 0.0, 0.7071067690849304), (0.7071067690849304, 0.0, 0.7071067690849304), (0.6833915114402771, 0.2568112909793854, 0.6833915114402771), (0.5369372963905334, 0.2568112909793854, 0.8035834431648254), (0.5555702447891235, 0.0, 0.8314695954322815), (0.5555702447891235, 0.0, 0.8314695954322815), (0.5369372963905334, 0.2568112909793854, 0.8035834431648254), (0.3698488175868988, 0.2568112909793854, 0.8928940892219543), (0.3826834261417389, 0.0, 0.9238795042037964), (0.3826834261417389, 0.0, 0.9238795042037964), (0.3698488175868988, 0.2568112909793854, 0.8928940892219543), (0.1885472983121872, 0.2568112909793854, 0.9478912949562073), (0.19509032368659973, 0.0, 0.9807852506637573), (0.19509032368659973, 0.0, 0.9807852506637573), (0.1885472983121872, 0.2568112909793854, 0.9478912949562073), (0.0, 0.2568112909793854, 0.9664615392684937), (0.0, 0.0, 1.0), (0.0, 0.0, 1.0), (0.0, 0.2568112909793854, 0.9664615392684937), (-0.1885472983121872, 0.2568112909793854, 0.9478912949562073), (-0.19509032368659973, 0.0, 0.9807852506637573), (-0.19509032368659973, 0.0, 0.9807852506637573), (-0.1885472983121872, 0.2568112909793854, 0.9478912949562073), (-0.3698488175868988, 0.2568112909793854, 0.8928940892219543), (-0.3826834261417389, 0.0, 0.9238795042037964), (-0.3826834261417389, 0.0, 0.9238795042037964), (-0.3698488175868988, 0.2568112909793854, 0.8928940892219543), (-0.5369372963905334, 0.2568112909793854, 0.8035834431648254), (-0.5555702447891235, 0.0, 0.8314695954322815), (-0.5555702447891235, 0.0, 0.8314695954322815), (-0.5369372963905334, 0.2568112909793854, 0.8035834431648254), (-0.6833915114402771, 0.2568112909793854, 0.6833915114402771), (-0.7071067690849304, 0.0, 0.7071067690849304), (-0.7071067690849304, 0.0, 0.7071067690849304), (-0.6833915114402771, 0.2568112909793854, 0.6833915114402771), (-0.8035834431648254, 0.2568112909793854, 0.5369372963905334), (-0.8314695954322815, 0.0, 0.5555702447891235), (-0.8314695954322815, 0.0, 0.5555702447891235), (-0.8035834431648254, 0.2568112909793854, 0.5369372963905334), (-0.8928940892219543, 0.2568112909793854, 0.3698488175868988), (-0.9238795042037964, 0.0, 0.3826834261417389), (-0.9238795042037964, 0.0, 0.3826834261417389), (-0.8928940892219543, 0.2568112909793854, 0.3698488175868988), (-0.9478912949562073, 0.2568112909793854, 0.1885472983121872), (-0.9807852506637573, 0.0, 0.19509032368659973), (-0.9807852506637573, 0.0, 0.19509032368659973), (-0.9478912949562073, 0.2568112909793854, 0.1885472983121872), (-0.9664615392684937, 0.2568112909793854, 0.0), (-1.0, 0.0, 0.0), (-0.9664615392684937, 0.2568112909793854, 0.0), (-0.8682519197463989, 0.4961235523223877, 0.0), (-0.8515686988830566, 0.4961235523223877, -0.169387549161911), (-0.9478912949562073, 0.2568112909793854, -0.1885472983121872), (-0.9478912949562073, 0.2568112909793854, -0.1885472983121872), (-0.8515686988830566, 0.4961235523223877, -0.169387549161911), (-0.8021602034568787, 0.4961235523223877, -0.33226561546325684), (-0.8928940892219543, 0.2568112909793854, -0.3698488175868988), (-0.8928940892219543, 0.2568112909793854, -0.3698488175868988), (-0.8021602034568787, 0.4961235523223877, -0.33226561546325684), (-0.7219250798225403, 0.4961235523223877, -0.4823749363422394), (-0.8035834431648254, 0.2568112909793854, -0.5369372963905334), (-0.8035834431648254, 0.2568112909793854, -0.5369372963905334), (-0.7219250798225403, 0.4961235523223877, -0.4823749363422394), (-0.6139468550682068, 0.4961235523223877, -0.6139468550682068), (-0.6833915114402771, 0.2568112909793854, -0.6833915114402771), (-0.6833915114402771, 0.2568112909793854, -0.6833915114402771), (-0.6139468550682068, 0.4961235523223877, -0.6139468550682068), (-0.4823749363422394, 0.4961235523223877, -0.7219250798225403), (-0.5369372963905334, 0.2568112909793854, -0.8035834431648254), (-0.5369372963905334, 0.2568112909793854, -0.8035834431648254), (-0.4823749363422394, 0.4961235523223877, -0.7219250798225403), (-0.33226561546325684, 0.4961235523223877, -0.8021602034568787), (-0.3698488175868988, 0.2568112909793854, -0.8928940892219543), (-0.3698488175868988, 0.2568112909793854, -0.8928940892219543), (-0.33226561546325684, 0.4961235523223877, -0.8021602034568787), (-0.169387549161911, 0.4961235523223877, -0.8515686988830566), (-0.1885472983121872, 0.2568112909793854, -0.9478912949562073), (-0.1885472983121872, 0.2568112909793854, -0.9478912949562073), (-0.169387549161911, 0.4961235523223877, -0.8515686988830566), (0.0, 0.4961235523223877, -0.8682519197463989), (0.0, 0.2568112909793854, -0.9664615392684937), (0.0, 0.2568112909793854, -0.9664615392684937), (0.0, 0.4961235523223877, -0.8682519197463989), (0.169387549161911, 0.4961235523223877, -0.8515686988830566), (0.1885472983121872, 0.2568112909793854, -0.9478912949562073), (0.1885472983121872, 0.2568112909793854, -0.9478912949562073), (0.169387549161911, 0.4961235523223877, -0.8515686988830566), (0.33226561546325684, 0.4961235523223877, -0.8021602034568787), (0.3698488175868988, 0.2568112909793854, -0.8928940892219543), (0.3698488175868988, 0.2568112909793854, -0.8928940892219543), (0.33226561546325684, 0.4961235523223877, -0.8021602034568787), (0.4823749363422394, 0.4961235523223877, -0.7219250798225403), (0.5369372963905334, 0.2568112909793854, -0.8035834431648254), (0.5369372963905334, 0.2568112909793854, -0.8035834431648254), (0.4823749363422394, 0.4961235523223877, -0.7219250798225403), (0.6139468550682068, 0.4961235523223877, -0.6139468550682068), (0.6833915114402771, 0.2568112909793854, -0.6833915114402771), (0.6833915114402771, 0.2568112909793854, -0.6833915114402771), (0.6139468550682068, 0.4961235523223877, -0.6139468550682068), (0.7219250798225403, 0.4961235523223877, -0.4823749363422394), (0.8035834431648254, 0.2568112909793854, -0.5369372963905334), (0.8035834431648254, 0.2568112909793854, -0.5369372963905334), (0.7219250798225403, 0.4961235523223877, -0.4823749363422394), (0.8021602034568787, 0.4961235523223877, -0.33226561546325684), (0.8928940892219543, 0.2568112909793854, -0.3698488175868988), (0.8928940892219543, 0.2568112909793854, -0.3698488175868988), (0.8021602034568787, 0.4961235523223877, -0.33226561546325684), (0.8515686988830566, 0.4961235523223877, -0.169387549161911), (0.9478912949562073, 0.2568112909793854, -0.1885472983121872), (0.9478912949562073, 0.2568112909793854, -0.1885472983121872), (0.8515686988830566, 0.4961235523223877, -0.169387549161911), (0.8682519197463989, 0.4961235523223877, 0.0), (0.9664615392684937, 0.2568112909793854, 0.0), (0.9664615392684937, 0.2568112909793854, 0.0), (0.8682519197463989, 0.4961235523223877, 0.0), (0.8515686988830566, 0.4961235523223877, 0.169387549161911), (0.9478912949562073, 0.2568112909793854, 0.1885472983121872), (0.9478912949562073, 0.2568112909793854, 0.1885472983121872), (0.8515686988830566, 0.4961235523223877, 0.169387549161911), (0.8021602034568787, 0.4961235523223877, 0.33226561546325684), (0.8928940892219543, 0.2568112909793854, 0.3698488175868988), (0.8928940892219543, 0.2568112909793854, 0.3698488175868988), (0.8021602034568787, 0.4961235523223877, 0.33226561546325684), (0.7219250798225403, 0.4961235523223877, 0.4823749363422394), (0.8035834431648254, 0.2568112909793854, 0.5369372963905334), (0.8035834431648254, 0.2568112909793854, 0.5369372963905334), (0.7219250798225403, 0.4961235523223877, 0.4823749363422394), (0.6139468550682068, 0.4961235523223877, 0.6139468550682068), (0.6833915114402771, 0.2568112909793854, 0.6833915114402771), (0.6833915114402771, 0.2568112909793854, 0.6833915114402771), (0.6139468550682068, 0.4961235523223877, 0.6139468550682068), (0.4823749363422394, 0.4961235523223877, 0.7219250798225403), (0.5369372963905334, 0.2568112909793854, 0.8035834431648254), (0.5369372963905334, 0.2568112909793854, 0.8035834431648254), (0.4823749363422394, 0.4961235523223877, 0.7219250798225403), (0.33226561546325684, 0.4961235523223877, 0.8021602034568787), (0.3698488175868988, 0.2568112909793854, 0.8928940892219543), (0.3698488175868988, 0.2568112909793854, 0.8928940892219543), (0.33226561546325684, 0.4961235523223877, 0.8021602034568787), (0.169387549161911, 0.4961235523223877, 0.8515686988830566), (0.1885472983121872, 0.2568112909793854, 0.9478912949562073), (0.1885472983121872, 0.2568112909793854, 0.9478912949562073), (0.169387549161911, 0.4961235523223877, 0.8515686988830566), (0.0, 0.4961235523223877, 0.8682519197463989), (0.0, 0.2568112909793854, 0.9664615392684937), (0.0, 0.2568112909793854, 0.9664615392684937), (0.0, 0.4961235523223877, 0.8682519197463989), (-0.169387549161911, 0.4961235523223877, 0.8515686988830566), (-0.1885472983121872, 0.2568112909793854, 0.9478912949562073), (-0.1885472983121872, 0.2568112909793854, 0.9478912949562073), (-0.169387549161911, 0.4961235523223877, 0.8515686988830566), (-0.33226561546325684, 0.4961235523223877, 0.8021602034568787), (-0.3698488175868988, 0.2568112909793854, 0.8928940892219543), (-0.3698488175868988, 0.2568112909793854, 0.8928940892219543), (-0.33226561546325684, 0.4961235523223877, 0.8021602034568787), (-0.4823749363422394, 0.4961235523223877, 0.7219250798225403), (-0.5369372963905334, 0.2568112909793854, 0.8035834431648254), (-0.5369372963905334, 0.2568112909793854, 0.8035834431648254), (-0.4823749363422394, 0.4961235523223877, 0.7219250798225403), (-0.6139468550682068, 0.4961235523223877, 0.6139468550682068), (-0.6833915114402771, 0.2568112909793854, 0.6833915114402771), (-0.6833915114402771, 0.2568112909793854, 0.6833915114402771), (-0.6139468550682068, 0.4961235523223877, 0.6139468550682068), (-0.7219250798225403, 0.4961235523223877, 0.4823749363422394), (-0.8035834431648254, 0.2568112909793854, 0.5369372963905334), (-0.8035834431648254, 0.2568112909793854, 0.5369372963905334), (-0.7219250798225403, 0.4961235523223877, 0.4823749363422394), (-0.8021602034568787, 0.4961235523223877, 0.33226561546325684), (-0.8928940892219543, 0.2568112909793854, 0.3698488175868988), (-0.8928940892219543, 0.2568112909793854, 0.3698488175868988), (-0.8021602034568787, 0.4961235523223877, 0.33226561546325684), (-0.8515686988830566, 0.4961235523223877, 0.169387549161911), (-0.9478912949562073, 0.2568112909793854, 0.1885472983121872), (-0.9478912949562073, 0.2568112909793854, 0.1885472983121872), (-0.8515686988830566, 0.4961235523223877, 0.169387549161911), (-0.8682519197463989, 0.4961235523223877, 0.0), (-0.9664615392684937, 0.2568112909793854, 0.0), (0.0, -1.0, 0.0), (0.0, -1.0, 0.0), (0.0, -1.0, 0.0), (0.0, -1.0, 0.0), (0.0, -1.0, 0.0), (0.0, -1.0, 0.0), (0.0, -1.0, 0.0), (0.0, -1.0, 0.0), (0.0, -1.0, 0.0), (0.0, -1.0, 0.0), (0.0, -1.0, 0.0), (0.0, -1.0, 0.0), (0.0, -1.0, 0.0), (0.0, -1.0, 0.0), (0.0, -1.0, 0.0), (0.0, -1.0, 0.0), (0.0, -1.0, 0.0), (0.0, -1.0, 0.0), (0.0, -1.0, 0.0), (0.0, -1.0, 0.0), (0.0, -1.0, 0.0), (0.0, -1.0, 0.0), (0.0, -1.0, 0.0), (0.0, -1.0, 0.0), (0.0, -1.0, 0.0), (0.0, -1.0, 0.0), (0.0, -1.0, 0.0), (0.0, -1.0, 0.0), (0.0, -1.0, 0.0), (0.0, -1.0, 0.0), (0.0, -1.0, 0.0), (0.0, -1.0, 0.0), (0.0, -1.0, 0.0), (0.0, -1.0, 0.0), (0.0, -1.0, 0.0), (0.0, -1.0, 0.0), (0.0, -1.0, 0.0), (0.0, -1.0, 0.0), (0.0, -1.0, 0.0), (0.0, -1.0, 0.0), (0.0, -1.0, 0.0), (0.0, -1.0, 0.0), (0.0, -1.0, 0.0), (0.0, -1.0, 0.0), (0.0, -1.0, 0.0), (0.0, -1.0, 0.0), (0.0, -1.0, 0.0), (0.0, -1.0, 0.0), (0.0, -1.0, 0.0), (0.0, -1.0, 0.0), (0.0, -1.0, 0.0), (0.0, -1.0, 0.0), (0.0, -1.0, 0.0), (0.0, -1.0, 0.0), (0.0, -1.0, 0.0), (0.0, -1.0, 0.0), (0.0, -1.0, 0.0), (0.0, -1.0, 0.0), (0.0, -1.0, 0.0), (0.0, -1.0, 0.0), (0.0, -1.0, 0.0), (0.0, -1.0, 0.0), (0.0, -1.0, 0.0), (0.0, -1.0, 0.0), (0.0, -1.0, 0.0), (0.0, -1.0, 0.0), (0.0, -1.0, 0.0), (0.0, -1.0, 0.0), (0.0, -1.0, 0.0), (0.0, -1.0, 0.0), (0.0, -1.0, 0.0), (0.0, -1.0, 0.0), (0.0, -1.0, 0.0), (0.0, -1.0, 0.0), (0.0, -1.0, 0.0), (0.0, -1.0, 0.0), (0.0, -1.0, 0.0), (0.0, -1.0, 0.0), (0.0, -1.0, 0.0), (0.0, -1.0, 0.0), (0.0, -1.0, 0.0), (0.0, -1.0, 0.0), (0.0, -1.0, 0.0), (0.0, -1.0, 0.0), (0.0, -1.0, 0.0), (0.0, -1.0, 0.0), (0.0, -1.0, 0.0), (0.0, -1.0, 0.0), (0.0, -1.0, 0.0), (0.0, -1.0, 0.0), (0.0, -1.0, 0.0), (0.0, -1.0, 0.0), (0.0, -1.0, 0.0), (0.0, -1.0, 0.0), (0.0, -1.0, 0.0), (0.0, -1.0, 0.0), (0.0, -1.0, 0.0), (0.0, -1.0, 0.0), (0.0, -1.0, 0.0), (0.0, -1.0, 0.0), (0.0, -1.0, 0.0), (0.0, -1.0, 0.0), (0.0, -1.0, 0.0), (0.0, -1.0, 0.0), (0.0, -1.0, 0.0), (0.0, -1.0, 0.0), (0.0, -1.0, 0.0), (0.0, -1.0, 0.0), (0.0, -1.0, 0.0), (0.0, -1.0, 0.0), (0.0, -1.0, 0.0), (0.0, -1.0, 0.0), (0.0, -1.0, 0.0), (0.0, -1.0, 0.0), (0.0, -1.0, 0.0), (0.0, -1.0, 0.0), (0.0, -1.0, 0.0), (0.0, -1.0, 0.0), (0.0, -1.0, 0.0), (0.0, -1.0, 0.0), (0.0, -1.0, 0.0), (0.0, -1.0, 0.0), (0.0, -1.0, 0.0), (0.0, -1.0, 0.0), (0.0, -1.0, 0.0), (0.0, -1.0, 0.0), (0.0, -1.0, 0.0), (0.0, -1.0, 0.0)]
        uniform token orientation = "rightHanded"
        uniform token subdivisionScheme = "none"
        uniform bool doubleSided = false
        uniform token purpose = "render"
        bool physics:collisionEnabled = false
        color3f[] primvars:displayColor = [(0.20000000298023224, 0.2199999988079071, 0.25)]
        custom rel material:binding = </World/Looks/Nozzle_Mat>
    }
    def Xform "Exhaust"
    {
        custom double3 xformOp:translate = (0.0, -0.042, 0.0)
        custom token[] xformOpOrder = ["xformOp:translate"]
    }
    def Cylinder "FuelValve" (
        prepend apiSchemas = "PhysicsCollisionAPI"
    )
    {
        custom double3 xformOp:translate = (-0.012, 0.139, 0.0)
        uniform token[] xformOpOrder = ["xformOp:translate", "xformOp:rotateXYZ"]
        custom double3 xformOp:rotateXYZ = (0.0, 0.0, 45.0)
        double radius = 0.0065
        double height = 0.028
        uniform token axis = "Y"
        float3[] extent = [(-0.006500000134110451, -0.014000000432133675, -0.006500000134110451), (0.006500000134110451, 0.014000000432133675, 0.006500000134110451)]
        bool physics:collisionEnabled = false
        uniform token purpose = "render"
        color3f[] primvars:displayColor = [(0.6800000071525574, 0.7099999785423279, 0.7300000190734863)]
    }
    def Cylinder "FuelInlet" (
        prepend apiSchemas = "PhysicsCollisionAPI"
    )
    {
        custom double3 xformOp:translate = (-0.034, 0.161, 0.0)
        uniform token[] xformOpOrder = ["xformOp:translate", "xformOp:rotateXYZ"]
        custom double3 xformOp:rotateXYZ = (0.0, 0.0, 45.0)
        double radius = 0.0025
        double height = 0.03
        uniform token axis = "Y"
        float3[] extent = [(-0.0024999999441206455, -0.014999999664723873, -0.0024999999441206455), (0.0024999999441206455, 0.014999999664723873, 0.0024999999441206455)]
        bool physics:collisionEnabled = false
        uniform token purpose = "render"
        color3f[] primvars:displayColor = [(0.6800000071525574, 0.7099999785423279, 0.7300000190734863)]
    }
    def Cylinder "OxidizerValve" (
        prepend apiSchemas = "PhysicsCollisionAPI"
    )
    {
        custom double3 xformOp:translate = (0.012, 0.139, 0.0)
        uniform token[] xformOpOrder = ["xformOp:translate", "xformOp:rotateXYZ"]
        custom double3 xformOp:rotateXYZ = (0.0, 0.0, -45.0)
        double radius = 0.0065
        double height = 0.028
        uniform token axis = "Y"
        float3[] extent = [(-0.006500000134110451, -0.014000000432133675, -0.006500000134110451), (0.006500000134110451, 0.014000000432133675, 0.006500000134110451)]
        bool physics:collisionEnabled = false
        uniform token purpose = "render"
        color3f[] primvars:displayColor = [(0.6800000071525574, 0.7099999785423279, 0.7300000190734863)]
    }
    def Cylinder "OxidizerInlet" (
        prepend apiSchemas = "PhysicsCollisionAPI"
    )
    {
        custom double3 xformOp:translate = (0.034, 0.161, 0.0)
        uniform token[] xformOpOrder = ["xformOp:translate", "xformOp:rotateXYZ"]
        custom double3 xformOp:rotateXYZ = (0.0, 0.0, -45.0)
        double radius = 0.0025
        double height = 0.03
        uniform token axis = "Y"
        float3[] extent = [(-0.0024999999441206455, -0.014999999664723873, -0.0024999999441206455), (0.0024999999441206455, 0.014999999664723873, 0.0024999999441206455)]
        bool physics:collisionEnabled = false
        uniform token purpose = "render"
        color3f[] primvars:displayColor = [(0.6800000071525574, 0.7099999785423279, 0.7300000190734863)]
    }
}
