#usda 1.0
(
    defaultPrim = "EngineBell"
    upAxis = "Y"
    metersPerUnit = 1.0
)

def Xform "EngineBell" (
    kind = "component"
    prepend references = @lunco://components/propulsion/rocket_engine_visual.usda@</Engine>
)
{
    def Xform "Exhaust"
    {
        custom double3 xformOp:translate = (0.0, -0.26, 0.0)
        custom token[] xformOpOrder = ["xformOp:translate"]
    }
    def Mesh "Bell" (
        prepend apiSchemas = ["PhysicsCollisionAPI", "MaterialBindingAPI"]
    )
    {
        point3f[] points = [(0.036043595522642136, 0.25999999046325684, 0.0), (0.03573523834347725, 0.25999999046325684, 0.004704633262008429), (0.03481544181704521, 0.25999999046325684, 0.009328769519925117), (0.03329994156956673, 0.25999999046325684, 0.013793287798762321), (0.031214671209454536, 0.25999999046325684, 0.018021797761321068), (0.02859530784189701, 0.25999999046325684, 0.021941952407360077), (0.025486672297120094, 0.25999999046325684, 0.025486672297120094), (0.021941952407360077, 0.25999999046325684, 0.02859530784189701), (0.018021797761321068, 0.25999999046325684, 0.031214671209454536), (0.013793287798762321, 0.25999999046325684, 0.03329994156956673), (0.009328769519925117, 0.25999999046325684, 0.03481544181704521), (0.004704633262008429, 0.25999999046325684, 0.03573523834347725), (0.0, 0.25999999046325684, 0.036043595522642136), (-0.004704633262008429, 0.25999999046325684, 0.03573523834347725), (-0.009328769519925117, 0.25999999046325684, 0.03481544181704521), (-0.013793287798762321, 0.25999999046325684, 0.03329994156956673), (-0.018021797761321068, 0.25999999046325684, 0.031214671209454536), (-0.021941952407360077, 0.25999999046325684, 0.02859530784189701), (-0.025486672297120094, 0.25999999046325684, 0.025486672297120094), (-0.02859530784189701, 0.25999999046325684, 0.021941952407360077), (-0.031214671209454536, 0.25999999046325684, 0.018021797761321068), (-0.03329994156956673, 0.25999999046325684, 0.013793287798762321), (-0.03481544181704521, 0.25999999046325684, 0.009328769519925117), (-0.03573523834347725, 0.25999999046325684, 0.004704633262008429), (-0.036043595522642136, 0.25999999046325684, 0.0), (-0.03573523834347725, 0.25999999046325684, -0.004704633262008429), (-0.03481544181704521, 0.25999999046325684, -0.009328769519925117), (-0.03329994156956673, 0.25999999046325684, -0.013793287798762321), (-0.031214671209454536, 0.25999999046325684, -0.018021797761321068), (-0.02859530784189701, 0.25999999046325684, -0.021941952407360077), (-0.025486672297120094, 0.25999999046325684, -0.025486672297120094), (-0.021941952407360077, 0.25999999046325684, -0.02859530784189701), (-0.018021797761321068, 0.25999999046325684, -0.031214671209454536), (-0.013793287798762321, 0.25999999046325684, -0.03329994156956673), (-0.009328769519925117, 0.25999999046325684, -0.03481544181704521), (-0.004704633262008429, 0.25999999046325684, -0.03573523834347725), (0.0, 0.25999999046325684, -0.036043595522642136), (0.004704633262008429, 0.25999999046325684, -0.03573523834347725), (0.009328769519925117, 0.25999999046325684, -0.03481544181704521), (0.013793287798762321, 0.25999999046325684, -0.03329994156956673), (0.018021797761321068, 0.25999999046325684, -0.031214671209454536), (0.021941952407360077, 0.25999999046325684, -0.02859530784189701), (0.025486672297120094, 0.25999999046325684, -0.025486672297120094), (0.02859530784189701, 0.25999999046325684, -0.021941952407360077), (0.031214671209454536, 0.25999999046325684, -0.018021797761321068), (0.03329994156956673, 0.25999999046325684, -0.013793287798762321), (0.03481544181704521, 0.25999999046325684, -0.009328769519925117), (0.03573523834347725, 0.25999999046325684, -0.004704633262008429), (0.050156641751527786, 0.2579687535762787, 0.0), (0.04972754418849945, 0.2579687535762787, 0.006546755321323872), (0.04844759777188301, 0.2579687535762787, 0.012981493957340717), (0.04633869603276253, 0.2579687535762787, 0.019194116815924644), (0.0434369258582592, 0.2579687535762787, 0.025078320875763893), (0.03979193791747093, 0.2579687535762787, 0.030533429235219955), (0.03546610102057457, 0.2579687535762787, 0.03546610102057457), (0.030533429235219955, 0.2579687535762787, 0.03979193791747093), (0.025078320875763893, 0.2579687535762787, 0.0434369258582592), (0.019194116815924644, 0.2579687535762787, 0.04633869603276253), (0.012981493957340717, 0.2579687535762787, 0.04844759777188301), (0.006546755321323872, 0.2579687535762787, 0.04972754418849945), (0.0, 0.2579687535762787, 0.050156641751527786), (-0.006546755321323872, 0.2579687535762787, 0.04972754418849945), (-0.012981493957340717, 0.2579687535762787, 0.04844759777188301), (-0.019194116815924644, 0.2579687535762787, 0.04633869603276253), (-0.025078320875763893, 0.2579687535762787, 0.0434369258582592), (-0.030533429235219955, 0.2579687535762787, 0.03979193791747093), (-0.03546610102057457, 0.2579687535762787, 0.03546610102057457), (-0.03979193791747093, 0.2579687535762787, 0.030533429235219955), (-0.0434369258582592, 0.2579687535762787, 0.025078320875763893), (-0.04633869603276253, 0.2579687535762787, 0.019194116815924644), (-0.04844759777188301, 0.2579687535762787, 0.012981493957340717), (-0.04972754418849945, 0.2579687535762787, 0.006546755321323872), (-0.050156641751527786, 0.2579687535762787, 0.0), (-0.04972754418849945, 0.2579687535762787, -0.006546755321323872), (-0.04844759777188301, 0.2579687535762787, -0.012981493957340717), (-0.04633869603276253, 0.2579687535762787, -0.019194116815924644), (-0.0434369258582592, 0.2579687535762787, -0.025078320875763893), (-0.03979193791747093, 0.2579687535762787, -0.030533429235219955), (-0.03546610102057457, 0.2579687535762787, -0.03546610102057457), (-0.030533429235219955, 0.2579687535762787, -0.03979193791747093), (-0.025078320875763893, 0.2579687535762787, -0.0434369258582592), (-0.019194116815924644, 0.2579687535762787, -0.04633869603276253), (-0.012981493957340717, 0.2579687535762787, -0.04844759777188301), (-0.006546755321323872, 0.2579687535762787, -0.04972754418849945), (0.0, 0.2579687535762787, -0.050156641751527786), (0.006546755321323872, 0.2579687535762787, -0.04972754418849945), (0.012981493957340717, 0.2579687535762787, -0.04844759777188301), (0.019194116815924644, 0.2579687535762787, -0.04633869603276253), (0.025078320875763893, 0.2579687535762787, -0.0434369258582592), (0.030533429235219955, 0.2579687535762787, -0.03979193791747093), (0.03546610102057457, 0.2579687535762787, -0.03546610102057457), (0.03979193791747093, 0.2579687535762787, -0.030533429235219955), (0.0434369258582592, 0.2579687535762787, -0.025078320875763893), (0.04633869603276253, 0.2579687535762787, -0.019194116815924644), (0.04844759777188301, 0.2579687535762787, -0.012981493957340717), (0.04972754418849945, 0.2579687535762787, -0.006546755321323872), (0.0662955716252327, 0.25187501311302185, 0.0), (0.06572840362787247, 0.25187501311302185, 0.008653308264911175), (0.06403660774230957, 0.25187501311302185, 0.01715855672955513), (0.06124912202358246, 0.25187501311302185, 0.025370217859745026), (0.057413648813962936, 0.25187501311302185, 0.03314778581261635), (0.05259581282734871, 0.25187501311302185, 0.04035818576812744), (0.04687804728746414, 0.25187501311302185, 0.04687804728746414), (0.04035818576812744, 0.25187501311302185, 0.05259581282734871), (0.03314778581261635, 0.25187501311302185, 0.057413648813962936), (0.025370217859745026, 0.25187501311302185, 0.06124912202358246), (0.01715855672955513, 0.25187501311302185, 0.06403660774230957), (0.008653308264911175, 0.25187501311302185, 0.06572840362787247), (0.0, 0.25187501311302185, 0.0662955716252327), (-0.008653308264911175, 0.25187501311302185, 0.06572840362787247), (-0.01715855672955513, 0.25187501311302185, 0.06403660774230957), (-0.025370217859745026, 0.25187501311302185, 0.06124912202358246), (-0.03314778581261635, 0.25187501311302185, 0.057413648813962936), (-0.04035818576812744, 0.25187501311302185, 0.05259581282734871), (-0.04687804728746414, 0.25187501311302185, 0.04687804728746414), (-0.05259581282734871, 0.25187501311302185, 0.04035818576812744), (-0.057413648813962936, 0.25187501311302185, 0.03314778581261635), (-0.06124912202358246, 0.25187501311302185, 0.025370217859745026), (-0.06403660774230957, 0.25187501311302185, 0.01715855672955513), (-0.06572840362787247, 0.25187501311302185, 0.008653308264911175), (-0.0662955716252327, 0.25187501311302185, 0.0), (-0.06572840362787247, 0.25187501311302185, -0.008653308264911175), (-0.06403660774230957, 0.25187501311302185, -0.01715855672955513), (-0.06124912202358246, 0.25187501311302185, -0.025370217859745026), (-0.057413648813962936, 0.25187501311302185, -0.03314778581261635), (-0.05259581282734871, 0.25187501311302185, -0.04035818576812744), (-0.04687804728746414, 0.25187501311302185, -0.04687804728746414), (-0.04035818576812744, 0.25187501311302185, -0.05259581282734871), (-0.03314778581261635, 0.25187501311302185, -0.057413648813962936), (-0.025370217859745026, 0.25187501311302185, -0.06124912202358246), (-0.01715855672955513, 0.25187501311302185, -0.06403660774230957), (-0.008653308264911175, 0.25187501311302185, -0.06572840362787247), (0.0, 0.25187501311302185, -0.0662955716252327), (0.008653308264911175, 0.25187501311302185, -0.06572840362787247), (0.01715855672955513, 0.25187501311302185, -0.06403660774230957), (0.025370217859745026, 0.25187501311302185, -0.06124912202358246), (0.03314778581261635, 0.25187501311302185, -0.057413648813962936), (0.04035818576812744, 0.25187501311302185, -0.05259581282734871), (0.04687804728746414, 0.25187501311302185, -0.04687804728746414), (0.05259581282734871, 0.25187501311302185, -0.04035818576812744), (0.057413648813962936, 0.25187501311302185, -0.03314778581261635), (0.06124912202358246, 0.25187501311302185, -0.025370217859745026), (0.06403660774230957, 0.25187501311302185, -0.01715855672955513), (0.06572840362787247, 0.25187501311302185, -0.008653308264911175), (0.08329928666353226, 0.24171875417232513, 0.0), (0.08258665353059769, 0.24171875417232513, 0.010872739367187023), (0.08046093583106995, 0.24171875417232513, 0.021559441462159157), (0.07695850729942322, 0.24171875417232513, 0.03187725692987442), (0.07213930040597916, 0.24171875417232513, 0.04164964333176613), (0.06608577072620392, 0.24171875417232513, 0.05070939287543297), (0.05890149250626564, 0.24171875417232513, 0.05890149250626564), (0.05070939287543297, 0.24171875417232513, 0.06608577072620392), (0.04164964333176613, 0.24171875417232513, 0.07213930040597916), (0.03187725692987442, 0.24171875417232513, 0.07695850729942322), (0.021559441462159157, 0.24171875417232513, 0.08046093583106995), (0.010872739367187023, 0.24171875417232513, 0.08258665353059769), (0.0, 0.24171875417232513, 0.08329928666353226), (-0.010872739367187023, 0.24171875417232513, 0.08258665353059769), (-0.021559441462159157, 0.24171875417232513, 0.08046093583106995), (-0.03187725692987442, 0.24171875417232513, 0.07695850729942322), (-0.04164964333176613, 0.24171875417232513, 0.07213930040597916), (-0.05070939287543297, 0.24171875417232513, 0.06608577072620392), (-0.05890149250626564, 0.24171875417232513, 0.05890149250626564), (-0.06608577072620392, 0.24171875417232513, 0.05070939287543297), (-0.07213930040597916, 0.24171875417232513, 0.04164964333176613), (-0.07695850729942322, 0.24171875417232513, 0.03187725692987442), (-0.08046093583106995, 0.24171875417232513, 0.021559441462159157), (-0.08258665353059769, 0.24171875417232513, 0.010872739367187023), (-0.08329928666353226, 0.24171875417232513, 0.0), (-0.08258665353059769, 0.24171875417232513, -0.010872739367187023), (-0.08046093583106995, 0.24171875417232513, -0.021559441462159157), (-0.07695850729942322, 0.24171875417232513, -0.03187725692987442), (-0.07213930040597916, 0.24171875417232513, -0.04164964333176613), (-0.06608577072620392, 0.24171875417232513, -0.05070939287543297), (-0.05890149250626564, 0.24171875417232513, -0.05890149250626564), (-0.05070939287543297, 0.24171875417232513, -0.06608577072620392), (-0.04164964333176613, 0.24171875417232513, -0.07213930040597916), (-0.03187725692987442, 0.24171875417232513, -0.07695850729942322), (-0.021559441462159157, 0.24171875417232513, -0.08046093583106995), (-0.010872739367187023, 0.24171875417232513, -0.08258665353059769), (0.0, 0.24171875417232513, -0.08329928666353226), (0.010872739367187023, 0.24171875417232513, -0.08258665353059769), (0.021559441462159157, 0.24171875417232513, -0.08046093583106995), (0.03187725692987442, 0.24171875417232513, -0.07695850729942322), (0.04164964333176613, 0.24171875417232513, -0.07213930040597916), (0.05070939287543297, 0.24171875417232513, -0.06608577072620392), (0.05890149250626564, 0.24171875417232513, -0.05890149250626564), (0.06608577072620392, 0.24171875417232513, -0.05070939287543297), (0.07213930040597916, 0.24171875417232513, -0.04164964333176613), (0.07695850729942322, 0.24171875417232513, -0.03187725692987442), (0.08046093583106995, 0.24171875417232513, -0.021559441462159157), (0.08258665353059769, 0.24171875417232513, -0.010872739367187023), (0.10089012235403061, 0.22750000655651093, 0.0), (0.10002699494361877, 0.22750000655651093, 0.013168804347515106), (0.09745237976312637, 0.22750000655651093, 0.026112286373972893), (0.09321032464504242, 0.22750000655651093, 0.03860897943377495), (0.08737341314554214, 0.22750000655651093, 0.050445061177015305), (0.08004152029752731, 0.22750000655651093, 0.061418015509843826), (0.07134009152650833, 0.22750000655651093, 0.07134009152650833), (0.061418015509843826, 0.22750000655651093, 0.08004152029752731), (0.050445061177015305, 0.22750000655651093, 0.08737341314554214), (0.03860897943377495, 0.22750000655651093, 0.09321032464504242), (0.026112286373972893, 0.22750000655651093, 0.09745237976312637), (0.013168804347515106, 0.22750000655651093, 0.10002699494361877), (0.0, 0.22750000655651093, 0.10089012235403061), (-0.013168804347515106, 0.22750000655651093, 0.10002699494361877), (-0.026112286373972893, 0.22750000655651093, 0.09745237976312637), (-0.03860897943377495, 0.22750000655651093, 0.09321032464504242), (-0.050445061177015305, 0.22750000655651093, 0.08737341314554214), (-0.061418015509843826, 0.22750000655651093, 0.08004152029752731), (-0.07134009152650833, 0.22750000655651093, 0.07134009152650833), (-0.08004152029752731, 0.22750000655651093, 0.061418015509843826), (-0.08737341314554214, 0.22750000655651093, 0.050445061177015305), (-0.09321032464504242, 0.22750000655651093, 0.03860897943377495), (-0.09745237976312637, 0.22750000655651093, 0.026112286373972893), (-0.10002699494361877, 0.22750000655651093, 0.013168804347515106), (-0.10089012235403061, 0.22750000655651093, 0.0), (-0.10002699494361877, 0.22750000655651093, -0.013168804347515106), (-0.09745237976312637, 0.22750000655651093, -0.026112286373972893), (-0.09321032464504242, 0.22750000655651093, -0.03860897943377495), (-0.08737341314554214, 0.22750000655651093, -0.050445061177015305), (-0.08004152029752731, 0.22750000655651093, -0.061418015509843826), (-0.07134009152650833, 0.22750000655651093, -0.07134009152650833), (-0.061418015509843826, 0.22750000655651093, -0.08004152029752731), (-0.050445061177015305, 0.22750000655651093, -0.08737341314554214), (-0.03860897943377495, 0.22750000655651093, -0.09321032464504242), (-0.026112286373972893, 0.22750000655651093, -0.09745237976312637), (-0.013168804347515106, 0.22750000655651093, -0.10002699494361877), (0.0, 0.22750000655651093, -0.10089012235403061), (0.013168804347515106, 0.22750000655651093, -0.10002699494361877), (0.026112286373972893, 0.22750000655651093, -0.09745237976312637), (0.03860897943377495, 0.22750000655651093, -0.09321032464504242), (0.050445061177015305, 0.22750000655651093, -0.08737341314554214), (0.061418015509843826, 0.22750000655651093, -0.08004152029752731), (0.07134009152650833, 0.22750000655651093, -0.07134009152650833), (0.08004152029752731, 0.22750000655651093, -0.061418015509843826), (0.08737341314554214, 0.22750000655651093, -0.050445061177015305), (0.09321032464504242, 0.22750000655651093, -0.03860897943377495), (0.09745237976312637, 0.22750000655651093, -0.026112286373972893), (0.10002699494361877, 0.22750000655651093, -0.013168804347515106), (0.11893084645271301, 0.20921875536441803, 0.0), (0.1179133802652359, 0.20921875536441803, 0.015523591078817844), (0.11487837880849838, 0.20921875536441803, 0.030781568959355354), (0.10987778007984161, 0.20921875536441803, 0.04551286622881889), (0.10299713909626007, 0.20921875536441803, 0.059465423226356506), (0.09435418993234634, 0.20921875536441803, 0.0724005177617073), (0.08409681171178818, 0.20921875536441803, 0.08409681171178818), (0.0724005177617073, 0.20921875536441803, 0.09435418993234634), (0.059465423226356506, 0.20921875536441803, 0.10299713909626007), (0.04551286622881889, 0.20921875536441803, 0.10987778007984161), (0.030781568959355354, 0.20921875536441803, 0.11487837880849838), (0.015523591078817844, 0.20921875536441803, 0.1179133802652359), (0.0, 0.20921875536441803, 0.11893084645271301), (-0.015523591078817844, 0.20921875536441803, 0.1179133802652359), (-0.030781568959355354, 0.20921875536441803, 0.11487837880849838), (-0.04551286622881889, 0.20921875536441803, 0.10987778007984161), (-0.059465423226356506, 0.20921875536441803, 0.10299713909626007), (-0.0724005177617073, 0.20921875536441803, 0.09435418993234634), (-0.08409681171178818, 0.20921875536441803, 0.08409681171178818), (-0.09435418993234634, 0.20921875536441803, 0.0724005177617073), (-0.10299713909626007, 0.20921875536441803, 0.059465423226356506), (-0.10987778007984161, 0.20921875536441803, 0.04551286622881889), (-0.11487837880849838, 0.20921875536441803, 0.030781568959355354), (-0.1179133802652359, 0.20921875536441803, 0.015523591078817844), (-0.11893084645271301, 0.20921875536441803, 0.0), (-0.1179133802652359, 0.20921875536441803, -0.015523591078817844), (-0.11487837880849838, 0.20921875536441803, -0.030781568959355354), (-0.10987778007984161, 0.20921875536441803, -0.04551286622881889), (-0.10299713909626007, 0.20921875536441803, -0.059465423226356506), (-0.09435418993234634, 0.20921875536441803, -0.0724005177617073), (-0.08409681171178818, 0.20921875536441803, -0.08409681171178818), (-0.0724005177617073, 0.20921875536441803, -0.09435418993234634), (-0.059465423226356506, 0.20921875536441803, -0.10299713909626007), (-0.04551286622881889, 0.20921875536441803, -0.10987778007984161), (-0.030781568959355354, 0.20921875536441803, -0.11487837880849838), (-0.015523591078817844, 0.20921875536441803, -0.1179133802652359), (0.0, 0.20921875536441803, -0.11893084645271301), (0.015523591078817844, 0.20921875536441803, -0.1179133802652359), (0.030781568959355354, 0.20921875536441803, -0.11487837880849838), (0.04551286622881889, 0.20921875536441803, -0.10987778007984161), (0.059465423226356506, 0.20921875536441803, -0.10299713909626007), (0.0724005177617073, 0.20921875536441803, -0.09435418993234634), (0.08409681171178818, 0.20921875536441803, -0.08409681171178818), (0.09435418993234634, 0.20921875536441803, -0.0724005177617073), (0.10299713909626007, 0.20921875536441803, -0.059465423226356506), (0.10987778007984161, 0.20921875536441803, -0.04551286622881889), (0.11487837880849838, 0.20921875536441803, -0.030781568959355354), (0.1179133802652359, 0.20921875536441803, -0.015523591078817844), (0.13733838498592377, 0.18687500059604645, 0.0), (0.13616344332695007, 0.18687500059604645, 0.017926257103681564), (0.1326586902141571, 0.18687500059604645, 0.03554579243063927), (0.12688413262367249, 0.18687500059604645, 0.05255712568759918), (0.11893853545188904, 0.18687500059604645, 0.06866919249296188), (0.10895787179470062, 0.18687500059604645, 0.08360631763935089), (0.09711290895938873, 0.18687500059604645, 0.09711290895938873), (0.08360631763935089, 0.18687500059604645, 0.10895787179470062), (0.06866919249296188, 0.18687500059604645, 0.11893853545188904), (0.05255712568759918, 0.18687500059604645, 0.12688413262367249), (0.03554579243063927, 0.18687500059604645, 0.1326586902141571), (0.017926257103681564, 0.18687500059604645, 0.13616344332695007), (0.0, 0.18687500059604645, 0.13733838498592377), (-0.017926257103681564, 0.18687500059604645, 0.13616344332695007), (-0.03554579243063927, 0.18687500059604645, 0.1326586902141571), (-0.05255712568759918, 0.18687500059604645, 0.12688413262367249), (-0.06866919249296188, 0.18687500059604645, 0.11893853545188904), (-0.08360631763935089, 0.18687500059604645, 0.10895787179470062), (-0.09711290895938873, 0.18687500059604645, 0.09711290895938873), (-0.10895787179470062, 0.18687500059604645, 0.08360631763935089), (-0.11893853545188904, 0.18687500059604645, 0.06866919249296188), (-0.12688413262367249, 0.18687500059604645, 0.05255712568759918), (-0.1326586902141571, 0.18687500059604645, 0.03554579243063927), (-0.13616344332695007, 0.18687500059604645, 0.017926257103681564), (-0.13733838498592377, 0.18687500059604645, 0.0), (-0.13616344332695007, 0.18687500059604645, -0.017926257103681564), (-0.1326586902141571, 0.18687500059604645, -0.03554579243063927), (-0.12688413262367249, 0.18687500059604645, -0.05255712568759918), (-0.11893853545188904, 0.18687500059604645, -0.06866919249296188), (-0.10895787179470062, 0.18687500059604645, -0.08360631763935089), (-0.09711290895938873, 0.18687500059604645, -0.09711290895938873), (-0.08360631763935089, 0.18687500059604645, -0.10895787179470062), (-0.06866919249296188, 0.18687500059604645, -0.11893853545188904), (-0.05255712568759918, 0.18687500059604645, -0.12688413262367249), (-0.03554579243063927, 0.18687500059604645, -0.1326586902141571), (-0.017926257103681564, 0.18687500059604645, -0.13616344332695007), (0.0, 0.18687500059604645, -0.13733838498592377), (0.017926257103681564, 0.18687500059604645, -0.13616344332695007), (0.03554579243063927, 0.18687500059604645, -0.1326586902141571), (0.05255712568759918, 0.18687500059604645, -0.12688413262367249), (0.06866919249296188, 0.18687500059604645, -0.11893853545188904), (0.08360631763935089, 0.18687500059604645, -0.10895787179470062), (0.09711290895938873, 0.18687500059604645, -0.09711290895938873), (0.10895787179470062, 0.18687500059604645, -0.08360631763935089), (0.11893853545188904, 0.18687500059604645, -0.06866919249296188), (0.12688413262367249, 0.18687500059604645, -0.05255712568759918), (0.1326586902141571, 0.18687500059604645, -0.03554579243063927), (0.13616344332695007, 0.18687500059604645, -0.017926257103681564), (0.15605667233467102, 0.16046875715255737, 0.0), (0.15472158789634705, 0.16046875715255737, 0.020369483157992363), (0.1507391780614853, 0.16046875715255737, 0.040390439331531525), (0.14417757093906403, 0.16046875715255737, 0.05972030386328697), (0.1351490467786789, 0.16046875715255737, 0.07802833616733551), (0.12380808591842651, 0.16046875715255737, 0.09500128775835037), (0.11034873872995377, 0.16046875715255737, 0.11034873872995377), (0.09500128775835037, 0.16046875715255737, 0.12380808591842651), (0.07802833616733551, 0.16046875715255737, 0.1351490467786789), (0.05972030386328697, 0.16046875715255737, 0.14417757093906403), (0.040390439331531525, 0.16046875715255737, 0.1507391780614853), (0.020369483157992363, 0.16046875715255737, 0.15472158789634705), (0.0, 0.16046875715255737, 0.15605667233467102), (-0.020369483157992363, 0.16046875715255737, 0.15472158789634705), (-0.040390439331531525, 0.16046875715255737, 0.1507391780614853), (-0.05972030386328697, 0.16046875715255737, 0.14417757093906403), (-0.07802833616733551, 0.16046875715255737, 0.1351490467786789), (-0.09500128775835037, 0.16046875715255737, 0.12380808591842651), (-0.11034873872995377, 0.16046875715255737, 0.11034873872995377), (-0.12380808591842651, 0.16046875715255737, 0.09500128775835037), (-0.1351490467786789, 0.16046875715255737, 0.07802833616733551), (-0.14417757093906403, 0.16046875715255737, 0.05972030386328697), (-0.1507391780614853, 0.16046875715255737, 0.040390439331531525), (-0.15472158789634705, 0.16046875715255737, 0.020369483157992363), (-0.15605667233467102, 0.16046875715255737, 0.0), (-0.15472158789634705, 0.16046875715255737, -0.020369483157992363), (-0.1507391780614853, 0.16046875715255737, -0.040390439331531525), (-0.14417757093906403, 0.16046875715255737, -0.05972030386328697), (-0.1351490467786789, 0.16046875715255737, -0.07802833616733551), (-0.12380808591842651, 0.16046875715255737, -0.09500128775835037), (-0.11034873872995377, 0.16046875715255737, -0.11034873872995377), (-0.09500128775835037, 0.16046875715255737, -0.12380808591842651), (-0.07802833616733551, 0.16046875715255737, -0.1351490467786789), (-0.05972030386328697, 0.16046875715255737, -0.14417757093906403), (-0.040390439331531525, 0.16046875715255737, -0.1507391780614853), (-0.020369483157992363, 0.16046875715255737, -0.15472158789634705), (0.0, 0.16046875715255737, -0.15605667233467102), (0.020369483157992363, 0.16046875715255737, -0.15472158789634705), (0.040390439331531525, 0.16046875715255737, -0.1507391780614853), (0.05972030386328697, 0.16046875715255737, -0.14417757093906403), (0.07802833616733551, 0.16046875715255737, -0.1351490467786789), (0.09500128775835037, 0.16046875715255737, -0.12380808591842651), (0.11034873872995377, 0.16046875715255737, -0.11034873872995377), (0.12380808591842651, 0.16046875715255737, -0.09500128775835037), (0.1351490467786789, 0.16046875715255737, -0.07802833616733551), (0.14417757093906403, 0.16046875715255737, -0.05972030386328697), (0.1507391780614853, 0.16046875715255737, -0.040390439331531525), (0.15472158789634705, 0.16046875715255737, -0.020369483157992363), (0.1750451773405075, 0.12999999523162842, 0.0), (0.1735476404428482, 0.12999999523162842, 0.022847980260849), (0.16908065974712372, 0.12999999523162842, 0.045305024832487106), (0.1617206484079361, 0.12999999523162842, 0.06698688864707947), (0.15159356594085693, 0.12999999523162842, 0.08752258867025375), (0.1388726681470871, 0.12999999523162842, 0.10656075179576874), (0.12377563118934631, 0.12999999523162842, 0.12377563118934631), (0.10656075179576874, 0.12999999523162842, 0.1388726681470871), (0.08752258867025375, 0.12999999523162842, 0.15159356594085693), (0.06698688864707947, 0.12999999523162842, 0.1617206484079361), (0.045305024832487106, 0.12999999523162842, 0.16908065974712372), (0.022847980260849, 0.12999999523162842, 0.1735476404428482), (0.0, 0.12999999523162842, 0.1750451773405075), (-0.022847980260849, 0.12999999523162842, 0.1735476404428482), (-0.045305024832487106, 0.12999999523162842, 0.16908065974712372), (-0.06698688864707947, 0.12999999523162842, 0.1617206484079361), (-0.08752258867025375, 0.12999999523162842, 0.15159356594085693), (-0.10656075179576874, 0.12999999523162842, 0.1388726681470871), (-0.12377563118934631, 0.12999999523162842, 0.12377563118934631), (-0.1388726681470871, 0.12999999523162842, 0.10656075179576874), (-0.15159356594085693, 0.12999999523162842, 0.08752258867025375), (-0.1617206484079361, 0.12999999523162842, 0.06698688864707947), (-0.16908065974712372, 0.12999999523162842, 0.045305024832487106), (-0.1735476404428482, 0.12999999523162842, 0.022847980260849), (-0.1750451773405075, 0.12999999523162842, 0.0), (-0.1735476404428482, 0.12999999523162842, -0.022847980260849), (-0.16908065974712372, 0.12999999523162842, -0.045305024832487106), (-0.1617206484079361, 0.12999999523162842, -0.06698688864707947), (-0.15159356594085693, 0.12999999523162842, -0.08752258867025375), (-0.1388726681470871, 0.12999999523162842, -0.10656075179576874), (-0.12377563118934631, 0.12999999523162842, -0.12377563118934631), (-0.10656075179576874, 0.12999999523162842, -0.1388726681470871), (-0.08752258867025375, 0.12999999523162842, -0.15159356594085693), (-0.06698688864707947, 0.12999999523162842, -0.1617206484079361), (-0.045305024832487106, 0.12999999523162842, -0.16908065974712372), (-0.022847980260849, 0.12999999523162842, -0.1735476404428482), (0.0, 0.12999999523162842, -0.1750451773405075), (0.022847980260849, 0.12999999523162842, -0.1735476404428482), (0.045305024832487106, 0.12999999523162842, -0.16908065974712372), (0.06698688864707947, 0.12999999523162842, -0.1617206484079361), (0.08752258867025375, 0.12999999523162842, -0.15159356594085693), (0.10656075179576874, 0.12999999523162842, -0.1388726681470871), (0.12377563118934631, 0.12999999523162842, -0.12377563118934631), (0.1388726681470871, 0.12999999523162842, -0.10656075179576874), (0.15159356594085693, 0.12999999523162842, -0.08752258867025375), (0.1617206484079361, 0.12999999523162842, -0.06698688864707947), (0.16908065974712372, 0.12999999523162842, -0.045305024832487106), (0.1735476404428482, 0.12999999523162842, -0.022847980260849), (0.19427311420440674, 0.09546875208616257, 0.0), (0.19261108338832855, 0.09546875208616257, 0.02535773068666458), (0.18765342235565186, 0.09546875208616257, 0.0502815805375576), (0.17948494851589203, 0.09546875208616257, 0.07434510439634323), (0.16824544966220856, 0.09546875208616257, 0.09713655710220337), (0.15412722527980804, 0.09546875208616257, 0.11826597899198532), (0.13737183809280396, 0.09546875208616257, 0.13737183809280396), (0.11826597899198532, 0.09546875208616257, 0.15412722527980804), (0.09713655710220337, 0.09546875208616257, 0.16824544966220856), (0.07434510439634323, 0.09546875208616257, 0.17948494851589203), (0.0502815805375576, 0.09546875208616257, 0.18765342235565186), (0.02535773068666458, 0.09546875208616257, 0.19261108338832855), (0.0, 0.09546875208616257, 0.19427311420440674), (-0.02535773068666458, 0.09546875208616257, 0.19261108338832855), (-0.0502815805375576, 0.09546875208616257, 0.18765342235565186), (-0.07434510439634323, 0.09546875208616257, 0.17948494851589203), (-0.09713655710220337, 0.09546875208616257, 0.16824544966220856), (-0.11826597899198532, 0.09546875208616257, 0.15412722527980804), (-0.13737183809280396, 0.09546875208616257, 0.13737183809280396), (-0.15412722527980804, 0.09546875208616257, 0.11826597899198532), (-0.16824544966220856, 0.09546875208616257, 0.09713655710220337), (-0.17948494851589203, 0.09546875208616257, 0.07434510439634323), (-0.18765342235565186, 0.09546875208616257, 0.0502815805375576), (-0.19261108338832855, 0.09546875208616257, 0.02535773068666458), (-0.19427311420440674, 0.09546875208616257, 0.0), (-0.19261108338832855, 0.09546875208616257, -0.02535773068666458), (-0.18765342235565186, 0.09546875208616257, -0.0502815805375576), (-0.17948494851589203, 0.09546875208616257, -0.07434510439634323), (-0.16824544966220856, 0.09546875208616257, -0.09713655710220337), (-0.15412722527980804, 0.09546875208616257, -0.11826597899198532), (-0.13737183809280396, 0.09546875208616257, -0.13737183809280396), (-0.11826597899198532, 0.09546875208616257, -0.15412722527980804), (-0.09713655710220337, 0.09546875208616257, -0.16824544966220856), (-0.07434510439634323, 0.09546875208616257, -0.17948494851589203), (-0.0502815805375576, 0.09546875208616257, -0.18765342235565186), (-0.02535773068666458, 0.09546875208616257, -0.19261108338832855), (0.0, 0.09546875208616257, -0.19427311420440674), (0.02535773068666458, 0.09546875208616257, -0.19261108338832855), (0.0502815805375576, 0.09546875208616257, -0.18765342235565186), (0.07434510439634323, 0.09546875208616257, -0.17948494851589203), (0.09713655710220337, 0.09546875208616257, -0.16824544966220856), (0.11826597899198532, 0.09546875208616257, -0.15412722527980804), (0.13737183809280396, 0.09546875208616257, -0.13737183809280396), (0.15412722527980804, 0.09546875208616257, -0.11826597899198532), (0.16824544966220856, 0.09546875208616257, -0.09713655710220337), (0.17948494851589203, 0.09546875208616257, -0.07434510439634323), (0.18765342235565186, 0.09546875208616257, -0.0502815805375576), (0.19261108338832855, 0.09546875208616257, -0.02535773068666458), (0.2137163132429123, 0.05687500163912773, 0.0), (0.21188794076442719, 0.05687500163912773, 0.027895577251911163), (0.20643410086631775, 0.05687500163912773, 0.055313851684331894), (0.19744813442230225, 0.05687500163912773, 0.08178569376468658), (0.1850837618112564, 0.05687500163912773, 0.10685815662145615), (0.16955254971981049, 0.05687500163912773, 0.1301022469997406), (0.15112026035785675, 0.05687500163912773, 0.15112026035785675), (0.1301022469997406, 0.05687500163912773, 0.16955254971981049), (0.10685815662145615, 0.05687500163912773, 0.1850837618112564), (0.08178569376468658, 0.05687500163912773, 0.19744813442230225), (0.055313851684331894, 0.05687500163912773, 0.20643410086631775), (0.027895577251911163, 0.05687500163912773, 0.21188794076442719), (0.0, 0.05687500163912773, 0.2137163132429123), (-0.027895577251911163, 0.05687500163912773, 0.21188794076442719), (-0.055313851684331894, 0.05687500163912773, 0.20643410086631775), (-0.08178569376468658, 0.05687500163912773, 0.19744813442230225), (-0.10685815662145615, 0.05687500163912773, 0.1850837618112564), (-0.1301022469997406, 0.05687500163912773, 0.16955254971981049), (-0.15112026035785675, 0.05687500163912773, 0.15112026035785675), (-0.16955254971981049, 0.05687500163912773, 0.1301022469997406), (-0.1850837618112564, 0.05687500163912773, 0.10685815662145615), (-0.19744813442230225, 0.05687500163912773, 0.08178569376468658), (-0.20643410086631775, 0.05687500163912773, 0.055313851684331894), (-0.21188794076442719, 0.05687500163912773, 0.027895577251911163), (-0.2137163132429123, 0.05687500163912773, 0.0), (-0.21188794076442719, 0.05687500163912773, -0.027895577251911163), (-0.20643410086631775, 0.05687500163912773, -0.055313851684331894), (-0.19744813442230225, 0.05687500163912773, -0.08178569376468658), (-0.1850837618112564, 0.05687500163912773, -0.10685815662145615), (-0.16955254971981049, 0.05687500163912773, -0.1301022469997406), (-0.15112026035785675, 0.05687500163912773, -0.15112026035785675), (-0.1301022469997406, 0.05687500163912773, -0.16955254971981049), (-0.10685815662145615, 0.05687500163912773, -0.1850837618112564), (-0.08178569376468658, 0.05687500163912773, -0.19744813442230225), (-0.055313851684331894, 0.05687500163912773, -0.20643410086631775), (-0.027895577251911163, 0.05687500163912773, -0.21188794076442719), (0.0, 0.05687500163912773, -0.2137163132429123), (0.027895577251911163, 0.05687500163912773, -0.21188794076442719), (0.055313851684331894, 0.05687500163912773, -0.20643410086631775), (0.08178569376468658, 0.05687500163912773, -0.19744813442230225), (0.10685815662145615, 0.05687500163912773, -0.1850837618112564), (0.1301022469997406, 0.05687500163912773, -0.16955254971981049), (0.15112026035785675, 0.05687500163912773, -0.15112026035785675), (0.16955254971981049, 0.05687500163912773, -0.1301022469997406), (0.1850837618112564, 0.05687500163912773, -0.10685815662145615), (0.19744813442230225, 0.05687500163912773, -0.08178569376468658), (0.20643410086631775, 0.05687500163912773, -0.055313851684331894), (0.21188794076442719, 0.05687500163912773, -0.027895577251911163), (0.23335523903369904, 0.014218750409781933, 0.0), (0.2313588410615921, 0.014218750409781933, 0.030458969995379448), (0.22540384531021118, 0.014218750409781933, 0.06039677932858467), (0.21559211611747742, 0.014218750409781933, 0.08930118381977081), (0.20209155976772308, 0.014218750409781933, 0.11667761951684952), (0.185133159160614, 0.014218750409781933, 0.1420576572418213), (0.1650070697069168, 0.014218750409781933, 0.1650070697069168), (0.1420576572418213, 0.014218750409781933, 0.185133159160614), (0.11667761951684952, 0.014218750409781933, 0.20209155976772308), (0.08930118381977081, 0.014218750409781933, 0.21559211611747742), (0.06039677932858467, 0.014218750409781933, 0.22540384531021118), (0.030458969995379448, 0.014218750409781933, 0.2313588410615921), (0.0, 0.014218750409781933, 0.23335523903369904), (-0.030458969995379448, 0.014218750409781933, 0.2313588410615921), (-0.06039677932858467, 0.014218750409781933, 0.22540384531021118), (-0.08930118381977081, 0.014218750409781933, 0.21559211611747742), (-0.11667761951684952, 0.014218750409781933, 0.20209155976772308), (-0.1420576572418213, 0.014218750409781933, 0.185133159160614), (-0.1650070697069168, 0.014218750409781933, 0.1650070697069168), (-0.185133159160614, 0.014218750409781933, 0.1420576572418213), (-0.20209155976772308, 0.014218750409781933, 0.11667761951684952), (-0.21559211611747742, 0.014218750409781933, 0.08930118381977081), (-0.22540384531021118, 0.014218750409781933, 0.06039677932858467), (-0.2313588410615921, 0.014218750409781933, 0.030458969995379448), (-0.23335523903369904, 0.014218750409781933, 0.0), (-0.2313588410615921, 0.014218750409781933, -0.030458969995379448), (-0.22540384531021118, 0.014218750409781933, -0.06039677932858467), (-0.21559211611747742, 0.014218750409781933, -0.08930118381977081), (-0.20209155976772308, 0.014218750409781933, -0.11667761951684952), (-0.185133159160614, 0.014218750409781933, -0.1420576572418213), (-0.1650070697069168, 0.014218750409781933, -0.1650070697069168), (-0.1420576572418213, 0.014218750409781933, -0.185133159160614), (-0.11667761951684952, 0.014218750409781933, -0.20209155976772308), (-0.08930118381977081, 0.014218750409781933, -0.21559211611747742), (-0.06039677932858467, 0.014218750409781933, -0.22540384531021118), (-0.030458969995379448, 0.014218750409781933, -0.2313588410615921), (0.0, 0.014218750409781933, -0.23335523903369904), (0.030458969995379448, 0.014218750409781933, -0.2313588410615921), (0.06039677932858467, 0.014218750409781933, -0.22540384531021118), (0.08930118381977081, 0.014218750409781933, -0.21559211611747742), (0.11667761951684952, 0.014218750409781933, -0.20209155976772308), (0.1420576572418213, 0.014218750409781933, -0.185133159160614), (0.1650070697069168, 0.014218750409781933, -0.1650070697069168), (0.185133159160614, 0.014218750409781933, -0.1420576572418213), (0.20209155976772308, 0.014218750409781933, -0.11667761951684952), (0.21559211611747742, 0.014218750409781933, -0.08930118381977081), (0.22540384531021118, 0.014218750409781933, -0.06039677932858467), (0.2313588410615921, 0.014218750409781933, -0.030458969995379448), (0.25317373871803284, -0.032499998807907104, 0.0), (0.2510077953338623, -0.032499998807907104, 0.033045802265405655), (0.2445470541715622, -0.032499998807907104, 0.06552618741989136), (0.23390203714370728, -0.032499998807907104, 0.09688539803028107), (0.21925488114356995, -0.032499998807907104, 0.12658686935901642), (0.20085622370243073, -0.032499998807907104, 0.15412241220474243), (0.17902086675167084, -0.032499998807907104, 0.17902086675167084), (0.15412241220474243, -0.032499998807907104, 0.20085622370243073), (0.12658686935901642, -0.032499998807907104, 0.21925488114356995), (0.09688539803028107, -0.032499998807907104, 0.23390203714370728), (0.06552618741989136, -0.032499998807907104, 0.2445470541715622), (0.033045802265405655, -0.032499998807907104, 0.2510077953338623), (0.0, -0.032499998807907104, 0.25317373871803284), (-0.033045802265405655, -0.032499998807907104, 0.2510077953338623), (-0.06552618741989136, -0.032499998807907104, 0.2445470541715622), (-0.09688539803028107, -0.032499998807907104, 0.23390203714370728), (-0.12658686935901642, -0.032499998807907104, 0.21925488114356995), (-0.15412241220474243, -0.032499998807907104, 0.20085622370243073), (-0.17902086675167084, -0.032499998807907104, 0.17902086675167084), (-0.20085622370243073, -0.032499998807907104, 0.15412241220474243), (-0.21925488114356995, -0.032499998807907104, 0.12658686935901642), (-0.23390203714370728, -0.032499998807907104, 0.09688539803028107), (-0.2445470541715622, -0.032499998807907104, 0.06552618741989136), (-0.2510077953338623, -0.032499998807907104, 0.033045802265405655), (-0.25317373871803284, -0.032499998807907104, 0.0), (-0.2510077953338623, -0.032499998807907104, -0.033045802265405655), (-0.2445470541715622, -0.032499998807907104, -0.06552618741989136), (-0.23390203714370728, -0.032499998807907104, -0.09688539803028107), (-0.21925488114356995, -0.032499998807907104, -0.12658686935901642), (-0.20085622370243073, -0.032499998807907104, -0.15412241220474243), (-0.17902086675167084, -0.032499998807907104, -0.17902086675167084), (-0.15412241220474243, -0.032499998807907104, -0.20085622370243073), (-0.12658686935901642, -0.032499998807907104, -0.21925488114356995), (-0.09688539803028107, -0.032499998807907104, -0.23390203714370728), (-0.06552618741989136, -0.032499998807907104, -0.2445470541715622), (-0.033045802265405655, -0.032499998807907104, -0.2510077953338623), (0.0, -0.032499998807907104, -0.25317373871803284), (0.033045802265405655, -0.032499998807907104, -0.2510077953338623), (0.06552618741989136, -0.032499998807907104, -0.2445470541715622), (0.09688539803028107, -0.032499998807907104, -0.23390203714370728), (0.12658686935901642, -0.032499998807907104, -0.21925488114356995), (0.15412241220474243, -0.032499998807907104, -0.20085622370243073), (0.17902086675167084, -0.032499998807907104, -0.17902086675167084), (0.20085622370243073, -0.032499998807907104, -0.15412241220474243), (0.21925488114356995, -0.032499998807907104, -0.12658686935901642), (0.23390203714370728, -0.032499998807907104, -0.09688539803028107), (0.2445470541715622, -0.032499998807907104, -0.06552618741989136), (0.2510077953338623, -0.032499998807907104, -0.033045802265405655), (0.2731582820415497, -0.0832812488079071, 0.0), (0.27082136273384094, -0.0832812488079071, 0.03565431013703346), (0.2638506293296814, -0.0832812488079071, 0.0706985592842102), (0.2523653209209442, -0.0832812488079071, 0.10453314334154129), (0.23656199872493744, -0.0832812488079071, 0.13657914102077484), (0.21671102941036224, -0.0832812488079071, 0.16628821194171906), (0.1931520700454712, -0.0832812488079071, 0.1931520700454712), (0.16628821194171906, -0.0832812488079071, 0.21671102941036224), (0.13657914102077484, -0.0832812488079071, 0.23656199872493744), (0.10453314334154129, -0.0832812488079071, 0.2523653209209442), (0.0706985592842102, -0.0832812488079071, 0.2638506293296814), (0.03565431013703346, -0.0832812488079071, 0.27082136273384094), (0.0, -0.0832812488079071, 0.2731582820415497), (-0.03565431013703346, -0.0832812488079071, 0.27082136273384094), (-0.0706985592842102, -0.0832812488079071, 0.2638506293296814), (-0.10453314334154129, -0.0832812488079071, 0.2523653209209442), (-0.13657914102077484, -0.0832812488079071, 0.23656199872493744), (-0.16628821194171906, -0.0832812488079071, 0.21671102941036224), (-0.1931520700454712, -0.0832812488079071, 0.1931520700454712), (-0.21671102941036224, -0.0832812488079071, 0.16628821194171906), (-0.23656199872493744, -0.0832812488079071, 0.13657914102077484), (-0.2523653209209442, -0.0832812488079071, 0.10453314334154129), (-0.2638506293296814, -0.0832812488079071, 0.0706985592842102), (-0.27082136273384094, -0.0832812488079071, 0.03565431013703346), (-0.2731582820415497, -0.0832812488079071, 0.0), (-0.27082136273384094, -0.0832812488079071, -0.03565431013703346), (-0.2638506293296814, -0.0832812488079071, -0.0706985592842102), (-0.2523653209209442, -0.0832812488079071, -0.10453314334154129), (-0.23656199872493744, -0.0832812488079071, -0.13657914102077484), (-0.21671102941036224, -0.0832812488079071, -0.16628821194171906), (-0.1931520700454712, -0.0832812488079071, -0.1931520700454712), (-0.16628821194171906, -0.0832812488079071, -0.21671102941036224), (-0.13657914102077484, -0.0832812488079071, -0.23656199872493744), (-0.10453314334154129, -0.0832812488079071, -0.2523653209209442), (-0.0706985592842102, -0.0832812488079071, -0.2638506293296814), (-0.03565431013703346, -0.0832812488079071, -0.27082136273384094), (0.0, -0.0832812488079071, -0.2731582820415497), (0.03565431013703346, -0.0832812488079071, -0.27082136273384094), (0.0706985592842102, -0.0832812488079071, -0.2638506293296814), (0.10453314334154129, -0.0832812488079071, -0.2523653209209442), (0.13657914102077484, -0.0832812488079071, -0.23656199872493744), (0.16628821194171906, -0.0832812488079071, -0.21671102941036224), (0.1931520700454712, -0.0832812488079071, -0.1931520700454712), (0.21671102941036224, -0.0832812488079071, -0.16628821194171906), (0.23656199872493744, -0.0832812488079071, -0.13657914102077484), (0.2523653209209442, -0.0832812488079071, -0.10453314334154129), (0.2638506293296814, -0.0832812488079071, -0.0706985592842102), (0.27082136273384094, -0.0832812488079071, -0.03565431013703346), (0.29329726099967957, -0.1381250023841858, 0.0), (0.29078805446624756, -0.1381250023841858, 0.03828297555446625), (0.2833034098148346, -0.1381250023841858, 0.07591091841459274), (0.2709713578224182, -0.1381250023841858, 0.11224000155925751), (0.2540028989315033, -0.1381250023841858, 0.14664863049983978), (0.23268836736679077, -0.1381250023841858, 0.17854806780815125), (0.20739248394966125, -0.1381250023841858, 0.20739248394966125), (0.17854806780815125, -0.1381250023841858, 0.23268836736679077), (0.14664863049983978, -0.1381250023841858, 0.2540028989315033), (0.11224000155925751, -0.1381250023841858, 0.2709713578224182), (0.07591091841459274, -0.1381250023841858, 0.2833034098148346), (0.03828297555446625, -0.1381250023841858, 0.29078805446624756), (0.0, -0.1381250023841858, 0.29329726099967957), (-0.03828297555446625, -0.1381250023841858, 0.29078805446624756), (-0.07591091841459274, -0.1381250023841858, 0.2833034098148346), (-0.11224000155925751, -0.1381250023841858, 0.2709713578224182), (-0.14664863049983978, -0.1381250023841858, 0.2540028989315033), (-0.17854806780815125, -0.1381250023841858, 0.23268836736679077), (-0.20739248394966125, -0.1381250023841858, 0.20739248394966125), (-0.23268836736679077, -0.1381250023841858, 0.17854806780815125), (-0.2540028989315033, -0.1381250023841858, 0.14664863049983978), (-0.2709713578224182, -0.1381250023841858, 0.11224000155925751), (-0.2833034098148346, -0.1381250023841858, 0.07591091841459274), (-0.29078805446624756, -0.1381250023841858, 0.03828297555446625), (-0.29329726099967957, -0.1381250023841858, 0.0), (-0.29078805446624756, -0.1381250023841858, -0.03828297555446625), (-0.2833034098148346, -0.1381250023841858, -0.07591091841459274), (-0.2709713578224182, -0.1381250023841858, -0.11224000155925751), (-0.2540028989315033, -0.1381250023841858, -0.14664863049983978), (-0.23268836736679077, -0.1381250023841858, -0.17854806780815125), (-0.20739248394966125, -0.1381250023841858, -0.20739248394966125), (-0.17854806780815125, -0.1381250023841858, -0.23268836736679077), (-0.14664863049983978, -0.1381250023841858, -0.2540028989315033), (-0.11224000155925751, -0.1381250023841858, -0.2709713578224182), (-0.07591091841459274, -0.1381250023841858, -0.2833034098148346), (-0.03828297555446625, -0.1381250023841858, -0.29078805446624756), (0.0, -0.1381250023841858, -0.29329726099967957), (0.03828297555446625, -0.1381250023841858, -0.29078805446624756), (0.07591091841459274, -0.1381250023841858, -0.2833034098148346), (0.11224000155925751, -0.1381250023841858, -0.2709713578224182), (0.14664863049983978, -0.1381250023841858, -0.2540028989315033), (0.17854806780815125, -0.1381250023841858, -0.23268836736679077), (0.20739248394966125, -0.1381250023841858, -0.20739248394966125), (0.23268836736679077, -0.1381250023841858, -0.17854806780815125), (0.2540028989315033, -0.1381250023841858, -0.14664863049983978), (0.2709713578224182, -0.1381250023841858, -0.11224000155925751), (0.2833034098148346, -0.1381250023841858, -0.07591091841459274), (0.29078805446624756, -0.1381250023841858, -0.03828297555446625), (0.3135807514190674, -0.19703124463558197, 0.0), (0.3108980357646942, -0.19703124463558197, 0.040930502116680145), (0.30289575457572937, -0.19703124463558197, 0.08116067200899124), (0.2897108495235443, -0.19703124463558197, 0.12000215798616409), (0.2715688943862915, -0.19703124463558197, 0.1567903757095337), (0.24878033995628357, -0.19703124463558197, 0.19089587032794952), (0.22173507511615753, -0.19703124463558197, 0.22173507511615753), (0.19089587032794952, -0.19703124463558197, 0.24878033995628357), (0.1567903757095337, -0.19703124463558197, 0.2715688943862915), (0.12000215798616409, -0.19703124463558197, 0.2897108495235443), (0.08116067200899124, -0.19703124463558197, 0.30289575457572937), (0.040930502116680145, -0.19703124463558197, 0.3108980357646942), (0.0, -0.19703124463558197, 0.3135807514190674), (-0.040930502116680145, -0.19703124463558197, 0.3108980357646942), (-0.08116067200899124, -0.19703124463558197, 0.30289575457572937), (-0.12000215798616409, -0.19703124463558197, 0.2897108495235443), (-0.1567903757095337, -0.19703124463558197, 0.2715688943862915), (-0.19089587032794952, -0.19703124463558197, 0.24878033995628357), (-0.22173507511615753, -0.19703124463558197, 0.22173507511615753), (-0.24878033995628357, -0.19703124463558197, 0.19089587032794952), (-0.2715688943862915, -0.19703124463558197, 0.1567903757095337), (-0.2897108495235443, -0.19703124463558197, 0.12000215798616409), (-0.30289575457572937, -0.19703124463558197, 0.08116067200899124), (-0.3108980357646942, -0.19703124463558197, 0.040930502116680145), (-0.3135807514190674, -0.19703124463558197, 0.0), (-0.3108980357646942, -0.19703124463558197, -0.040930502116680145), (-0.30289575457572937, -0.19703124463558197, -0.08116067200899124), (-0.2897108495235443, -0.19703124463558197, -0.12000215798616409), (-0.2715688943862915, -0.19703124463558197, -0.1567903757095337), (-0.24878033995628357, -0.19703124463558197, -0.19089587032794952), (-0.22173507511615753, -0.19703124463558197, -0.22173507511615753), (-0.19089587032794952, -0.19703124463558197, -0.24878033995628357), (-0.1567903757095337, -0.19703124463558197, -0.2715688943862915), (-0.12000215798616409, -0.19703124463558197, -0.2897108495235443), (-0.08116067200899124, -0.19703124463558197, -0.30289575457572937), (-0.040930502116680145, -0.19703124463558197, -0.3108980357646942), (0.0, -0.19703124463558197, -0.3135807514190674), (0.040930502116680145, -0.19703124463558197, -0.3108980357646942), (0.08116067200899124, -0.19703124463558197, -0.30289575457572937), (0.12000215798616409, -0.19703124463558197, -0.2897108495235443), (0.1567903757095337, -0.19703124463558197, -0.2715688943862915), (0.19089587032794952, -0.19703124463558197, -0.24878033995628357), (0.22173507511615753, -0.19703124463558197, -0.22173507511615753), (0.24878033995628357, -0.19703124463558197, -0.19089587032794952), (0.2715688943862915, -0.19703124463558197, -0.1567903757095337), (0.2897108495235443, -0.19703124463558197, -0.12000215798616409), (0.30289575457572937, -0.19703124463558197, -0.08116067200899124), (0.3108980357646942, -0.19703124463558197, -0.040930502116680145), (0.33399999141693115, -0.25999999046325684, 0.0), (0.3311425745487213, -0.25999999046325684, 0.043595749884843826), (0.32261922955513, -0.25999999046325684, 0.08644556254148483), (0.30857574939727783, -0.25999999046325684, 0.12781625986099243), (0.28925248980522156, -0.25999999046325684, 0.16699999570846558), (0.2649800181388855, -0.25999999046325684, 0.20332631468772888), (0.23617365956306458, -0.25999999046325684, 0.23617365956306458), (0.20332631468772888, -0.25999999046325684, 0.2649800181388855), (0.16699999570846558, -0.25999999046325684, 0.28925248980522156), (0.12781625986099243, -0.25999999046325684, 0.30857574939727783), (0.08644556254148483, -0.25999999046325684, 0.32261922955513), (0.043595749884843826, -0.25999999046325684, 0.3311425745487213), (0.0, -0.25999999046325684, 0.33399999141693115), (-0.043595749884843826, -0.25999999046325684, 0.3311425745487213), (-0.08644556254148483, -0.25999999046325684, 0.32261922955513), (-0.12781625986099243, -0.25999999046325684, 0.30857574939727783), (-0.16699999570846558, -0.25999999046325684, 0.28925248980522156), (-0.20332631468772888, -0.25999999046325684, 0.2649800181388855), (-0.23617365956306458, -0.25999999046325684, 0.23617365956306458), (-0.2649800181388855, -0.25999999046325684, 0.20332631468772888), (-0.28925248980522156, -0.25999999046325684, 0.16699999570846558), (-0.30857574939727783, -0.25999999046325684, 0.12781625986099243), (-0.32261922955513, -0.25999999046325684, 0.08644556254148483), (-0.3311425745487213, -0.25999999046325684, 0.043595749884843826), (-0.33399999141693115, -0.25999999046325684, 0.0), (-0.3311425745487213, -0.25999999046325684, -0.043595749884843826), (-0.32261922955513, -0.25999999046325684, -0.08644556254148483), (-0.30857574939727783, -0.25999999046325684, -0.12781625986099243), (-0.28925248980522156, -0.25999999046325684, -0.16699999570846558), (-0.2649800181388855, -0.25999999046325684, -0.20332631468772888), (-0.23617365956306458, -0.25999999046325684, -0.23617365956306458), (-0.20332631468772888, -0.25999999046325684, -0.2649800181388855), (-0.16699999570846558, -0.25999999046325684, -0.28925248980522156), (-0.12781625986099243, -0.25999999046325684, -0.30857574939727783), (-0.08644556254148483, -0.25999999046325684, -0.32261922955513), (-0.043595749884843826, -0.25999999046325684, -0.3311425745487213), (0.0, -0.25999999046325684, -0.33399999141693115), (0.043595749884843826, -0.25999999046325684, -0.3311425745487213), (0.08644556254148483, -0.25999999046325684, -0.32261922955513), (0.12781625986099243, -0.25999999046325684, -0.30857574939727783), (0.16699999570846558, -0.25999999046325684, -0.28925248980522156), (0.20332631468772888, -0.25999999046325684, -0.2649800181388855), (0.23617365956306458, -0.25999999046325684, -0.23617365956306458), (0.2649800181388855, -0.25999999046325684, -0.20332631468772888), (0.28925248980522156, -0.25999999046325684, -0.16699999570846558), (0.30857574939727783, -0.25999999046325684, -0.12781625986099243), (0.32261922955513, -0.25999999046325684, -0.08644556254148483), (0.3311425745487213, -0.25999999046325684, -0.043595749884843826), (0.3400000035762787, -0.25999999046325684, 0.0), (0.33709126710891724, -0.25999999046325684, 0.04437890648841858), (0.32841476798057556, -0.25999999046325684, 0.08799847215414047), (0.31411904096603394, -0.25999999046325684, 0.13011236488819122), (0.2944486439228058, -0.25999999046325684, 0.17000000178813934), (0.26974013447761536, -0.25999999046325684, 0.20697888731956482), (0.24041630327701569, -0.25999999046325684, 0.24041630327701569), (0.20697888731956482, -0.25999999046325684, 0.26974013447761536), (0.17000000178813934, -0.25999999046325684, 0.2944486439228058), (0.13011236488819122, -0.25999999046325684, 0.31411904096603394), (0.08799847215414047, -0.25999999046325684, 0.32841476798057556), (0.04437890648841858, -0.25999999046325684, 0.33709126710891724), (0.0, -0.25999999046325684, 0.3400000035762787), (-0.04437890648841858, -0.25999999046325684, 0.33709126710891724), (-0.08799847215414047, -0.25999999046325684, 0.32841476798057556), (-0.13011236488819122, -0.25999999046325684, 0.31411904096603394), (-0.17000000178813934, -0.25999999046325684, 0.2944486439228058), (-0.20697888731956482, -0.25999999046325684, 0.26974013447761536), (-0.24041630327701569, -0.25999999046325684, 0.24041630327701569), (-0.26974013447761536, -0.25999999046325684, 0.20697888731956482), (-0.2944486439228058, -0.25999999046325684, 0.17000000178813934), (-0.31411904096603394, -0.25999999046325684, 0.13011236488819122), (-0.32841476798057556, -0.25999999046325684, 0.08799847215414047), (-0.33709126710891724, -0.25999999046325684, 0.04437890648841858), (-0.3400000035762787, -0.25999999046325684, 0.0), (-0.33709126710891724, -0.25999999046325684, -0.04437890648841858), (-0.32841476798057556, -0.25999999046325684, -0.08799847215414047), (-0.31411904096603394, -0.25999999046325684, -0.13011236488819122), (-0.2944486439228058, -0.25999999046325684, -0.17000000178813934), (-0.26974013447761536, -0.25999999046325684, -0.20697888731956482), (-0.24041630327701569, -0.25999999046325684, -0.24041630327701569), (-0.20697888731956482, -0.25999999046325684, -0.26974013447761536), (-0.17000000178813934, -0.25999999046325684, -0.2944486439228058), (-0.13011236488819122, -0.25999999046325684, -0.31411904096603394), (-0.08799847215414047, -0.25999999046325684, -0.32841476798057556), (-0.04437890648841858, -0.25999999046325684, -0.33709126710891724), (0.0, -0.25999999046325684, -0.3400000035762787), (0.04437890648841858, -0.25999999046325684, -0.33709126710891724), (0.08799847215414047, -0.25999999046325684, -0.32841476798057556), (0.13011236488819122, -0.25999999046325684, -0.31411904096603394), (0.17000000178813934, -0.25999999046325684, -0.2944486439228058), (0.20697888731956482, -0.25999999046325684, -0.26974013447761536), (0.24041630327701569, -0.25999999046325684, -0.24041630327701569), (0.26974013447761536, -0.25999999046325684, -0.20697888731956482), (0.2944486439228058, -0.25999999046325684, -0.17000000178813934), (0.31411904096603394, -0.25999999046325684, -0.13011236488819122), (0.32841476798057556, -0.25999999046325684, -0.08799847215414047), (0.33709126710891724, -0.25999999046325684, -0.04437890648841858), (0.31958073377609253, -0.19703124463558197, 0.0), (0.31684669852256775, -0.19703124463558197, 0.0417136587202549), (0.3086912930011749, -0.19703124463558197, 0.08271358162164688), (0.295254111289978, -0.19703124463558197, 0.12229825556278229), (0.27676504850387573, -0.19703124463558197, 0.15979036688804626), (0.2535404562950134, -0.19703124463558197, 0.19454842805862427), (0.22597771883010864, -0.19703124463558197, 0.22597771883010864), (0.19454842805862427, -0.19703124463558197, 0.2535404562950134), (0.15979036688804626, -0.19703124463558197, 0.27676504850387573), (0.12229825556278229, -0.19703124463558197, 0.295254111289978), (0.08271358162164688, -0.19703124463558197, 0.3086912930011749), (0.0417136587202549, -0.19703124463558197, 0.31684669852256775), (0.0, -0.19703124463558197, 0.31958073377609253), (-0.0417136587202549, -0.19703124463558197, 0.31684669852256775), (-0.08271358162164688, -0.19703124463558197, 0.3086912930011749), (-0.12229825556278229, -0.19703124463558197, 0.295254111289978), (-0.15979036688804626, -0.19703124463558197, 0.27676504850387573), (-0.19454842805862427, -0.19703124463558197, 0.2535404562950134), (-0.22597771883010864, -0.19703124463558197, 0.22597771883010864), (-0.2535404562950134, -0.19703124463558197, 0.19454842805862427), (-0.27676504850387573, -0.19703124463558197, 0.15979036688804626), (-0.295254111289978, -0.19703124463558197, 0.12229825556278229), (-0.3086912930011749, -0.19703124463558197, 0.08271358162164688), (-0.31684669852256775, -0.19703124463558197, 0.0417136587202549), (-0.31958073377609253, -0.19703124463558197, 0.0), (-0.31684669852256775, -0.19703124463558197, -0.0417136587202549), (-0.3086912930011749, -0.19703124463558197, -0.08271358162164688), (-0.295254111289978, -0.19703124463558197, -0.12229825556278229), (-0.27676504850387573, -0.19703124463558197, -0.15979036688804626), (-0.2535404562950134, -0.19703124463558197, -0.19454842805862427), (-0.22597771883010864, -0.19703124463558197, -0.22597771883010864), (-0.19454842805862427, -0.19703124463558197, -0.2535404562950134), (-0.15979036688804626, -0.19703124463558197, -0.27676504850387573), (-0.12229825556278229, -0.19703124463558197, -0.295254111289978), (-0.08271358162164688, -0.19703124463558197, -0.3086912930011749), (-0.0417136587202549, -0.19703124463558197, -0.31684669852256775), (0.0, -0.19703124463558197, -0.31958073377609253), (0.0417136587202549, -0.19703124463558197, -0.31684669852256775), (0.08271358162164688, -0.19703124463558197, -0.3086912930011749), (0.12229825556278229, -0.19703124463558197, -0.295254111289978), (0.15979036688804626, -0.19703124463558197, -0.27676504850387573), (0.19454842805862427, -0.19703124463558197, -0.2535404562950134), (0.22597771883010864, -0.19703124463558197, -0.22597771883010864), (0.2535404562950134, -0.19703124463558197, -0.19454842805862427), (0.27676504850387573, -0.19703124463558197, -0.15979036688804626), (0.295254111289978, -0.19703124463558197, -0.12229825556278229), (0.3086912930011749, -0.19703124463558197, -0.08271358162164688), (0.31684669852256775, -0.19703124463558197, -0.0417136587202549), (0.2992972731590271, -0.1381250023841858, 0.0), (0.2967367470264435, -0.1381250023841858, 0.039066132158041), (0.28909894824028015, -0.1381250023841858, 0.07746383547782898), (0.27651461958885193, -0.1381250023841858, 0.1145361065864563), (0.25919902324676514, -0.1381250023841858, 0.14964863657951355), (0.23744848370552063, -0.1381250023841858, 0.182200625538826), (0.21163512766361237, -0.1381250023841858, 0.21163512766361237), (0.182200625538826, -0.1381250023841858, 0.23744848370552063), (0.14964863657951355, -0.1381250023841858, 0.25919902324676514), (0.1145361065864563, -0.1381250023841858, 0.27651461958885193), (0.07746383547782898, -0.1381250023841858, 0.28909894824028015), (0.039066132158041, -0.1381250023841858, 0.2967367470264435), (0.0, -0.1381250023841858, 0.2992972731590271), (-0.039066132158041, -0.1381250023841858, 0.2967367470264435), (-0.07746383547782898, -0.1381250023841858, 0.28909894824028015), (-0.1145361065864563, -0.1381250023841858, 0.27651461958885193), (-0.14964863657951355, -0.1381250023841858, 0.25919902324676514), (-0.182200625538826, -0.1381250023841858, 0.23744848370552063), (-0.21163512766361237, -0.1381250023841858, 0.21163512766361237), (-0.23744848370552063, -0.1381250023841858, 0.182200625538826), (-0.25919902324676514, -0.1381250023841858, 0.14964863657951355), (-0.27651461958885193, -0.1381250023841858, 0.1145361065864563), (-0.28909894824028015, -0.1381250023841858, 0.07746383547782898), (-0.2967367470264435, -0.1381250023841858, 0.039066132158041), (-0.2992972731590271, -0.1381250023841858, 0.0), (-0.2967367470264435, -0.1381250023841858, -0.039066132158041), (-0.28909894824028015, -0.1381250023841858, -0.07746383547782898), (-0.27651461958885193, -0.1381250023841858, -0.1145361065864563), (-0.25919902324676514, -0.1381250023841858, -0.14964863657951355), (-0.23744848370552063, -0.1381250023841858, -0.182200625538826), (-0.21163512766361237, -0.1381250023841858, -0.21163512766361237), (-0.182200625538826, -0.1381250023841858, -0.23744848370552063), (-0.14964863657951355, -0.1381250023841858, -0.25919902324676514), (-0.1145361065864563, -0.1381250023841858, -0.27651461958885193), (-0.07746383547782898, -0.1381250023841858, -0.28909894824028015), (-0.039066132158041, -0.1381250023841858, -0.2967367470264435), (0.0, -0.1381250023841858, -0.2992972731590271), (0.039066132158041, -0.1381250023841858, -0.2967367470264435), (0.07746383547782898, -0.1381250023841858, -0.28909894824028015), (0.1145361065864563, -0.1381250023841858, -0.27651461958885193), (0.14964863657951355, -0.1381250023841858, -0.25919902324676514), (0.182200625538826, -0.1381250023841858, -0.23744848370552063), (0.21163512766361237, -0.1381250023841858, -0.21163512766361237), (0.23744848370552063, -0.1381250023841858, -0.182200625538826), (0.25919902324676514, -0.1381250023841858, -0.14964863657951355), (0.27651461958885193, -0.1381250023841858, -0.1145361065864563), (0.28909894824028015, -0.1381250023841858, -0.07746383547782898), (0.2967367470264435, -0.1381250023841858, -0.039066132158041), (0.27915826439857483, -0.0832812488079071, 0.0), (0.2767700254917145, -0.0832812488079071, 0.036437466740608215), (0.26964616775512695, -0.0832812488079071, 0.07225147634744644), (0.2579086124897003, -0.0832812488079071, 0.10682924836874008), (0.24175815284252167, -0.0832812488079071, 0.13957913219928741), (0.2214711457490921, -0.0832812488079071, 0.169940784573555), (0.1973946988582611, -0.0832812488079071, 0.1973946988582611), (0.169940784573555, -0.0832812488079071, 0.2214711457490921), (0.13957913219928741, -0.0832812488079071, 0.24175815284252167), (0.10682924836874008, -0.0832812488079071, 0.2579086124897003), (0.07225147634744644, -0.0832812488079071, 0.26964616775512695), (0.036437466740608215, -0.0832812488079071, 0.2767700254917145), (0.0, -0.0832812488079071, 0.27915826439857483), (-0.036437466740608215, -0.0832812488079071, 0.2767700254917145), (-0.07225147634744644, -0.0832812488079071, 0.26964616775512695), (-0.10682924836874008, -0.0832812488079071, 0.2579086124897003), (-0.13957913219928741, -0.0832812488079071, 0.24175815284252167), (-0.169940784573555, -0.0832812488079071, 0.2214711457490921), (-0.1973946988582611, -0.0832812488079071, 0.1973946988582611), (-0.2214711457490921, -0.0832812488079071, 0.169940784573555), (-0.24175815284252167, -0.0832812488079071, 0.13957913219928741), (-0.2579086124897003, -0.0832812488079071, 0.10682924836874008), (-0.26964616775512695, -0.0832812488079071, 0.07225147634744644), (-0.2767700254917145, -0.0832812488079071, 0.036437466740608215), (-0.27915826439857483, -0.0832812488079071, 0.0), (-0.2767700254917145, -0.0832812488079071, -0.036437466740608215), (-0.26964616775512695, -0.0832812488079071, -0.07225147634744644), (-0.2579086124897003, -0.0832812488079071, -0.10682924836874008), (-0.24175815284252167, -0.0832812488079071, -0.13957913219928741), (-0.2214711457490921, -0.0832812488079071, -0.169940784573555), (-0.1973946988582611, -0.0832812488079071, -0.1973946988582611), (-0.169940784573555, -0.0832812488079071, -0.2214711457490921), (-0.13957913219928741, -0.0832812488079071, -0.24175815284252167), (-0.10682924836874008, -0.0832812488079071, -0.2579086124897003), (-0.07225147634744644, -0.0832812488079071, -0.26964616775512695), (-0.036437466740608215, -0.0832812488079071, -0.2767700254917145), (0.0, -0.0832812488079071, -0.27915826439857483), (0.036437466740608215, -0.0832812488079071, -0.2767700254917145), (0.07225147634744644, -0.0832812488079071, -0.26964616775512695), (0.10682924836874008, -0.0832812488079071, -0.2579086124897003), (0.13957913219928741, -0.0832812488079071, -0.24175815284252167), (0.169940784573555, -0.0832812488079071, -0.2214711457490921), (0.1973946988582611, -0.0832812488079071, -0.1973946988582611), (0.2214711457490921, -0.0832812488079071, -0.169940784573555), (0.24175815284252167, -0.0832812488079071, -0.13957913219928741), (0.2579086124897003, -0.0832812488079071, -0.10682924836874008), (0.26964616775512695, -0.0832812488079071, -0.07225147634744644), (0.2767700254917145, -0.0832812488079071, -0.036437466740608215), (0.25917375087738037, -0.032499998807907104, 0.0), (0.25695645809173584, -0.032499998807907104, 0.033828962594270706), (0.25034260749816895, -0.032499998807907104, 0.067079097032547), (0.23944531381130219, -0.032499998807907104, 0.09918149560689926), (0.22445103526115417, -0.032499998807907104, 0.12958687543869019), (0.20561635494232178, -0.032499998807907104, 0.15777496993541718), (0.18326351046562195, -0.032499998807907104, 0.18326351046562195), (0.15777496993541718, -0.032499998807907104, 0.20561635494232178), (0.12958687543869019, -0.032499998807907104, 0.22445103526115417), (0.09918149560689926, -0.032499998807907104, 0.23944531381130219), (0.067079097032547, -0.032499998807907104, 0.25034260749816895), (0.033828962594270706, -0.032499998807907104, 0.25695645809173584), (0.0, -0.032499998807907104, 0.25917375087738037), (-0.033828962594270706, -0.032499998807907104, 0.25695645809173584), (-0.067079097032547, -0.032499998807907104, 0.25034260749816895), (-0.09918149560689926, -0.032499998807907104, 0.23944531381130219), (-0.12958687543869019, -0.032499998807907104, 0.22445103526115417), (-0.15777496993541718, -0.032499998807907104, 0.20561635494232178), (-0.18326351046562195, -0.032499998807907104, 0.18326351046562195), (-0.20561635494232178, -0.032499998807907104, 0.15777496993541718), (-0.22445103526115417, -0.032499998807907104, 0.12958687543869019), (-0.23944531381130219, -0.032499998807907104, 0.09918149560689926), (-0.25034260749816895, -0.032499998807907104, 0.067079097032547), (-0.25695645809173584, -0.032499998807907104, 0.033828962594270706), (-0.25917375087738037, -0.032499998807907104, 0.0), (-0.25695645809173584, -0.032499998807907104, -0.033828962594270706), (-0.25034260749816895, -0.032499998807907104, -0.067079097032547), (-0.23944531381130219, -0.032499998807907104, -0.09918149560689926), (-0.22445103526115417, -0.032499998807907104, -0.12958687543869019), (-0.20561635494232178, -0.032499998807907104, -0.15777496993541718), (-0.18326351046562195, -0.032499998807907104, -0.18326351046562195), (-0.15777496993541718, -0.032499998807907104, -0.20561635494232178), (-0.12958687543869019, -0.032499998807907104, -0.22445103526115417), (-0.09918149560689926, -0.032499998807907104, -0.23944531381130219), (-0.067079097032547, -0.032499998807907104, -0.25034260749816895), (-0.033828962594270706, -0.032499998807907104, -0.25695645809173584), (0.0, -0.032499998807907104, -0.25917375087738037), (0.033828962594270706, -0.032499998807907104, -0.25695645809173584), (0.067079097032547, -0.032499998807907104, -0.25034260749816895), (0.09918149560689926, -0.032499998807907104, -0.23944531381130219), (0.12958687543869019, -0.032499998807907104, -0.22445103526115417), (0.15777496993541718, -0.032499998807907104, -0.20561635494232178), (0.18326351046562195, -0.032499998807907104, -0.18326351046562195), (0.20561635494232178, -0.032499998807907104, -0.15777496993541718), (0.22445103526115417, -0.032499998807907104, -0.12958687543869019), (0.23944531381130219, -0.032499998807907104, -0.09918149560689926), (0.25034260749816895, -0.032499998807907104, -0.067079097032547), (0.25695645809173584, -0.032499998807907104, -0.033828962594270706), (0.23935523629188538, 0.014218750409781933, 0.0), (0.23730751872062683, 0.014218750409781933, 0.0312421265989542), (0.23119939863681793, 0.014218750409781933, 0.06194969266653061), (0.22113539278507233, 0.014218750409781933, 0.09159728139638901), (0.2072877138853073, 0.014218750409781933, 0.11967761814594269), (0.18989327549934387, 0.014218750409781933, 0.14571022987365723), (0.16924971342086792, 0.014218750409781933, 0.16924971342086792), (0.14571022987365723, 0.014218750409781933, 0.18989327549934387), (0.11967761814594269, 0.014218750409781933, 0.2072877138853073), (0.09159728139638901, 0.014218750409781933, 0.22113539278507233), (0.06194969266653061, 0.014218750409781933, 0.23119939863681793), (0.0312421265989542, 0.014218750409781933, 0.23730751872062683), (0.0, 0.014218750409781933, 0.23935523629188538), (-0.0312421265989542, 0.014218750409781933, 0.23730751872062683), (-0.06194969266653061, 0.014218750409781933, 0.23119939863681793), (-0.09159728139638901, 0.014218750409781933, 0.22113539278507233), (-0.11967761814594269, 0.014218750409781933, 0.2072877138853073), (-0.14571022987365723, 0.014218750409781933, 0.18989327549934387), (-0.16924971342086792, 0.014218750409781933, 0.16924971342086792), (-0.18989327549934387, 0.014218750409781933, 0.14571022987365723), (-0.2072877138853073, 0.014218750409781933, 0.11967761814594269), (-0.22113539278507233, 0.014218750409781933, 0.09159728139638901), (-0.23119939863681793, 0.014218750409781933, 0.06194969266653061), (-0.23730751872062683, 0.014218750409781933, 0.0312421265989542), (-0.23935523629188538, 0.014218750409781933, 0.0), (-0.23730751872062683, 0.014218750409781933, -0.0312421265989542), (-0.23119939863681793, 0.014218750409781933, -0.06194969266653061), (-0.22113539278507233, 0.014218750409781933, -0.09159728139638901), (-0.2072877138853073, 0.014218750409781933, -0.11967761814594269), (-0.18989327549934387, 0.014218750409781933, -0.14571022987365723), (-0.16924971342086792, 0.014218750409781933, -0.16924971342086792), (-0.14571022987365723, 0.014218750409781933, -0.18989327549934387), (-0.11967761814594269, 0.014218750409781933, -0.2072877138853073), (-0.09159728139638901, 0.014218750409781933, -0.22113539278507233), (-0.06194969266653061, 0.014218750409781933, -0.23119939863681793), (-0.0312421265989542, 0.014218750409781933, -0.23730751872062683), (0.0, 0.014218750409781933, -0.23935523629188538), (0.0312421265989542, 0.014218750409781933, -0.23730751872062683), (0.06194969266653061, 0.014218750409781933, -0.23119939863681793), (0.09159728139638901, 0.014218750409781933, -0.22113539278507233), (0.11967761814594269, 0.014218750409781933, -0.2072877138853073), (0.14571022987365723, 0.014218750409781933, -0.18989327549934387), (0.16924971342086792, 0.014218750409781933, -0.16924971342086792), (0.18989327549934387, 0.014218750409781933, -0.14571022987365723), (0.2072877138853073, 0.014218750409781933, -0.11967761814594269), (0.22113539278507233, 0.014218750409781933, -0.09159728139638901), (0.23119939863681793, 0.014218750409781933, -0.06194969266653061), (0.23730751872062683, 0.014218750409781933, -0.0312421265989542), (0.21971631050109863, 0.05687500163912773, 0.0), (0.21783660352230072, 0.05687500163912773, 0.028678733855485916), (0.2122296541929245, 0.05687500163912773, 0.05686676502227783), (0.20299141108989716, 0.05687500163912773, 0.08408179134130478), (0.19027991592884064, 0.05687500163912773, 0.10985815525054932), (0.17431266605854034, 0.05687500163912773, 0.13375481963157654), (0.15536288917064667, 0.05687500163912773, 0.15536288917064667), (0.13375481963157654, 0.05687500163912773, 0.17431266605854034), (0.10985815525054932, 0.05687500163912773, 0.19027991592884064), (0.08408179134130478, 0.05687500163912773, 0.20299141108989716), (0.05686676502227783, 0.05687500163912773, 0.2122296541929245), (0.028678733855485916, 0.05687500163912773, 0.21783660352230072), (0.0, 0.05687500163912773, 0.21971631050109863), (-0.028678733855485916, 0.05687500163912773, 0.21783660352230072), (-0.05686676502227783, 0.05687500163912773, 0.2122296541929245), (-0.08408179134130478, 0.05687500163912773, 0.20299141108989716), (-0.10985815525054932, 0.05687500163912773, 0.19027991592884064), (-0.13375481963157654, 0.05687500163912773, 0.17431266605854034), (-0.15536288917064667, 0.05687500163912773, 0.15536288917064667), (-0.17431266605854034, 0.05687500163912773, 0.13375481963157654), (-0.19027991592884064, 0.05687500163912773, 0.10985815525054932), (-0.20299141108989716, 0.05687500163912773, 0.08408179134130478), (-0.2122296541929245, 0.05687500163912773, 0.05686676502227783), (-0.21783660352230072, 0.05687500163912773, 0.028678733855485916), (-0.21971631050109863, 0.05687500163912773, 0.0), (-0.21783660352230072, 0.05687500163912773, -0.028678733855485916), (-0.2122296541929245, 0.05687500163912773, -0.05686676502227783), (-0.20299141108989716, 0.05687500163912773, -0.08408179134130478), (-0.19027991592884064, 0.05687500163912773, -0.10985815525054932), (-0.17431266605854034, 0.05687500163912773, -0.13375481963157654), (-0.15536288917064667, 0.05687500163912773, -0.15536288917064667), (-0.13375481963157654, 0.05687500163912773, -0.17431266605854034), (-0.10985815525054932, 0.05687500163912773, -0.19027991592884064), (-0.08408179134130478, 0.05687500163912773, -0.20299141108989716), (-0.05686676502227783, 0.05687500163912773, -0.2122296541929245), (-0.028678733855485916, 0.05687500163912773, -0.21783660352230072), (0.0, 0.05687500163912773, -0.21971631050109863), (0.028678733855485916, 0.05687500163912773, -0.21783660352230072), (0.05686676502227783, 0.05687500163912773, -0.2122296541929245), (0.08408179134130478, 0.05687500163912773, -0.20299141108989716), (0.10985815525054932, 0.05687500163912773, -0.19027991592884064), (0.13375481963157654, 0.05687500163912773, -0.17431266605854034), (0.15536288917064667, 0.05687500163912773, -0.15536288917064667), (0.17431266605854034, 0.05687500163912773, -0.13375481963157654), (0.19027991592884064, 0.05687500163912773, -0.10985815525054932), (0.20299141108989716, 0.05687500163912773, -0.08408179134130478), (0.2122296541929245, 0.05687500163912773, -0.05686676502227783), (0.21783660352230072, 0.05687500163912773, -0.028678733855485916), (0.20027311146259308, 0.09546875208616257, 0.0), (0.1985597461462021, 0.09546875208616257, 0.026140887290239334), (0.1934489756822586, 0.09546875208616257, 0.05183449760079384), (0.18502822518348694, 0.09546875208616257, 0.07664120197296143), (0.17344160377979279, 0.09546875208616257, 0.10013655573129654), (0.1588873416185379, 0.09546875208616257, 0.12191854417324066), (0.14161448180675507, 0.09546875208616257, 0.14161448180675507), (0.12191854417324066, 0.09546875208616257, 0.1588873416185379), (0.10013655573129654, 0.09546875208616257, 0.17344160377979279), (0.07664120197296143, 0.09546875208616257, 0.18502822518348694), (0.05183449760079384, 0.09546875208616257, 0.1934489756822586), (0.026140887290239334, 0.09546875208616257, 0.1985597461462021), (0.0, 0.09546875208616257, 0.20027311146259308), (-0.026140887290239334, 0.09546875208616257, 0.1985597461462021), (-0.05183449760079384, 0.09546875208616257, 0.1934489756822586), (-0.07664120197296143, 0.09546875208616257, 0.18502822518348694), (-0.10013655573129654, 0.09546875208616257, 0.17344160377979279), (-0.12191854417324066, 0.09546875208616257, 0.1588873416185379), (-0.14161448180675507, 0.09546875208616257, 0.14161448180675507), (-0.1588873416185379, 0.09546875208616257, 0.12191854417324066), (-0.17344160377979279, 0.09546875208616257, 0.10013655573129654), (-0.18502822518348694, 0.09546875208616257, 0.07664120197296143), (-0.1934489756822586, 0.09546875208616257, 0.05183449760079384), (-0.1985597461462021, 0.09546875208616257, 0.026140887290239334), (-0.20027311146259308, 0.09546875208616257, 0.0), (-0.1985597461462021, 0.09546875208616257, -0.026140887290239334), (-0.1934489756822586, 0.09546875208616257, -0.05183449760079384), (-0.18502822518348694, 0.09546875208616257, -0.07664120197296143), (-0.17344160377979279, 0.09546875208616257, -0.10013655573129654), (-0.1588873416185379, 0.09546875208616257, -0.12191854417324066), (-0.14161448180675507, 0.09546875208616257, -0.14161448180675507), (-0.12191854417324066, 0.09546875208616257, -0.1588873416185379), (-0.10013655573129654, 0.09546875208616257, -0.17344160377979279), (-0.07664120197296143, 0.09546875208616257, -0.18502822518348694), (-0.05183449760079384, 0.09546875208616257, -0.1934489756822586), (-0.026140887290239334, 0.09546875208616257, -0.1985597461462021), (0.0, 0.09546875208616257, -0.20027311146259308), (0.026140887290239334, 0.09546875208616257, -0.1985597461462021), (0.05183449760079384, 0.09546875208616257, -0.1934489756822586), (0.07664120197296143, 0.09546875208616257, -0.18502822518348694), (0.10013655573129654, 0.09546875208616257, -0.17344160377979279), (0.12191854417324066, 0.09546875208616257, -0.1588873416185379), (0.14161448180675507, 0.09546875208616257, -0.14161448180675507), (0.1588873416185379, 0.09546875208616257, -0.12191854417324066), (0.17344160377979279, 0.09546875208616257, -0.10013655573129654), (0.18502822518348694, 0.09546875208616257, -0.07664120197296143), (0.1934489756822586, 0.09546875208616257, -0.05183449760079384), (0.1985597461462021, 0.09546875208616257, -0.026140887290239334), (0.18104517459869385, 0.12999999523162842, 0.0), (0.17949630320072174, 0.12999999523162842, 0.023631136864423752), (0.17487621307373047, 0.12999999523162842, 0.046857938170433044), (0.167263925075531, 0.12999999523162842, 0.06928298622369766), (0.15678972005844116, 0.12999999523162842, 0.09052258729934692), (0.14363279938697815, 0.12999999523162842, 0.11021331697702408), (0.12801827490329742, 0.12999999523162842, 0.12801827490329742), (0.11021331697702408, 0.12999999523162842, 0.14363279938697815), (0.09052258729934692, 0.12999999523162842, 0.15678972005844116), (0.06928298622369766, 0.12999999523162842, 0.167263925075531), (0.046857938170433044, 0.12999999523162842, 0.17487621307373047), (0.023631136864423752, 0.12999999523162842, 0.17949630320072174), (0.0, 0.12999999523162842, 0.18104517459869385), (-0.023631136864423752, 0.12999999523162842, 0.17949630320072174), (-0.046857938170433044, 0.12999999523162842, 0.17487621307373047), (-0.06928298622369766, 0.12999999523162842, 0.167263925075531), (-0.09052258729934692, 0.12999999523162842, 0.15678972005844116), (-0.11021331697702408, 0.12999999523162842, 0.14363279938697815), (-0.12801827490329742, 0.12999999523162842, 0.12801827490329742), (-0.14363279938697815, 0.12999999523162842, 0.11021331697702408), (-0.15678972005844116, 0.12999999523162842, 0.09052258729934692), (-0.167263925075531, 0.12999999523162842, 0.06928298622369766), (-0.17487621307373047, 0.12999999523162842, 0.046857938170433044), (-0.17949630320072174, 0.12999999523162842, 0.023631136864423752), (-0.18104517459869385, 0.12999999523162842, 0.0), (-0.17949630320072174, 0.12999999523162842, -0.023631136864423752), (-0.17487621307373047, 0.12999999523162842, -0.046857938170433044), (-0.167263925075531, 0.12999999523162842, -0.06928298622369766), (-0.15678972005844116, 0.12999999523162842, -0.09052258729934692), (-0.14363279938697815, 0.12999999523162842, -0.11021331697702408), (-0.12801827490329742, 0.12999999523162842, -0.12801827490329742), (-0.11021331697702408, 0.12999999523162842, -0.14363279938697815), (-0.09052258729934692, 0.12999999523162842, -0.15678972005844116), (-0.06928298622369766, 0.12999999523162842, -0.167263925075531), (-0.046857938170433044, 0.12999999523162842, -0.17487621307373047), (-0.023631136864423752, 0.12999999523162842, -0.17949630320072174), (0.0, 0.12999999523162842, -0.18104517459869385), (0.023631136864423752, 0.12999999523162842, -0.17949630320072174), (0.046857938170433044, 0.12999999523162842, -0.17487621307373047), (0.06928298622369766, 0.12999999523162842, -0.167263925075531), (0.09052258729934692, 0.12999999523162842, -0.15678972005844116), (0.11021331697702408, 0.12999999523162842, -0.14363279938697815), (0.12801827490329742, 0.12999999523162842, -0.12801827490329742), (0.14363279938697815, 0.12999999523162842, -0.11021331697702408), (0.15678972005844116, 0.12999999523162842, -0.09052258729934692), (0.167263925075531, 0.12999999523162842, -0.06928298622369766), (0.17487621307373047, 0.12999999523162842, -0.046857938170433044), (0.17949630320072174, 0.12999999523162842, -0.023631136864423752), (0.16205668449401855, 0.16046875715255737, 0.0), (0.16067026555538177, 0.16046875715255737, 0.021152641624212265), (0.15653473138809204, 0.16046875715255737, 0.04194335639476776), (0.14972084760665894, 0.16046875715255737, 0.062016405165195465), (0.14034520089626312, 0.16046875715255737, 0.08102834224700928), (0.12856820225715637, 0.16046875715255737, 0.09865385293960571), (0.11459137499332428, 0.16046875715255737, 0.11459137499332428), (0.09865385293960571, 0.16046875715255737, 0.12856820225715637), (0.08102834224700928, 0.16046875715255737, 0.14034520089626312), (0.062016405165195465, 0.16046875715255737, 0.14972084760665894), (0.04194335639476776, 0.16046875715255737, 0.15653473138809204), (0.021152641624212265, 0.16046875715255737, 0.16067026555538177), (0.0, 0.16046875715255737, 0.16205668449401855), (-0.021152641624212265, 0.16046875715255737, 0.16067026555538177), (-0.04194335639476776, 0.16046875715255737, 0.15653473138809204), (-0.062016405165195465, 0.16046875715255737, 0.14972084760665894), (-0.08102834224700928, 0.16046875715255737, 0.14034520089626312), (-0.09865385293960571, 0.16046875715255737, 0.12856820225715637), (-0.11459137499332428, 0.16046875715255737, 0.11459137499332428), (-0.12856820225715637, 0.16046875715255737, 0.09865385293960571), (-0.14034520089626312, 0.16046875715255737, 0.08102834224700928), (-0.14972084760665894, 0.16046875715255737, 0.062016405165195465), (-0.15653473138809204, 0.16046875715255737, 0.04194335639476776), (-0.16067026555538177, 0.16046875715255737, 0.021152641624212265), (-0.16205668449401855, 0.16046875715255737, 0.0), (-0.16067026555538177, 0.16046875715255737, -0.021152641624212265), (-0.15653473138809204, 0.16046875715255737, -0.04194335639476776), (-0.14972084760665894, 0.16046875715255737, -0.062016405165195465), (-0.14034520089626312, 0.16046875715255737, -0.08102834224700928), (-0.12856820225715637, 0.16046875715255737, -0.09865385293960571), (-0.11459137499332428, 0.16046875715255737, -0.11459137499332428), (-0.09865385293960571, 0.16046875715255737, -0.12856820225715637), (-0.08102834224700928, 0.16046875715255737, -0.14034520089626312), (-0.062016405165195465, 0.16046875715255737, -0.14972084760665894), (-0.04194335639476776, 0.16046875715255737, -0.15653473138809204), (-0.021152641624212265, 0.16046875715255737, -0.16067026555538177), (0.0, 0.16046875715255737, -0.16205668449401855), (0.021152641624212265, 0.16046875715255737, -0.16067026555538177), (0.04194335639476776, 0.16046875715255737, -0.15653473138809204), (0.062016405165195465, 0.16046875715255737, -0.14972084760665894), (0.08102834224700928, 0.16046875715255737, -0.14034520089626312), (0.09865385293960571, 0.16046875715255737, -0.12856820225715637), (0.11459137499332428, 0.16046875715255737, -0.11459137499332428), (0.12856820225715637, 0.16046875715255737, -0.09865385293960571), (0.14034520089626312, 0.16046875715255737, -0.08102834224700928), (0.14972084760665894, 0.16046875715255737, -0.062016405165195465), (0.15653473138809204, 0.16046875715255737, -0.04194335639476776), (0.16067026555538177, 0.16046875715255737, -0.021152641624212265), (0.1433383822441101, 0.18687500059604645, 0.0), (0.1421121060848236, 0.18687500059604645, 0.018709413707256317), (0.13845425844192505, 0.18687500059604645, 0.037098705768585205), (0.1324274092912674, 0.18687500059604645, 0.054853226989507675), (0.12413468956947327, 0.18687500059604645, 0.07166919112205505), (0.11371798813343048, 0.18687500059604645, 0.08725888282060623), (0.10135554522275925, 0.18687500059604645, 0.10135554522275925), (0.08725888282060623, 0.18687500059604645, 0.11371798813343048), (0.07166919112205505, 0.18687500059604645, 0.12413468956947327), (0.054853226989507675, 0.18687500059604645, 0.1324274092912674), (0.037098705768585205, 0.18687500059604645, 0.13845425844192505), (0.018709413707256317, 0.18687500059604645, 0.1421121060848236), (0.0, 0.18687500059604645, 0.1433383822441101), (-0.018709413707256317, 0.18687500059604645, 0.1421121060848236), (-0.037098705768585205, 0.18687500059604645, 0.13845425844192505), (-0.054853226989507675, 0.18687500059604645, 0.1324274092912674), (-0.07166919112205505, 0.18687500059604645, 0.12413468956947327), (-0.08725888282060623, 0.18687500059604645, 0.11371798813343048), (-0.10135554522275925, 0.18687500059604645, 0.10135554522275925), (-0.11371798813343048, 0.18687500059604645, 0.08725888282060623), (-0.12413468956947327, 0.18687500059604645, 0.07166919112205505), (-0.1324274092912674, 0.18687500059604645, 0.054853226989507675), (-0.13845425844192505, 0.18687500059604645, 0.037098705768585205), (-0.1421121060848236, 0.18687500059604645, 0.018709413707256317), (-0.1433383822441101, 0.18687500059604645, 0.0), (-0.1421121060848236, 0.18687500059604645, -0.018709413707256317), (-0.13845425844192505, 0.18687500059604645, -0.037098705768585205), (-0.1324274092912674, 0.18687500059604645, -0.054853226989507675), (-0.12413468956947327, 0.18687500059604645, -0.07166919112205505), (-0.11371798813343048, 0.18687500059604645, -0.08725888282060623), (-0.10135554522275925, 0.18687500059604645, -0.10135554522275925), (-0.08725888282060623, 0.18687500059604645, -0.11371798813343048), (-0.07166919112205505, 0.18687500059604645, -0.12413468956947327), (-0.054853226989507675, 0.18687500059604645, -0.1324274092912674), (-0.037098705768585205, 0.18687500059604645, -0.13845425844192505), (-0.018709413707256317, 0.18687500059604645, -0.1421121060848236), (0.0, 0.18687500059604645, -0.1433383822441101), (0.018709413707256317, 0.18687500059604645, -0.1421121060848236), (0.037098705768585205, 0.18687500059604645, -0.13845425844192505), (0.054853226989507675, 0.18687500059604645, -0.1324274092912674), (0.07166919112205505, 0.18687500059604645, -0.12413468956947327), (0.08725888282060623, 0.18687500059604645, -0.11371798813343048), (0.10135554522275925, 0.18687500059604645, -0.10135554522275925), (0.11371798813343048, 0.18687500059604645, -0.08725888282060623), (0.12413468956947327, 0.18687500059604645, -0.07166919112205505), (0.1324274092912674, 0.18687500059604645, -0.054853226989507675), (0.13845425844192505, 0.18687500059604645, -0.037098705768585205), (0.1421121060848236, 0.18687500059604645, -0.018709413707256317), (0.12493085116147995, 0.20921875536441803, 0.0), (0.12386205047369003, 0.20921875536441803, 0.016306748613715172), (0.12067393213510513, 0.20921875536441803, 0.03233448415994644), (0.11542105674743652, 0.20921875536441803, 0.047808967530727386), (0.1081932932138443, 0.20921875536441803, 0.062465425580739975), (0.0991143062710762, 0.20921875536441803, 0.07605308294296265), (0.08833944797515869, 0.20921875536441803, 0.08833944797515869), (0.07605308294296265, 0.20921875536441803, 0.0991143062710762), (0.062465425580739975, 0.20921875536441803, 0.1081932932138443), (0.047808967530727386, 0.20921875536441803, 0.11542105674743652), (0.03233448415994644, 0.20921875536441803, 0.12067393213510513), (0.016306748613715172, 0.20921875536441803, 0.12386205047369003), (0.0, 0.20921875536441803, 0.12493085116147995), (-0.016306748613715172, 0.20921875536441803, 0.12386205047369003), (-0.03233448415994644, 0.20921875536441803, 0.12067393213510513), (-0.047808967530727386, 0.20921875536441803, 0.11542105674743652), (-0.062465425580739975, 0.20921875536441803, 0.1081932932138443), (-0.07605308294296265, 0.20921875536441803, 0.0991143062710762), (-0.08833944797515869, 0.20921875536441803, 0.08833944797515869), (-0.0991143062710762, 0.20921875536441803, 0.07605308294296265), (-0.1081932932138443, 0.20921875536441803, 0.062465425580739975), (-0.11542105674743652, 0.20921875536441803, 0.047808967530727386), (-0.12067393213510513, 0.20921875536441803, 0.03233448415994644), (-0.12386205047369003, 0.20921875536441803, 0.016306748613715172), (-0.12493085116147995, 0.20921875536441803, 0.0), (-0.12386205047369003, 0.20921875536441803, -0.016306748613715172), (-0.12067393213510513, 0.20921875536441803, -0.03233448415994644), (-0.11542105674743652, 0.20921875536441803, -0.047808967530727386), (-0.1081932932138443, 0.20921875536441803, -0.062465425580739975), (-0.0991143062710762, 0.20921875536441803, -0.07605308294296265), (-0.08833944797515869, 0.20921875536441803, -0.08833944797515869), (-0.07605308294296265, 0.20921875536441803, -0.0991143062710762), (-0.062465425580739975, 0.20921875536441803, -0.1081932932138443), (-0.047808967530727386, 0.20921875536441803, -0.11542105674743652), (-0.03233448415994644, 0.20921875536441803, -0.12067393213510513), (-0.016306748613715172, 0.20921875536441803, -0.12386205047369003), (0.0, 0.20921875536441803, -0.12493085116147995), (0.016306748613715172, 0.20921875536441803, -0.12386205047369003), (0.03233448415994644, 0.20921875536441803, -0.12067393213510513), (0.047808967530727386, 0.20921875536441803, -0.11542105674743652), (0.062465425580739975, 0.20921875536441803, -0.1081932932138443), (0.07605308294296265, 0.20921875536441803, -0.0991143062710762), (0.08833944797515869, 0.20921875536441803, -0.08833944797515869), (0.0991143062710762, 0.20921875536441803, -0.07605308294296265), (0.1081932932138443, 0.20921875536441803, -0.062465425580739975), (0.11542105674743652, 0.20921875536441803, -0.047808967530727386), (0.12067393213510513, 0.20921875536441803, -0.03233448415994644), (0.12386205047369003, 0.20921875536441803, -0.016306748613715172), (0.10689012706279755, 0.22750000655651093, 0.0), (0.1059756651520729, 0.22750000655651093, 0.013951960951089859), (0.10324793308973312, 0.22750000655651093, 0.02766519971191883), (0.09875360131263733, 0.22750000655651093, 0.04090508073568344), (0.09256956726312637, 0.22750000655651093, 0.05344506353139877), (0.08480163663625717, 0.22750000655651093, 0.06507058441638947), (0.07558273524045944, 0.22750000655651093, 0.07558273524045944), (0.06507058441638947, 0.22750000655651093, 0.08480163663625717), (0.05344506353139877, 0.22750000655651093, 0.09256956726312637), (0.04090508073568344, 0.22750000655651093, 0.09875360131263733), (0.02766519971191883, 0.22750000655651093, 0.10324793308973312), (0.013951960951089859, 0.22750000655651093, 0.1059756651520729), (0.0, 0.22750000655651093, 0.10689012706279755), (-0.013951960951089859, 0.22750000655651093, 0.1059756651520729), (-0.02766519971191883, 0.22750000655651093, 0.10324793308973312), (-0.04090508073568344, 0.22750000655651093, 0.09875360131263733), (-0.05344506353139877, 0.22750000655651093, 0.09256956726312637), (-0.06507058441638947, 0.22750000655651093, 0.08480163663625717), (-0.07558273524045944, 0.22750000655651093, 0.07558273524045944), (-0.08480163663625717, 0.22750000655651093, 0.06507058441638947), (-0.09256956726312637, 0.22750000655651093, 0.05344506353139877), (-0.09875360131263733, 0.22750000655651093, 0.04090508073568344), (-0.10324793308973312, 0.22750000655651093, 0.02766519971191883), (-0.1059756651520729, 0.22750000655651093, 0.013951960951089859), (-0.10689012706279755, 0.22750000655651093, 0.0), (-0.1059756651520729, 0.22750000655651093, -0.013951960951089859), (-0.10324793308973312, 0.22750000655651093, -0.02766519971191883), (-0.09875360131263733, 0.22750000655651093, -0.04090508073568344), (-0.09256956726312637, 0.22750000655651093, -0.05344506353139877), (-0.08480163663625717, 0.22750000655651093, -0.06507058441638947), (-0.07558273524045944, 0.22750000655651093, -0.07558273524045944), (-0.06507058441638947, 0.22750000655651093, -0.08480163663625717), (-0.05344506353139877, 0.22750000655651093, -0.09256956726312637), (-0.04090508073568344, 0.22750000655651093, -0.09875360131263733), (-0.02766519971191883, 0.22750000655651093, -0.10324793308973312), (-0.013951960951089859, 0.22750000655651093, -0.1059756651520729), (0.0, 0.22750000655651093, -0.10689012706279755), (0.013951960951089859, 0.22750000655651093, -0.1059756651520729), (0.02766519971191883, 0.22750000655651093, -0.10324793308973312), (0.04090508073568344, 0.22750000655651093, -0.09875360131263733), (0.05344506353139877, 0.22750000655651093, -0.09256956726312637), (0.06507058441638947, 0.22750000655651093, -0.08480163663625717), (0.07558273524045944, 0.22750000655651093, -0.07558273524045944), (0.08480163663625717, 0.22750000655651093, -0.06507058441638947), (0.09256956726312637, 0.22750000655651093, -0.05344506353139877), (0.09875360131263733, 0.22750000655651093, -0.04090508073568344), (0.10324793308973312, 0.22750000655651093, -0.02766519971191883), (0.1059756651520729, 0.22750000655651093, -0.013951960951089859), (0.0892992913722992, 0.24171875417232513, 0.0), (0.08853532373905182, 0.24171875417232513, 0.011655895970761776), (0.0862564891576767, 0.24171875417232513, 0.023112356662750244), (0.08250178396701813, 0.24171875417232513, 0.03417335823178291), (0.07733545452356339, 0.24171875417232513, 0.0446496456861496), (0.07084588706493378, 0.24171875417232513, 0.05436196178197861), (0.06314413249492645, 0.24171875417232513, 0.06314413249492645), (0.05436196178197861, 0.24171875417232513, 0.07084588706493378), (0.0446496456861496, 0.24171875417232513, 0.07733545452356339), (0.03417335823178291, 0.24171875417232513, 0.08250178396701813), (0.023112356662750244, 0.24171875417232513, 0.0862564891576767), (0.011655895970761776, 0.24171875417232513, 0.08853532373905182), (0.0, 0.24171875417232513, 0.0892992913722992), (-0.011655895970761776, 0.24171875417232513, 0.08853532373905182), (-0.023112356662750244, 0.24171875417232513, 0.0862564891576767), (-0.03417335823178291, 0.24171875417232513, 0.08250178396701813), (-0.0446496456861496, 0.24171875417232513, 0.07733545452356339), (-0.05436196178197861, 0.24171875417232513, 0.07084588706493378), (-0.06314413249492645, 0.24171875417232513, 0.06314413249492645), (-0.07084588706493378, 0.24171875417232513, 0.05436196178197861), (-0.07733545452356339, 0.24171875417232513, 0.0446496456861496), (-0.08250178396701813, 0.24171875417232513, 0.03417335823178291), (-0.0862564891576767, 0.24171875417232513, 0.023112356662750244), (-0.08853532373905182, 0.24171875417232513, 0.011655895970761776), (-0.0892992913722992, 0.24171875417232513, 0.0), (-0.08853532373905182, 0.24171875417232513, -0.011655895970761776), (-0.0862564891576767, 0.24171875417232513, -0.023112356662750244), (-0.08250178396701813, 0.24171875417232513, -0.03417335823178291), (-0.07733545452356339, 0.24171875417232513, -0.0446496456861496), (-0.07084588706493378, 0.24171875417232513, -0.05436196178197861), (-0.06314413249492645, 0.24171875417232513, -0.06314413249492645), (-0.05436196178197861, 0.24171875417232513, -0.07084588706493378), (-0.0446496456861496, 0.24171875417232513, -0.07733545452356339), (-0.03417335823178291, 0.24171875417232513, -0.08250178396701813), (-0.023112356662750244, 0.24171875417232513, -0.0862564891576767), (-0.011655895970761776, 0.24171875417232513, -0.08853532373905182), (0.0, 0.24171875417232513, -0.0892992913722992), (0.011655895970761776, 0.24171875417232513, -0.08853532373905182), (0.023112356662750244, 0.24171875417232513, -0.0862564891576767), (0.03417335823178291, 0.24171875417232513, -0.08250178396701813), (0.0446496456861496, 0.24171875417232513, -0.07733545452356339), (0.05436196178197861, 0.24171875417232513, -0.07084588706493378), (0.06314413249492645, 0.24171875417232513, -0.06314413249492645), (0.07084588706493378, 0.24171875417232513, -0.05436196178197861), (0.07733545452356339, 0.24171875417232513, -0.0446496456861496), (0.08250178396701813, 0.24171875417232513, -0.03417335823178291), (0.0862564891576767, 0.24171875417232513, -0.023112356662750244), (0.08853532373905182, 0.24171875417232513, -0.011655895970761776), (0.07229556888341904, 0.25187501311302185, 0.0), (0.0716770738363266, 0.25187501311302185, 0.009436465799808502), (0.06983216106891632, 0.25187501311302185, 0.018711470067501068), (0.06679239869117737, 0.25187501311302185, 0.02766631729900837), (0.06260979920625687, 0.25187501311302185, 0.03614778444170952), (0.057355932891368866, 0.25187501311302185, 0.04401075467467308), (0.05112069100141525, 0.25187501311302185, 0.05112069100141525), (0.04401075467467308, 0.25187501311302185, 0.057355932891368866), (0.03614778444170952, 0.25187501311302185, 0.06260979920625687), (0.02766631729900837, 0.25187501311302185, 0.06679239869117737), (0.018711470067501068, 0.25187501311302185, 0.06983216106891632), (0.009436465799808502, 0.25187501311302185, 0.0716770738363266), (0.0, 0.25187501311302185, 0.07229556888341904), (-0.009436465799808502, 0.25187501311302185, 0.0716770738363266), (-0.018711470067501068, 0.25187501311302185, 0.06983216106891632), (-0.02766631729900837, 0.25187501311302185, 0.06679239869117737), (-0.03614778444170952, 0.25187501311302185, 0.06260979920625687), (-0.04401075467467308, 0.25187501311302185, 0.057355932891368866), (-0.05112069100141525, 0.25187501311302185, 0.05112069100141525), (-0.057355932891368866, 0.25187501311302185, 0.04401075467467308), (-0.06260979920625687, 0.25187501311302185, 0.03614778444170952), (-0.06679239869117737, 0.25187501311302185, 0.02766631729900837), (-0.06983216106891632, 0.25187501311302185, 0.018711470067501068), (-0.0716770738363266, 0.25187501311302185, 0.009436465799808502), (-0.07229556888341904, 0.25187501311302185, 0.0), (-0.0716770738363266, 0.25187501311302185, -0.009436465799808502), (-0.06983216106891632, 0.25187501311302185, -0.018711470067501068), (-0.06679239869117737, 0.25187501311302185, -0.02766631729900837), (-0.06260979920625687, 0.25187501311302185, -0.03614778444170952), (-0.057355932891368866, 0.25187501311302185, -0.04401075467467308), (-0.05112069100141525, 0.25187501311302185, -0.05112069100141525), (-0.04401075467467308, 0.25187501311302185, -0.057355932891368866), (-0.03614778444170952, 0.25187501311302185, -0.06260979920625687), (-0.02766631729900837, 0.25187501311302185, -0.06679239869117737), (-0.018711470067501068, 0.25187501311302185, -0.06983216106891632), (-0.009436465799808502, 0.25187501311302185, -0.0716770738363266), (0.0, 0.25187501311302185, -0.07229556888341904), (0.009436465799808502, 0.25187501311302185, -0.0716770738363266), (0.018711470067501068, 0.25187501311302185, -0.06983216106891632), (0.02766631729900837, 0.25187501311302185, -0.06679239869117737), (0.03614778444170952, 0.25187501311302185, -0.06260979920625687), (0.04401075467467308, 0.25187501311302185, -0.057355932891368866), (0.05112069100141525, 0.25187501311302185, -0.05112069100141525), (0.057355932891368866, 0.25187501311302185, -0.04401075467467308), (0.06260979920625687, 0.25187501311302185, -0.03614778444170952), (0.06679239869117737, 0.25187501311302185, -0.02766631729900837), (0.06983216106891632, 0.25187501311302185, -0.018711470067501068), (0.0716770738363266, 0.25187501311302185, -0.009436465799808502), (0.056156642735004425, 0.2579687535762787, 0.0), (0.05567621439695358, 0.2579687535762787, 0.007329912856221199), (0.05424315109848976, 0.2579687535762787, 0.01453440822660923), (0.05188197270035744, 0.2579687535762787, 0.02149021625518799), (0.04863307997584343, 0.2579687535762787, 0.028078321367502213), (0.04455205798149109, 0.2579687535762787, 0.034185998141765594), (0.03970874100923538, 0.2579687535762787, 0.03970874100923538), (0.034185998141765594, 0.2579687535762787, 0.04455205798149109), (0.028078321367502213, 0.2579687535762787, 0.04863307997584343), (0.02149021625518799, 0.2579687535762787, 0.05188197270035744), (0.01453440822660923, 0.2579687535762787, 0.05424315109848976), (0.007329912856221199, 0.2579687535762787, 0.05567621439695358), (0.0, 0.2579687535762787, 0.056156642735004425), (-0.007329912856221199, 0.2579687535762787, 0.05567621439695358), (-0.01453440822660923, 0.2579687535762787, 0.05424315109848976), (-0.02149021625518799, 0.2579687535762787, 0.05188197270035744), (-0.028078321367502213, 0.2579687535762787, 0.04863307997584343), (-0.034185998141765594, 0.2579687535762787, 0.04455205798149109), (-0.03970874100923538, 0.2579687535762787, 0.03970874100923538), (-0.04455205798149109, 0.2579687535762787, 0.034185998141765594), (-0.04863307997584343, 0.2579687535762787, 0.028078321367502213), (-0.05188197270035744, 0.2579687535762787, 0.02149021625518799), (-0.05424315109848976, 0.2579687535762787, 0.01453440822660923), (-0.05567621439695358, 0.2579687535762787, 0.007329912856221199), (-0.056156642735004425, 0.2579687535762787, 0.0), (-0.05567621439695358, 0.2579687535762787, -0.007329912856221199), (-0.05424315109848976, 0.2579687535762787, -0.01453440822660923), (-0.05188197270035744, 0.2579687535762787, -0.02149021625518799), (-0.04863307997584343, 0.2579687535762787, -0.028078321367502213), (-0.04455205798149109, 0.2579687535762787, -0.034185998141765594), (-0.03970874100923538, 0.2579687535762787, -0.03970874100923538), (-0.034185998141765594, 0.2579687535762787, -0.04455205798149109), (-0.028078321367502213, 0.2579687535762787, -0.04863307997584343), (-0.02149021625518799, 0.2579687535762787, -0.05188197270035744), (-0.01453440822660923, 0.2579687535762787, -0.05424315109848976), (-0.007329912856221199, 0.2579687535762787, -0.05567621439695358), (0.0, 0.2579687535762787, -0.056156642735004425), (0.007329912856221199, 0.2579687535762787, -0.05567621439695358), (0.01453440822660923, 0.2579687535762787, -0.05424315109848976), (0.02149021625518799, 0.2579687535762787, -0.05188197270035744), (0.028078321367502213, 0.2579687535762787, -0.04863307997584343), (0.034185998141765594, 0.2579687535762787, -0.04455205798149109), (0.03970874100923538, 0.2579687535762787, -0.03970874100923538), (0.04455205798149109, 0.2579687535762787, -0.034185998141765594), (0.04863307997584343, 0.2579687535762787, -0.028078321367502213), (0.05188197270035744, 0.2579687535762787, -0.02149021625518799), (0.05424315109848976, 0.2579687535762787, -0.01453440822660923), (0.05567621439695358, 0.2579687535762787, -0.007329912856221199), (0.042043596506118774, 0.25999999046325684, 0.0), (0.04168390855193138, 0.25999999046325684, 0.005487790796905756), (0.04061099514365196, 0.25999999046325684, 0.01088168378919363), (0.038843218237161636, 0.25999999046325684, 0.016089387238025665), (0.036410823464393616, 0.25999999046325684, 0.021021798253059387), (0.03335542976856232, 0.25999999046325684, 0.025594519451260567), (0.029729312285780907, 0.25999999046325684, 0.029729312285780907), (0.025594519451260567, 0.25999999046325684, 0.03335542976856232), (0.021021798253059387, 0.25999999046325684, 0.036410823464393616), (0.016089387238025665, 0.25999999046325684, 0.038843218237161636), (0.01088168378919363, 0.25999999046325684, 0.04061099514365196), (0.005487790796905756, 0.25999999046325684, 0.04168390855193138), (0.0, 0.25999999046325684, 0.042043596506118774), (-0.005487790796905756, 0.25999999046325684, 0.04168390855193138), (-0.01088168378919363, 0.25999999046325684, 0.04061099514365196), (-0.016089387238025665, 0.25999999046325684, 0.038843218237161636), (-0.021021798253059387, 0.25999999046325684, 0.036410823464393616), (-0.025594519451260567, 0.25999999046325684, 0.03335542976856232), (-0.029729312285780907, 0.25999999046325684, 0.029729312285780907), (-0.03335542976856232, 0.25999999046325684, 0.025594519451260567), (-0.036410823464393616, 0.25999999046325684, 0.021021798253059387), (-0.038843218237161636, 0.25999999046325684, 0.016089387238025665), (-0.04061099514365196, 0.25999999046325684, 0.01088168378919363), (-0.04168390855193138, 0.25999999046325684, 0.005487790796905756), (-0.042043596506118774, 0.25999999046325684, 0.0), (-0.04168390855193138, 0.25999999046325684, -0.005487790796905756), (-0.04061099514365196, 0.25999999046325684, -0.01088168378919363), (-0.038843218237161636, 0.25999999046325684, -0.016089387238025665), (-0.036410823464393616, 0.25999999046325684, -0.021021798253059387), (-0.03335542976856232, 0.25999999046325684, -0.025594519451260567), (-0.029729312285780907, 0.25999999046325684, -0.029729312285780907), (-0.025594519451260567, 0.25999999046325684, -0.03335542976856232), (-0.021021798253059387, 0.25999999046325684, -0.036410823464393616), (-0.016089387238025665, 0.25999999046325684, -0.038843218237161636), (-0.01088168378919363, 0.25999999046325684, -0.04061099514365196), (-0.005487790796905756, 0.25999999046325684, -0.04168390855193138), (0.0, 0.25999999046325684, -0.042043596506118774), (0.005487790796905756, 0.25999999046325684, -0.04168390855193138), (0.01088168378919363, 0.25999999046325684, -0.04061099514365196), (0.016089387238025665, 0.25999999046325684, -0.038843218237161636), (0.021021798253059387, 0.25999999046325684, -0.036410823464393616), (0.025594519451260567, 0.25999999046325684, -0.03335542976856232), (0.029729312285780907, 0.25999999046325684, -0.029729312285780907), (0.03335542976856232, 0.25999999046325684, -0.025594519451260567), (0.036410823464393616, 0.25999999046325684, -0.021021798253059387), (0.038843218237161636, 0.25999999046325684, -0.016089387238025665), (0.04061099514365196, 0.25999999046325684, -0.01088168378919363), (0.04168390855193138, 0.25999999046325684, -0.005487790796905756)]
        int[] faceVertexCounts = [4, 4, 4, 4, 4, 4, 4, 4, 4, 4, 4, 4, 4, 4, 4, 4, 4, 4, 4, 4, 4, 4, 4, 4, 4, 4, 4, 4, 4, 4, 4, 4, 4, 4, 4, 4, 4, 4, 4, 4, 4, 4, 4, 4, 4, 4, 4, 4, 4, 4, 4, 4, 4, 4, 4, 4, 4, 4, 4, 4, 4, 4, 4, 4, 4, 4, 4, 4, 4, 4, 4, 4, 4, 4, 4, 4, 4, 4, 4, 4, 4, 4, 4, 4, 4, 4, 4, 4, 4, 4, 4, 4, 4, 4, 4, 4, 4, 4, 4, 4, 4, 4, 4, 4, 4, 4, 4, 4, 4, 4, 4, 4, 4, 4, 4, 4, 4, 4, 4, 4, 4, 4, 4, 4, 4, 4, 4, 4, 4, 4, 4, 4, 4, 4, 4, 4, 4, 4, 4, 4, 4, 4, 4, 4, 4, 4, 4, 4, 4, 4, 4, 4, 4, 4, 4, 4, 4, 4, 4, 4, 4, 4, 4, 4, 4, 4, 4, 4, 4, 4, 4, 4, 4, 4, 4, 4, 4, 4, 4, 4, 4, 4, 4, 4, 4, 4, 4, 4, 4, 4, 4, 4, 4, 4, 4, 4, 4, 4, 4, 4, 4, 4, 4, 4, 4, 4, 4, 4, 4, 4, 4, 4, 4, 4, 4, 4, 4, 4, 4, 4, 4, 4, 4, 4, 4, 4, 4, 4, 4, 4, 4, 4, 4, 4, 4, 4, 4, 4, 4, 4, 4, 4, 4, 4, 4, 4, 4, 4, 4, 4, 4, 4, 4, 4, 4, 4, 4, 4, 4, 4, 4, 4, 4, 4, 4, 4, 4, 4, 4, 4, 4, 4, 4, 4, 4, 4, 4, 4, 4, 4, 4, 4, 4, 4, 4, 4, 4, 4, 4, 4, 4, 4, 4, 4, 4, 4, 4, 4, 4, 4, 4, 4, 4, 4, 4, 4, 4, 4, 4, 4, 4, 4, 4, 4, 4, 4, 4, 4, 4, 4, 4, 4, 4, 4, 4, 4, 4, 4, 4, 4, 4, 4, 4, 4, 4, 4, 4, 4, 4, 4, 4, 4, 4, 4, 4, 4, 4, 4, 4, 4, 4, 4, 4, 4, 4, 4, 4, 4, 4, 4, 4, 4, 4, 4, 4, 4, 4, 4, 4, 4, 4, 4, 4, 4, 4, 4, 4, 4, 4, 4, 4, 4, 4, 4, 4, 4, 4, 4, 4, 4, 4, 4, 4, 4, 4, 4, 4, 4, 4, 4, 4, 4, 4, 4, 4, 4, 4, 4, 4, 4, 4, 4, 4, 4, 4, 4, 4, 4, 4, 4, 4, 4, 4, 4, 4, 4, 4, 4, 4, 4, 4, 4, 4, 4, 4, 4, 4, 4, 4, 4, 4, 4, 4, 4, 4, 4, 4, 4, 4, 4, 4, 4, 4, 4, 4, 4, 4, 4, 4, 4, 4, 4, 4, 4, 4, 4, 4, 4, 4, 4, 4, 4, 4, 4, 4, 4, 4, 4, 4, 4, 4, 4, 4, 4, 4, 4, 4, 4, 4, 4, 4, 4, 4, 4, 4, 4, 4, 4, 4, 4, 4, 4, 4, 4, 4, 4, 4, 4, 4, 4, 4, 4, 4, 4, 4, 4, 4, 4, 4, 4, 4, 4, 4, 4, 4, 4, 4, 4, 4, 4, 4, 4, 4, 4, 4, 4, 4, 4, 4, 4, 4, 4, 4, 4, 4, 4, 4, 4, 4, 4, 4, 4, 4, 4, 4, 4, 4, 4, 4, 4, 4, 4, 4, 4, 4, 4, 4, 4, 4, 4, 4, 4, 4, 4, 4, 4, 4, 4, 4, 4, 4, 4, 4, 4, 4, 4, 4, 4, 4, 4, 4, 4, 4, 4, 4, 4, 4, 4, 4, 4, 4, 4, 4, 4, 4, 4, 4, 4, 4, 4, 4, 4, 4, 4, 4, 4, 4, 4, 4, 4, 4, 4, 4, 4, 4, 4, 4, 4, 4, 4, 4, 4, 4, 4, 4, 4, 4, 4, 4, 4, 4, 4, 4, 4, 4, 4, 4, 4, 4, 4, 4, 4, 4, 4, 4, 4, 4, 4, 4, 4, 4, 4, 4, 4, 4, 4, 4, 4, 4, 4, 4, 4, 4, 4, 4, 4, 4, 4, 4, 4, 4, 4, 4, 4, 4, 4, 4, 4, 4, 4, 4, 4, 4, 4, 4, 4, 4, 4, 4, 4, 4, 4, 4, 4, 4, 4, 4, 4, 4, 4, 4, 4, 4, 4, 4, 4, 4, 4, 4, 4, 4, 4, 4, 4, 4, 4, 4, 4, 4, 4, 4, 4, 4, 4, 4, 4, 4, 4, 4, 4, 4, 4, 4, 4, 4, 4, 4, 4, 4, 4, 4, 4, 4, 4, 4, 4, 4, 4, 4, 4, 4, 4, 4, 4, 4, 4, 4, 4, 4, 4, 4, 4, 4, 4, 4, 4, 4, 4, 4, 4, 4, 4, 4, 4, 4, 4, 4, 4, 4, 4, 4, 4, 4, 4, 4, 4, 4, 4, 4, 4, 4, 4, 4, 4, 4, 4, 4, 4, 4, 4, 4, 4, 4, 4, 4, 4, 4, 4, 4, 4, 4, 4, 4, 4, 4, 4, 4, 4, 4, 4, 4, 4, 4, 4, 4, 4, 4, 4, 4, 4, 4, 4, 4, 4, 4, 4, 4, 4, 4, 4, 4, 4, 4, 4, 4, 4, 4, 4, 4, 4, 4, 4, 4, 4, 4, 4, 4, 4, 4, 4, 4, 4, 4, 4, 4, 4, 4, 4, 4, 4, 4, 4, 4, 4, 4, 4, 4, 4, 4, 4, 4, 4, 4, 4, 4, 4, 4, 4, 4, 4, 4, 4, 4, 4, 4, 4, 4, 4, 4, 4, 4, 4, 4, 4, 4, 4, 4, 4, 4, 4, 4, 4, 4, 4, 4, 4, 4, 4, 4, 4, 4, 4, 4, 4, 4, 4, 4, 4, 4, 4, 4, 4, 4, 4, 4, 4, 4, 4, 4, 4, 4, 4, 4, 4, 4, 4, 4, 4, 4, 4, 4, 4, 4, 4, 4, 4, 4, 4, 4, 4, 4, 4, 4, 4, 4, 4, 4, 4, 4, 4, 4, 4, 4, 4, 4, 4, 4, 4, 4, 4, 4, 4, 4, 4, 4, 4, 4, 4, 4, 4, 4, 4, 4, 4, 4, 4, 4, 4, 4, 4, 4, 4, 4, 4, 4, 4, 4, 4, 4, 4, 4, 4, 4, 4, 4, 4, 4, 4, 4, 4, 4, 4, 4, 4, 4, 4, 4, 4, 4, 4, 4, 4, 4, 4, 4, 4, 4, 4, 4, 4, 4, 4, 4, 4, 4, 4, 4, 4, 4, 4, 4, 4, 4, 4, 4, 4, 4, 4, 4, 4, 4, 4, 4, 4, 4, 4, 4, 4, 4, 4, 4, 4, 4, 4, 4, 4, 4, 4, 4, 4, 4, 4, 4, 4, 4, 4, 4, 4, 4, 4, 4, 4, 4, 4, 4, 4, 4, 4, 4, 4, 4, 4, 4, 4, 4, 4, 4, 4, 4, 4, 4, 4, 4, 4, 4, 4, 4, 4, 4, 4, 4, 4, 4, 4, 4, 4, 4, 4, 4, 4, 4, 4, 4, 4, 4, 4, 4, 4, 4, 4, 4, 4, 4, 4, 4, 4, 4, 4, 4, 4, 4, 4, 4, 4, 4, 4, 4, 4, 4, 4, 4, 4, 4, 4, 4, 4, 4, 4, 4, 4, 4, 4, 4, 4, 4, 4, 4, 4, 4, 4, 4, 4, 4, 4, 4, 4, 4, 4, 4, 4, 4, 4, 4, 4, 4, 4, 4, 4, 4, 4, 4, 4, 4, 4, 4, 4, 4, 4, 4, 4, 4, 4, 4, 4, 4, 4, 4, 4, 4, 4, 4, 4, 4, 4, 4, 4, 4, 4, 4, 4, 4, 4, 4, 4, 4, 4, 4, 4, 4, 4, 4, 4, 4, 4, 4, 4, 4, 4, 4, 4, 4, 4, 4, 4, 4, 4, 4, 4, 4, 4, 4, 4, 4, 4, 4, 4, 4, 4, 4, 4, 4, 4, 4, 4, 4, 4, 4, 4, 4, 4, 4, 4, 4, 4, 4, 4, 4, 4, 4, 4, 4, 4, 4, 4, 4, 4, 4, 4, 4, 4, 4, 4, 4, 4, 4, 4, 4, 4, 4, 4, 4, 4, 4, 4, 4, 4, 4, 4, 4, 4, 4, 4, 4, 4, 4, 4, 4, 4, 4, 4, 4, 4, 4, 4, 4, 4, 4, 4, 4, 4, 4, 4, 4, 4, 4, 4, 4, 4, 4, 4, 4, 4, 4, 4, 4, 4, 4, 4, 4, 4, 4, 4, 4, 4, 4, 4, 4, 4, 4, 4, 4, 4, 4, 4, 4, 4, 4, 4, 4, 4, 4, 4, 4, 4, 4, 4, 4, 4, 4, 4, 4, 4, 4, 4, 4, 4, 4, 4, 4, 4, 4, 4, 4, 4, 4, 4, 4, 4, 4, 4, 4, 4, 4, 4, 4, 4, 4, 4, 4, 4, 4, 4, 4, 4, 4, 4, 4, 4, 4, 4, 4, 4, 4, 4, 4, 4, 4, 4, 4, 4, 4, 4, 4, 4, 4, 4, 4, 4, 4, 4, 4, 4, 4, 4, 4, 4, 4, 4, 4, 4, 4, 4, 4, 4, 4, 4, 4, 4, 4, 4, 4, 4, 4, 4, 4, 4, 4, 4, 4, 4, 4, 4, 4, 4, 4, 4, 4, 4, 4, 4, 4, 4, 4, 4, 4, 4, 4, 4, 4, 4, 4, 4, 4, 4, 4, 4, 4, 4, 4, 4, 4, 4, 4, 4, 4, 4, 4, 4, 4, 4, 4, 4, 4, 4, 4, 4, 4, 4, 4, 4, 4, 4, 4, 4, 4, 4, 4, 4, 4, 4, 4, 4, 4, 4, 4, 4, 4, 4, 4, 4, 4, 4, 4, 4, 4, 4, 4, 4, 4, 4, 4, 4, 4, 4, 4, 4, 4, 4, 4, 4, 4, 4, 4, 4, 4, 4, 4, 4, 4, 4, 4, 4, 4, 4, 4, 4, 4, 4, 4, 4, 4, 4, 4, 4, 4, 4, 4, 4, 4, 4, 4, 4, 4, 4, 4, 4, 4, 4, 4, 4, 4, 4, 4, 4, 4, 4, 4, 4, 4, 4, 4, 4]
        int[] faceVertexIndices = [0, 48, 49, 1, 1, 49, 50, 2, 2, 50, 51, 3, 3, 51, 52, 4, 4, 52, 53, 5, 5, 53, 54, 6, 6, 54, 55, 7, 7, 55, 56, 8, 8, 56, 57, 9, 9, 57, 58, 10, 10, 58, 59, 11, 11, 59, 60, 12, 12, 60, 61, 13, 13, 61, 62, 14, 14, 62, 63, 15, 15, 63, 64, 16, 16, 64, 65, 17, 17, 65, 66, 18, 18, 66, 67, 19, 19, 67, 68, 20, 20, 68, 69, 21, 21, 69, 70, 22, 22, 70, 71, 23, 23, 71, 72, 24, 24, 72, 73, 25, 25, 73, 74, 26, 26, 74, 75, 27, 27, 75, 76, 28, 28, 76, 77, 29, 29, 77, 78, 30, 30, 78, 79, 31, 31, 79, 80, 32, 32, 80, 81, 33, 33, 81, 82, 34, 34, 82, 83, 35, 35, 83, 84, 36, 36, 84, 85, 37, 37, 85, 86, 38, 38, 86, 87, 39, 39, 87, 88, 40, 40, 88, 89, 41, 41, 89, 90, 42, 42, 90, 91, 43, 43, 91, 92, 44, 44, 92, 93, 45, 45, 93, 94, 46, 46, 94, 95, 47, 47, 95, 48, 0, 48, 96, 97, 49, 49, 97, 98, 50, 50, 98, 99, 51, 51, 99, 100, 52, 52, 100, 101, 53, 53, 101, 102, 54, 54, 102, 103, 55, 55, 103, 104, 56, 56, 104, 105, 57, 57, 105, 106, 58, 58, 106, 107, 59, 59, 107, 108, 60, 60, 108, 109, 61, 61, 109, 110, 62, 62, 110, 111, 63, 63, 111, 112, 64, 64, 112, 113, 65, 65, 113, 114, 66, 66, 114, 115, 67, 67, 115, 116, 68, 68, 116, 117, 69, 69, 117, 118, 70, 70, 118, 119, 71, 71, 119, 120, 72, 72, 120, 121, 73, 73, 121, 122, 74, 74, 122, 123, 75, 75, 123, 124, 76, 76, 124, 125, 77, 77, 125, 126, 78, 78, 126, 127, 79, 79, 127, 128, 80, 80, 128, 129, 81, 81, 129, 130, 82, 82, 130, 131, 83, 83, 131, 132, 84, 84, 132, 133, 85, 85, 133, 134, 86, 86, 134, 135, 87, 87, 135, 136, 88, 88, 136, 137, 89, 89, 137, 138, 90, 90, 138, 139, 91, 91, 139, 140, 92, 92, 140, 141, 93, 93, 141, 142, 94, 94, 142, 143, 95, 95, 143, 96, 48, 96, 144, 145, 97, 97, 145, 146, 98, 98, 146, 147, 99, 99, 147, 148, 100, 100, 148, 149, 101, 101, 149, 150, 102, 102, 150, 151, 103, 103, 151, 152, 104, 104, 152, 153, 105, 105, 153, 154, 106, 106, 154, 155, 107, 107, 155, 156, 108, 108, 156, 157, 109, 109, 157, 158, 110, 110, 158, 159, 111, 111, 159, 160, 112, 112, 160, 161, 113, 113, 161, 162, 114, 114, 162, 163, 115, 115, 163, 164, 116, 116, 164, 165, 117, 117, 165, 166, 118, 118, 166, 167, 119, 119, 167, 168, 120, 120, 168, 169, 121, 121, 169, 170, 122, 122, 170, 171, 123, 123, 171, 172, 124, 124, 172, 173, 125, 125, 173, 174, 126, 126, 174, 175, 127, 127, 175, 176, 128, 128, 176, 177, 129, 129, 177, 178, 130, 130, 178, 179, 131, 131, 179, 180, 132, 132, 180, 181, 133, 133, 181, 182, 134, 134, 182, 183, 135, 135, 183, 184, 136, 136, 184, 185, 137, 137, 185, 186, 138, 138, 186, 187, 139, 139, 187, 188, 140, 140, 188, 189, 141, 141, 189, 190, 142, 142, 190, 191, 143, 143, 191, 144, 96, 144, 192, 193, 145, 145, 193, 194, 146, 146, 194, 195, 147, 147, 195, 196, 148, 148, 196, 197, 149, 149, 197, 198, 150, 150, 198, 199, 151, 151, 199, 200, 152, 152, 200, 201, 153, 153, 201, 202, 154, 154, 202, 203, 155, 155, 203, 204, 156, 156, 204, 205, 157, 157, 205, 206, 158, 158, 206, 207, 159, 159, 207, 208, 160, 160, 208, 209, 161, 161, 209, 210, 162, 162, 210, 211, 163, 163, 211, 212, 164, 164, 212, 213, 165, 165, 213, 214, 166, 166, 214, 215, 167, 167, 215, 216, 168, 168, 216, 217, 169, 169, 217, 218, 170, 170, 218, 219, 171, 171, 219, 220, 172, 172, 220, 221, 173, 173, 221, 222, 174, 174, 222, 223, 175, 175, 223, 224, 176, 176, 224, 225, 177, 177, 225, 226, 178, 178, 226, 227, 179, 179, 227, 228, 180, 180, 228, 229, 181, 181, 229, 230, 182, 182, 230, 231, 183, 183, 231, 232, 184, 184, 232, 233, 185, 185, 233, 234, 186, 186, 234, 235, 187, 187, 235, 236, 188, 188, 236, 237, 189, 189, 237, 238, 190, 190, 238, 239, 191, 191, 239, 192, 144, 192, 240, 241, 193, 193, 241, 242, 194, 194, 242, 243, 195, 195, 243, 244, 196, 196, 244, 245, 197, 197, 245, 246, 198, 198, 246, 247, 199, 199, 247, 248, 200, 200, 248, 249, 201, 201, 249, 250, 202, 202, 250, 251, 203, 203, 251, 252, 204, 204, 252, 253, 205, 205, 253, 254, 206, 206, 254, 255, 207, 207, 255, 256, 208, 208, 256, 257, 209, 209, 257, 258, 210, 210, 258, 259, 211, 211, 259, 260, 212, 212, 260, 261, 213, 213, 261, 262, 214, 214, 262, 263, 215, 215, 263, 264, 216, 216, 264, 265, 217, 217, 265, 266, 218, 218, 266, 267, 219, 219, 267, 268, 220, 220, 268, 269, 221, 221, 269, 270, 222, 222, 270, 271, 223, 223, 271, 272, 224, 224, 272, 273, 225, 225, 273, 274, 226, 226, 274, 275, 227, 227, 275, 276, 228, 228, 276, 277, 229, 229, 277, 278, 230, 230, 278, 279, 231, 231, 279, 280, 232, 232, 280, 281, 233, 233, 281, 282, 234, 234, 282, 283, 235, 235, 283, 284, 236, 236, 284, 285, 237, 237, 285, 286, 238, 238, 286, 287, 239, 239, 287, 240, 192, 240, 288, 289, 241, 241, 289, 290, 242, 242, 290, 291, 243, 243, 291, 292, 244, 244, 292, 293, 245, 245, 293, 294, 246, 246, 294, 295, 247, 247, 295, 296, 248, 248, 296, 297, 249, 249, 297, 298, 250, 250, 298, 299, 251, 251, 299, 300, 252, 252, 300, 301, 253, 253, 301, 302, 254, 254, 302, 303, 255, 255, 303, 304, 256, 256, 304, 305, 257, 257, 305, 306, 258, 258, 306, 307, 259, 259, 307, 308, 260, 260, 308, 309, 261, 261, 309, 310, 262, 262, 310, 311, 263, 263, 311, 312, 264, 264, 312, 313, 265, 265, 313, 314, 266, 266, 314, 315, 267, 267, 315, 316, 268, 268, 316, 317, 269, 269, 317, 318, 270, 270, 318, 319, 271, 271, 319, 320, 272, 272, 320, 321, 273, 273, 321, 322, 274, 274, 322, 323, 275, 275, 323, 324, 276, 276, 324, 325, 277, 277, 325, 326, 278, 278, 326, 327, 279, 279, 327, 328, 280, 280, 328, 329, 281, 281, 329, 330, 282, 282, 330, 331, 283, 283, 331, 332, 284, 284, 332, 333, 285, 285, 333, 334, 286, 286, 334, 335, 287, 287, 335, 288, 240, 288, 336, 337, 289, 289, 337, 338, 290, 290, 338, 339, 291, 291, 339, 340, 292, 292, 340, 341, 293, 293, 341, 342, 294, 294, 342, 343, 295, 295, 343, 344, 296, 296, 344, 345, 297, 297, 345, 346, 298, 298, 346, 347, 299, 299, 347, 348, 300, 300, 348, 349, 301, 301, 349, 350, 302, 302, 350, 351, 303, 303, 351, 352, 304, 304, 352, 353, 305, 305, 353, 354, 306, 306, 354, 355, 307, 307, 355, 356, 308, 308, 356, 357, 309, 309, 357, 358, 310, 310, 358, 359, 311, 311, 359, 360, 312, 312, 360, 361, 313, 313, 361, 362, 314, 314, 362, 363, 315, 315, 363, 364, 316, 316, 364, 365, 317, 317, 365, 366, 318, 318, 366, 367, 319, 319, 367, 368, 320, 320, 368, 369, 321, 321, 369, 370, 322, 322, 370, 371, 323, 323, 371, 372, 324, 324, 372, 373, 325, 325, 373, 374, 326, 326, 374, 375, 327, 327, 375, 376, 328, 328, 376, 377, 329, 329, 377, 378, 330, 330, 378, 379, 331, 331, 379, 380, 332, 332, 380, 381, 333, 333, 381, 382, 334, 334, 382, 383, 335, 335, 383, 336, 288, 336, 384, 385, 337, 337, 385, 386, 338, 338, 386, 387, 339, 339, 387, 388, 340, 340, 388, 389, 341, 341, 389, 390, 342, 342, 390, 391, 343, 343, 391, 392, 344, 344, 392, 393, 345, 345, 393, 394, 346, 346, 394, 395, 347, 347, 395, 396, 348, 348, 396, 397, 349, 349, 397, 398, 350, 350, 398, 399, 351, 351, 399, 400, 352, 352, 400, 401, 353, 353, 401, 402, 354, 354, 402, 403, 355, 355, 403, 404, 356, 356, 404, 405, 357, 357, 405, 406, 358, 358, 406, 407, 359, 359, 407, 408, 360, 360, 408, 409, 361, 361, 409, 410, 362, 362, 410, 411, 363, 363, 411, 412, 364, 364, 412, 413, 365, 365, 413, 414, 366, 366, 414, 415, 367, 367, 415, 416, 368, 368, 416, 417, 369, 369, 417, 418, 370, 370, 418, 419, 371, 371, 419, 420, 372, 372, 420, 421, 373, 373, 421, 422, 374, 374, 422, 423, 375, 375, 423, 424, 376, 376, 424, 425, 377, 377, 425, 426, 378, 378, 426, 427, 379, 379, 427, 428, 380, 380, 428, 429, 381, 381, 429, 430, 382, 382, 430, 431, 383, 383, 431, 384, 336, 384, 432, 433, 385, 385, 433, 434, 386, 386, 434, 435, 387, 387, 435, 436, 388, 388, 436, 437, 389, 389, 437, 438, 390, 390, 438, 439, 391, 391, 439, 440, 392, 392, 440, 441, 393, 393, 441, 442, 394, 394, 442, 443, 395, 395, 443, 444, 396, 396, 444, 445, 397, 397, 445, 446, 398, 398, 446, 447, 399, 399, 447, 448, 400, 400, 448, 449, 401, 401, 449, 450, 402, 402, 450, 451, 403, 403, 451, 452, 404, 404, 452, 453, 405, 405, 453, 454, 406, 406, 454, 455, 407, 407, 455, 456, 408, 408, 456, 457, 409, 409, 457, 458, 410, 410, 458, 459, 411, 411, 459, 460, 412, 412, 460, 461, 413, 413, 461, 462, 414, 414, 462, 463, 415, 415, 463, 464, 416, 416, 464, 465, 417, 417, 465, 466, 418, 418, 466, 467, 419, 419, 467, 468, 420, 420, 468, 469, 421, 421, 469, 470, 422, 422, 470, 471, 423, 423, 471, 472, 424, 424, 472, 473, 425, 425, 473, 474, 426, 426, 474, 475, 427, 427, 475, 476, 428, 428, 476, 477, 429, 429, 477, 478, 430, 430, 478, 479, 431, 431, 479, 432, 384, 432, 480, 481, 433, 433, 481, 482, 434, 434, 482, 483, 435, 435, 483, 484, 436, 436, 484, 485, 437, 437, 485, 486, 438, 438, 486, 487, 439, 439, 487, 488, 440, 440, 488, 489, 441, 441, 489, 490, 442, 442, 490, 491, 443, 443, 491, 492, 444, 444, 492, 493, 445, 445, 493, 494, 446, 446, 494, 495, 447, 447, 495, 496, 448, 448, 496, 497, 449, 449, 497, 498, 450, 450, 498, 499, 451, 451, 499, 500, 452, 452, 500, 501, 453, 453, 501, 502, 454, 454, 502, 503, 455, 455, 503, 504, 456, 456, 504, 505, 457, 457, 505, 506, 458, 458, 506, 507, 459, 459, 507, 508, 460, 460, 508, 509, 461, 461, 509, 510, 462, 462, 510, 511, 463, 463, 511, 512, 464, 464, 512, 513, 465, 465, 513, 514, 466, 466, 514, 515, 467, 467, 515, 516, 468, 468, 516, 517, 469, 469, 517, 518, 470, 470, 518, 519, 471, 471, 519, 520, 472, 472, 520, 521, 473, 473, 521, 522, 474, 474, 522, 523, 475, 475, 523, 524, 476, 476, 524, 525, 477, 477, 525, 526, 478, 478, 526, 527, 479, 479, 527, 480, 432, 480, 528, 529, 481, 481, 529, 530, 482, 482, 530, 531, 483, 483, 531, 532, 484, 484, 532, 533, 485, 485, 533, 534, 486, 486, 534, 535, 487, 487, 535, 536, 488, 488, 536, 537, 489, 489, 537, 538, 490, 490, 538, 539, 491, 491, 539, 540, 492, 492, 540, 541, 493, 493, 541, 542, 494, 494, 542, 543, 495, 495, 543, 544, 496, 496, 544, 545, 497, 497, 545, 546, 498, 498, 546, 547, 499, 499, 547, 548, 500, 500, 548, 549, 501, 501, 549, 550, 502, 502, 550, 551, 503, 503, 551, 552, 504, 504, 552, 553, 505, 505, 553, 554, 506, 506, 554, 555, 507, 507, 555, 556, 508, 508, 556, 557, 509, 509, 557, 558, 510, 510, 558, 559, 511, 511, 559, 560, 512, 512, 560, 561, 513, 513, 561, 562, 514, 514, 562, 563, 515, 515, 563, 564, 516, 516, 564, 565, 517, 517, 565, 566, 518, 518, 566, 567, 519, 519, 567, 568, 520, 520, 568, 569, 521, 521, 569, 570, 522, 522, 570, 571, 523, 523, 571, 572, 524, 524, 572, 573, 525, 525, 573, 574, 526, 526, 574, 575, 527, 527, 575, 528, 480, 528, 576, 577, 529, 529, 577, 578, 530, 530, 578, 579, 531, 531, 579, 580, 532, 532, 580, 581, 533, 533, 581, 582, 534, 534, 582, 583, 535, 535, 583, 584, 536, 536, 584, 585, 537, 537, 585, 586, 538, 538, 586, 587, 539, 539, 587, 588, 540, 540, 588, 589, 541, 541, 589, 590, 542, 542, 590, 591, 543, 543, 591, 592, 544, 544, 592, 593, 545, 545, 593, 594, 546, 546, 594, 595, 547, 547, 595, 596, 548, 548, 596, 597, 549, 549, 597, 598, 550, 550, 598, 599, 551, 551, 599, 600, 552, 552, 600, 601, 553, 553, 601, 602, 554, 554, 602, 603, 555, 555, 603, 604, 556, 556, 604, 605, 557, 557, 605, 606, 558, 558, 606, 607, 559, 559, 607, 608, 560, 560, 608, 609, 561, 561, 609, 610, 562, 562, 610, 611, 563, 563, 611, 612, 564, 564, 612, 613, 565, 565, 613, 614, 566, 566, 614, 615, 567, 567, 615, 616, 568, 568, 616, 617, 569, 569, 617, 618, 570, 570, 618, 619, 571, 571, 619, 620, 572, 572, 620, 621, 573, 573, 621, 622, 574, 574, 622, 623, 575, 575, 623, 576, 528, 576, 624, 625, 577, 577, 625, 626, 578, 578, 626, 627, 579, 579, 627, 628, 580, 580, 628, 629, 581, 581, 629, 630, 582, 582, 630, 631, 583, 583, 631, 632, 584, 584, 632, 633, 585, 585, 633, 634, 586, 586, 634, 635, 587, 587, 635, 636, 588, 588, 636, 637, 589, 589, 637, 638, 590, 590, 638, 639, 591, 591, 639, 640, 592, 592, 640, 641, 593, 593, 641, 642, 594, 594, 642, 643, 595, 595, 643, 644, 596, 596, 644, 645, 597, 597, 645, 646, 598, 598, 646, 647, 599, 599, 647, 648, 600, 600, 648, 649, 601, 601, 649, 650, 602, 602, 650, 651, 603, 603, 651, 652, 604, 604, 652, 653, 605, 605, 653, 654, 606, 606, 654, 655, 607, 607, 655, 656, 608, 608, 656, 657, 609, 609, 657, 658, 610, 610, 658, 659, 611, 611, 659, 660, 612, 612, 660, 661, 613, 613, 661, 662, 614, 614, 662, 663, 615, 615, 663, 664, 616, 616, 664, 665, 617, 617, 665, 666, 618, 618, 666, 667, 619, 619, 667, 668, 620, 620, 668, 669, 621, 621, 669, 670, 622, 622, 670, 671, 623, 623, 671, 624, 576, 624, 672, 673, 625, 625, 673, 674, 626, 626, 674, 675, 627, 627, 675, 676, 628, 628, 676, 677, 629, 629, 677, 678, 630, 630, 678, 679, 631, 631, 679, 680, 632, 632, 680, 681, 633, 633, 681, 682, 634, 634, 682, 683, 635, 635, 683, 684, 636, 636, 684, 685, 637, 637, 685, 686, 638, 638, 686, 687, 639, 639, 687, 688, 640, 640, 688, 689, 641, 641, 689, 690, 642, 642, 690, 691, 643, 643, 691, 692, 644, 644, 692, 693, 645, 645, 693, 694, 646, 646, 694, 695, 647, 647, 695, 696, 648, 648, 696, 697, 649, 649, 697, 698, 650, 650, 698, 699, 651, 651, 699, 700, 652, 652, 700, 701, 653, 653, 701, 702, 654, 654, 702, 703, 655, 655, 703, 704, 656, 656, 704, 705, 657, 657, 705, 706, 658, 658, 706, 707, 659, 659, 707, 708, 660, 660, 708, 709, 661, 661, 709, 710, 662, 662, 710, 711, 663, 663, 711, 712, 664, 664, 712, 713, 665, 665, 713, 714, 666, 666, 714, 715, 667, 667, 715, 716, 668, 668, 716, 717, 669, 669, 717, 718, 670, 670, 718, 719, 671, 671, 719, 672, 624, 672, 720, 721, 673, 673, 721, 722, 674, 674, 722, 723, 675, 675, 723, 724, 676, 676, 724, 725, 677, 677, 725, 726, 678, 678, 726, 727, 679, 679, 727, 728, 680, 680, 728, 729, 681, 681, 729, 730, 682, 682, 730, 731, 683, 683, 731, 732, 684, 684, 732, 733, 685, 685, 733, 734, 686, 686, 734, 735, 687, 687, 735, 736, 688, 688, 736, 737, 689, 689, 737, 738, 690, 690, 738, 739, 691, 691, 739, 740, 692, 692, 740, 741, 693, 693, 741, 742, 694, 694, 742, 743, 695, 695, 743, 744, 696, 696, 744, 745, 697, 697, 745, 746, 698, 698, 746, 747, 699, 699, 747, 748, 700, 700, 748, 749, 701, 701, 749, 750, 702, 702, 750, 751, 703, 703, 751, 752, 704, 704, 752, 753, 705, 705, 753, 754, 706, 706, 754, 755, 707, 707, 755, 756, 708, 708, 756, 757, 709, 709, 757, 758, 710, 710, 758, 759, 711, 711, 759, 760, 712, 712, 760, 761, 713, 713, 761, 762, 714, 714, 762, 763, 715, 715, 763, 764, 716, 716, 764, 765, 717, 717, 765, 766, 718, 718, 766, 767, 719, 719, 767, 720, 672, 720, 768, 769, 721, 721, 769, 770, 722, 722, 770, 771, 723, 723, 771, 772, 724, 724, 772, 773, 725, 725, 773, 774, 726, 726, 774, 775, 727, 727, 775, 776, 728, 728, 776, 777, 729, 729, 777, 778, 730, 730, 778, 779, 731, 731, 779, 780, 732, 732, 780, 781, 733, 733, 781, 782, 734, 734, 782, 783, 735, 735, 783, 784, 736, 736, 784, 785, 737, 737, 785, 786, 738, 738, 786, 787, 739, 739, 787, 788, 740, 740, 788, 789, 741, 741, 789, 790, 742, 742, 790, 791, 743, 743, 791, 792, 744, 744, 792, 793, 745, 745, 793, 794, 746, 746, 794, 795, 747, 747, 795, 796, 748, 748, 796, 797, 749, 749, 797, 798, 750, 750, 798, 799, 751, 751, 799, 800, 752, 752, 800, 801, 753, 753, 801, 802, 754, 754, 802, 803, 755, 755, 803, 804, 756, 756, 804, 805, 757, 757, 805, 806, 758, 758, 806, 807, 759, 759, 807, 808, 760, 760, 808, 809, 761, 761, 809, 810, 762, 762, 810, 811, 763, 763, 811, 812, 764, 764, 812, 813, 765, 765, 813, 814, 766, 766, 814, 815, 767, 767, 815, 768, 720, 768, 816, 817, 769, 769, 817, 818, 770, 770, 818, 819, 771, 771, 819, 820, 772, 772, 820, 821, 773, 773, 821, 822, 774, 774, 822, 823, 775, 775, 823, 824, 776, 776, 824, 825, 777, 777, 825, 826, 778, 778, 826, 827, 779, 779, 827, 828, 780, 780, 828, 829, 781, 781, 829, 830, 782, 782, 830, 831, 783, 783, 831, 832, 784, 784, 832, 833, 785, 785, 833, 834, 786, 786, 834, 835, 787, 787, 835, 836, 788, 788, 836, 837, 789, 789, 837, 838, 790, 790, 838, 839, 791, 791, 839, 840, 792, 792, 840, 841, 793, 793, 841, 842, 794, 794, 842, 843, 795, 795, 843, 844, 796, 796, 844, 845, 797, 797, 845, 846, 798, 798, 846, 847, 799, 799, 847, 848, 800, 800, 848, 849, 801, 801, 849, 850, 802, 802, 850, 851, 803, 803, 851, 852, 804, 804, 852, 853, 805, 805, 853, 854, 806, 806, 854, 855, 807, 807, 855, 856, 808, 808, 856, 857, 809, 809, 857, 858, 810, 810, 858, 859, 811, 811, 859, 860, 812, 812, 860, 861, 813, 813, 861, 862, 814, 814, 862, 863, 815, 815, 863, 816, 768, 816, 864, 865, 817, 817, 865, 866, 818, 818, 866, 867, 819, 819, 867, 868, 820, 820, 868, 869, 821, 821, 869, 870, 822, 822, 870, 871, 823, 823, 871, 872, 824, 824, 872, 873, 825, 825, 873, 874, 826, 826, 874, 875, 827, 827, 875, 876, 828, 828, 876, 877, 829, 829, 877, 878, 830, 830, 878, 879, 831, 831, 879, 880, 832, 832, 880, 881, 833, 833, 881, 882, 834, 834, 882, 883, 835, 835, 883, 884, 836, 836, 884, 885, 837, 837, 885, 886, 838, 838, 886, 887, 839, 839, 887, 888, 840, 840, 888, 889, 841, 841, 889, 890, 842, 842, 890, 891, 843, 843, 891, 892, 844, 844, 892, 893, 845, 845, 893, 894, 846, 846, 894, 895, 847, 847, 895, 896, 848, 848, 896, 897, 849, 849, 897, 898, 850, 850, 898, 899, 851, 851, 899, 900, 852, 852, 900, 901, 853, 853, 901, 902, 854, 854, 902, 903, 855, 855, 903, 904, 856, 856, 904, 905, 857, 857, 905, 906, 858, 858, 906, 907, 859, 859, 907, 908, 860, 860, 908, 909, 861, 861, 909, 910, 862, 862, 910, 911, 863, 863, 911, 864, 816, 864, 912, 913, 865, 865, 913, 914, 866, 866, 914, 915, 867, 867, 915, 916, 868, 868, 916, 917, 869, 869, 917, 918, 870, 870, 918, 919, 871, 871, 919, 920, 872, 872, 920, 921, 873, 873, 921, 922, 874, 874, 922, 923, 875, 875, 923, 924, 876, 876, 924, 925, 877, 877, 925, 926, 878, 878, 926, 927, 879, 879, 927, 928, 880, 880, 928, 929, 881, 881, 929, 930, 882, 882, 930, 931, 883, 883, 931, 932, 884, 884, 932, 933, 885, 885, 933, 934, 886, 886, 934, 935, 887, 887, 935, 936, 888, 888, 936, 937, 889, 889, 937, 938, 890, 890, 938, 939, 891, 891, 939, 940, 892, 892, 940, 941, 893, 893, 941, 942, 894, 894, 942, 943, 895, 895, 943, 944, 896, 896, 944, 945, 897, 897, 945, 946, 898, 898, 946, 947, 899, 899, 947, 948, 900, 900, 948, 949, 901, 901, 949, 950, 902, 902, 950, 951, 903, 903, 951, 952, 904, 904, 952, 953, 905, 905, 953, 954, 906, 906, 954, 955, 907, 907, 955, 956, 908, 908, 956, 957, 909, 909, 957, 958, 910, 910, 958, 959, 911, 911, 959, 912, 864, 912, 960, 961, 913, 913, 961, 962, 914, 914, 962, 963, 915, 915, 963, 964, 916, 916, 964, 965, 917, 917, 965, 966, 918, 918, 966, 967, 919, 919, 967, 968, 920, 920, 968, 969, 921, 921, 969, 970, 922, 922, 970, 971, 923, 923, 971, 972, 924, 924, 972, 973, 925, 925, 973, 974, 926, 926, 974, 975, 927, 927, 975, 976, 928, 928, 976, 977, 929, 929, 977, 978, 930, 930, 978, 979, 931, 931, 979, 980, 932, 932, 980, 981, 933, 933, 981, 982, 934, 934, 982, 983, 935, 935, 983, 984, 936, 936, 984, 985, 937, 937, 985, 986, 938, 938, 986, 987, 939, 939, 987, 988, 940, 940, 988, 989, 941, 941, 989, 990, 942, 942, 990, 991, 943, 943, 991, 992, 944, 944, 992, 993, 945, 945, 993, 994, 946, 946, 994, 995, 947, 947, 995, 996, 948, 948, 996, 997, 949, 949, 997, 998, 950, 950, 998, 999, 951, 951, 999, 1000, 952, 952, 1000, 1001, 953, 953, 1001, 1002, 954, 954, 1002, 1003, 955, 955, 1003, 1004, 956, 956, 1004, 1005, 957, 957, 1005, 1006, 958, 958, 1006, 1007, 959, 959, 1007, 960, 912, 960, 1008, 1009, 961, 961, 1009, 1010, 962, 962, 1010, 1011, 963, 963, 1011, 1012, 964, 964, 1012, 1013, 965, 965, 1013, 1014, 966, 966, 1014, 1015, 967, 967, 1015, 1016, 968, 968, 1016, 1017, 969, 969, 1017, 1018, 970, 970, 1018, 1019, 971, 971, 1019, 1020, 972, 972, 1020, 1021, 973, 973, 1021, 1022, 974, 974, 1022, 1023, 975, 975, 1023, 1024, 976, 976, 1024, 1025, 977, 977, 1025, 1026, 978, 978, 1026, 1027, 979, 979, 1027, 1028, 980, 980, 1028, 1029, 981, 981, 1029, 1030, 982, 982, 1030, 1031, 983, 983, 1031, 1032, 984, 984, 1032, 1033, 985, 985, 1033, 1034, 986, 986, 1034, 1035, 987, 987, 1035, 1036, 988, 988, 1036, 1037, 989, 989, 1037, 1038, 990, 990, 1038, 1039, 991, 991, 1039, 1040, 992, 992, 1040, 1041, 993, 993, 1041, 1042, 994, 994, 1042, 1043, 995, 995, 1043, 1044, 996, 996, 1044, 1045, 997, 997, 1045, 1046, 998, 998, 1046, 1047, 999, 999, 1047, 1048, 1000, 1000, 1048, 1049, 1001, 1001, 1049, 1050, 1002, 1002, 1050, 1051, 1003, 1003, 1051, 1052, 1004, 1004, 1052, 1053, 1005, 1005, 1053, 1054, 1006, 1006, 1054, 1055, 1007, 1007, 1055, 1008, 960, 1008, 1056, 1057, 1009, 1009, 1057, 1058, 1010, 1010, 1058, 1059, 1011, 1011, 1059, 1060, 1012, 1012, 1060, 1061, 1013, 1013, 1061, 1062, 1014, 1014, 1062, 1063, 1015, 1015, 1063, 1064, 1016, 1016, 1064, 1065, 1017, 1017, 1065, 1066, 1018, 1018, 1066, 1067, 1019, 1019, 1067, 1068, 1020, 1020, 1068, 1069, 1021, 1021, 1069, 1070, 1022, 1022, 1070, 1071, 1023, 1023, 1071, 1072, 1024, 1024, 1072, 1073, 1025, 1025, 1073, 1074, 1026, 1026, 1074, 1075, 1027, 1027, 1075, 1076, 1028, 1028, 1076, 1077, 1029, 1029, 1077, 1078, 1030, 1030, 1078, 1079, 1031, 1031, 1079, 1080, 1032, 1032, 1080, 1081, 1033, 1033, 1081, 1082, 1034, 1034, 1082, 1083, 1035, 1035, 1083, 1084, 1036, 1036, 1084, 1085, 1037, 1037, 1085, 1086, 1038, 1038, 1086, 1087, 1039, 1039, 1087, 1088, 1040, 1040, 1088, 1089, 1041, 1041, 1089, 1090, 1042, 1042, 1090, 1091, 1043, 1043, 1091, 1092, 1044, 1044, 1092, 1093, 1045, 1045, 1093, 1094, 1046, 1046, 1094, 1095, 1047, 1047, 1095, 1096, 1048, 1048, 1096, 1097, 1049, 1049, 1097, 1098, 1050, 1050, 1098, 1099, 1051, 1051, 1099, 1100, 1052, 1052, 1100, 1101, 1053, 1053, 1101, 1102, 1054, 1054, 1102, 1103, 1055, 1055, 1103, 1056, 1008, 1056, 1104, 1105, 1057, 1057, 1105, 1106, 1058, 1058, 1106, 1107, 1059, 1059, 1107, 1108, 1060, 1060, 1108, 1109, 1061, 1061, 1109, 1110, 1062, 1062, 1110, 1111, 1063, 1063, 1111, 1112, 1064, 1064, 1112, 1113, 1065, 1065, 1113, 1114, 1066, 1066, 1114, 1115, 1067, 1067, 1115, 1116, 1068, 1068, 1116, 1117, 1069, 1069, 1117, 1118, 1070, 1070, 1118, 1119, 1071, 1071, 1119, 1120, 1072, 1072, 1120, 1121, 1073, 1073, 1121, 1122, 1074, 1074, 1122, 1123, 1075, 1075, 1123, 1124, 1076, 1076, 1124, 1125, 1077, 1077, 1125, 1126, 1078, 1078, 1126, 1127, 1079, 1079, 1127, 1128, 1080, 1080, 1128, 1129, 1081, 1081, 1129, 1130, 1082, 1082, 1130, 1131, 1083, 1083, 1131, 1132, 1084, 1084, 1132, 1133, 1085, 1085, 1133, 1134, 1086, 1086, 1134, 1135, 1087, 1087, 1135, 1136, 1088, 1088, 1136, 1137, 1089, 1089, 1137, 1138, 1090, 1090, 1138, 1139, 1091, 1091, 1139, 1140, 1092, 1092, 1140, 1141, 1093, 1093, 1141, 1142, 1094, 1094, 1142, 1143, 1095, 1095, 1143, 1144, 1096, 1096, 1144, 1145, 1097, 1097, 1145, 1146, 1098, 1098, 1146, 1147, 1099, 1099, 1147, 1148, 1100, 1100, 1148, 1149, 1101, 1101, 1149, 1150, 1102, 1102, 1150, 1151, 1103, 1103, 1151, 1104, 1056, 1104, 1152, 1153, 1105, 1105, 1153, 1154, 1106, 1106, 1154, 1155, 1107, 1107, 1155, 1156, 1108, 1108, 1156, 1157, 1109, 1109, 1157, 1158, 1110, 1110, 1158, 1159, 1111, 1111, 1159, 1160, 1112, 1112, 1160, 1161, 1113, 1113, 1161, 1162, 1114, 1114, 1162, 1163, 1115, 1115, 1163, 1164, 1116, 1116, 1164, 1165, 1117, 1117, 1165, 1166, 1118, 1118, 1166, 1167, 1119, 1119, 1167, 1168, 1120, 1120, 1168, 1169, 1121, 1121, 1169, 1170, 1122, 1122, 1170, 1171, 1123, 1123, 1171, 1172, 1124, 1124, 1172, 1173, 1125, 1125, 1173, 1174, 1126, 1126, 1174, 1175, 1127, 1127, 1175, 1176, 1128, 1128, 1176, 1177, 1129, 1129, 1177, 1178, 1130, 1130, 1178, 1179, 1131, 1131, 1179, 1180, 1132, 1132, 1180, 1181, 1133, 1133, 1181, 1182, 1134, 1134, 1182, 1183, 1135, 1135, 1183, 1184, 1136, 1136, 1184, 1185, 1137, 1137, 1185, 1186, 1138, 1138, 1186, 1187, 1139, 1139, 1187, 1188, 1140, 1140, 1188, 1189, 1141, 1141, 1189, 1190, 1142, 1142, 1190, 1191, 1143, 1143, 1191, 1192, 1144, 1144, 1192, 1193, 1145, 1145, 1193, 1194, 1146, 1146, 1194, 1195, 1147, 1147, 1195, 1196, 1148, 1148, 1196, 1197, 1149, 1149, 1197, 1198, 1150, 1150, 1198, 1199, 1151, 1151, 1199, 1152, 1104, 1152, 1200, 1201, 1153, 1153, 1201, 1202, 1154, 1154, 1202, 1203, 1155, 1155, 1203, 1204, 1156, 1156, 1204, 1205, 1157, 1157, 1205, 1206, 1158, 1158, 1206, 1207, 1159, 1159, 1207, 1208, 1160, 1160, 1208, 1209, 1161, 1161, 1209, 1210, 1162, 1162, 1210, 1211, 1163, 1163, 1211, 1212, 1164, 1164, 1212, 1213, 1165, 1165, 1213, 1214, 1166, 1166, 1214, 1215, 1167, 1167, 1215, 1216, 1168, 1168, 1216, 1217, 1169, 1169, 1217, 1218, 1170, 1170, 1218, 1219, 1171, 1171, 1219, 1220, 1172, 1172, 1220, 1221, 1173, 1173, 1221, 1222, 1174, 1174, 1222, 1223, 1175, 1175, 1223, 1224, 1176, 1176, 1224, 1225, 1177, 1177, 1225, 1226, 1178, 1178, 1226, 1227, 1179, 1179, 1227, 1228, 1180, 1180, 1228, 1229, 1181, 1181, 1229, 1230, 1182, 1182, 1230, 1231, 1183, 1183, 1231, 1232, 1184, 1184, 1232, 1233, 1185, 1185, 1233, 1234, 1186, 1186, 1234, 1235, 1187, 1187, 1235, 1236, 1188, 1188, 1236, 1237, 1189, 1189, 1237, 1238, 1190, 1190, 1238, 1239, 1191, 1191, 1239, 1240, 1192, 1192, 1240, 1241, 1193, 1193, 1241, 1242, 1194, 1194, 1242, 1243, 1195, 1195, 1243, 1244, 1196, 1196, 1244, 1245, 1197, 1197, 1245, 1246, 1198, 1198, 1246, 1247, 1199, 1199, 1247, 1200, 1152, 1200, 1248, 1249, 1201, 1201, 1249, 1250, 1202, 1202, 1250, 1251, 1203, 1203, 1251, 1252, 1204, 1204, 1252, 1253, 1205, 1205, 1253, 1254, 1206, 1206, 1254, 1255, 1207, 1207, 1255, 1256, 1208, 1208, 1256, 1257, 1209, 1209, 1257, 1258, 1210, 1210, 1258, 1259, 1211, 1211, 1259, 1260, 1212, 1212, 1260, 1261, 1213, 1213, 1261, 1262, 1214, 1214, 1262, 1263, 1215, 1215, 1263, 1264, 1216, 1216, 1264, 1265, 1217, 1217, 1265, 1266, 1218, 1218, 1266, 1267, 1219, 1219, 1267, 1268, 1220, 1220, 1268, 1269, 1221, 1221, 1269, 1270, 1222, 1222, 1270, 1271, 1223, 1223, 1271, 1272, 1224, 1224, 1272, 1273, 1225, 1225, 1273, 1274, 1226, 1226, 1274, 1275, 1227, 1227, 1275, 1276, 1228, 1228, 1276, 1277, 1229, 1229, 1277, 1278, 1230, 1230, 1278, 1279, 1231, 1231, 1279, 1280, 1232, 1232, 1280, 1281, 1233, 1233, 1281, 1282, 1234, 1234, 1282, 1283, 1235, 1235, 1283, 1284, 1236, 1236, 1284, 1285, 1237, 1237, 1285, 1286, 1238, 1238, 1286, 1287, 1239, 1239, 1287, 1288, 1240, 1240, 1288, 1289, 1241, 1241, 1289, 1290, 1242, 1242, 1290, 1291, 1243, 1243, 1291, 1292, 1244, 1244, 1292, 1293, 1245, 1245, 1293, 1294, 1246, 1246, 1294, 1295, 1247, 1247, 1295, 1248, 1200, 1248, 1296, 1297, 1249, 1249, 1297, 1298, 1250, 1250, 1298, 1299, 1251, 1251, 1299, 1300, 1252, 1252, 1300, 1301, 1253, 1253, 1301, 1302, 1254, 1254, 1302, 1303, 1255, 1255, 1303, 1304, 1256, 1256, 1304, 1305, 1257, 1257, 1305, 1306, 1258, 1258, 1306, 1307, 1259, 1259, 1307, 1308, 1260, 1260, 1308, 1309, 1261, 1261, 1309, 1310, 1262, 1262, 1310, 1311, 1263, 1263, 1311, 1312, 1264, 1264, 1312, 1313, 1265, 1265, 1313, 1314, 1266, 1266, 1314, 1315, 1267, 1267, 1315, 1316, 1268, 1268, 1316, 1317, 1269, 1269, 1317, 1318, 1270, 1270, 1318, 1319, 1271, 1271, 1319, 1320, 1272, 1272, 1320, 1321, 1273, 1273, 1321, 1322, 1274, 1274, 1322, 1323, 1275, 1275, 1323, 1324, 1276, 1276, 1324, 1325, 1277, 1277, 1325, 1326, 1278, 1278, 1326, 1327, 1279, 1279, 1327, 1328, 1280, 1280, 1328, 1329, 1281, 1281, 1329, 1330, 1282, 1282, 1330, 1331, 1283, 1283, 1331, 1332, 1284, 1284, 1332, 1333, 1285, 1285, 1333, 1334, 1286, 1286, 1334, 1335, 1287, 1287, 1335, 1336, 1288, 1288, 1336, 1337, 1289, 1289, 1337, 1338, 1290, 1290, 1338, 1339, 1291, 1291, 1339, 1340, 1292, 1292, 1340, 1341, 1293, 1293, 1341, 1342, 1294, 1294, 1342, 1343, 1295, 1295, 1343, 1296, 1248, 1296, 1344, 1345, 1297, 1297, 1345, 1346, 1298, 1298, 1346, 1347, 1299, 1299, 1347, 1348, 1300, 1300, 1348, 1349, 1301, 1301, 1349, 1350, 1302, 1302, 1350, 1351, 1303, 1303, 1351, 1352, 1304, 1304, 1352, 1353, 1305, 1305, 1353, 1354, 1306, 1306, 1354, 1355, 1307, 1307, 1355, 1356, 1308, 1308, 1356, 1357, 1309, 1309, 1357, 1358, 1310, 1310, 1358, 1359, 1311, 1311, 1359, 1360, 1312, 1312, 1360, 1361, 1313, 1313, 1361, 1362, 1314, 1314, 1362, 1363, 1315, 1315, 1363, 1364, 1316, 1316, 1364, 1365, 1317, 1317, 1365, 1366, 1318, 1318, 1366, 1367, 1319, 1319, 1367, 1368, 1320, 1320, 1368, 1369, 1321, 1321, 1369, 1370, 1322, 1322, 1370, 1371, 1323, 1323, 1371, 1372, 1324, 1324, 1372, 1373, 1325, 1325, 1373, 1374, 1326, 1326, 1374, 1375, 1327, 1327, 1375, 1376, 1328, 1328, 1376, 1377, 1329, 1329, 1377, 1378, 1330, 1330, 1378, 1379, 1331, 1331, 1379, 1380, 1332, 1332, 1380, 1381, 1333, 1333, 1381, 1382, 1334, 1334, 1382, 1383, 1335, 1335, 1383, 1384, 1336, 1336, 1384, 1385, 1337, 1337, 1385, 1386, 1338, 1338, 1386, 1387, 1339, 1339, 1387, 1388, 1340, 1340, 1388, 1389, 1341, 1341, 1389, 1390, 1342, 1342, 1390, 1391, 1343, 1343, 1391, 1344, 1296, 1344, 1392, 1393, 1345, 1345, 1393, 1394, 1346, 1346, 1394, 1395, 1347, 1347, 1395, 1396, 1348, 1348, 1396, 1397, 1349, 1349, 1397, 1398, 1350, 1350, 1398, 1399, 1351, 1351, 1399, 1400, 1352, 1352, 1400, 1401, 1353, 1353, 1401, 1402, 1354, 1354, 1402, 1403, 1355, 1355, 1403, 1404, 1356, 1356, 1404, 1405, 1357, 1357, 1405, 1406, 1358, 1358, 1406, 1407, 1359, 1359, 1407, 1408, 1360, 1360, 1408, 1409, 1361, 1361, 1409, 1410, 1362, 1362, 1410, 1411, 1363, 1363, 1411, 1412, 1364, 1364, 1412, 1413, 1365, 1365, 1413, 1414, 1366, 1366, 1414, 1415, 1367, 1367, 1415, 1416, 1368, 1368, 1416, 1417, 1369, 1369, 1417, 1418, 1370, 1370, 1418, 1419, 1371, 1371, 1419, 1420, 1372, 1372, 1420, 1421, 1373, 1373, 1421, 1422, 1374, 1374, 1422, 1423, 1375, 1375, 1423, 1424, 1376, 1376, 1424, 1425, 1377, 1377, 1425, 1426, 1378, 1378, 1426, 1427, 1379, 1379, 1427, 1428, 1380, 1380, 1428, 1429, 1381, 1381, 1429, 1430, 1382, 1382, 1430, 1431, 1383, 1383, 1431, 1432, 1384, 1384, 1432, 1433, 1385, 1385, 1433, 1434, 1386, 1386, 1434, 1435, 1387, 1387, 1435, 1436, 1388, 1388, 1436, 1437, 1389, 1389, 1437, 1438, 1390, 1390, 1438, 1439, 1391, 1391, 1439, 1392, 1344, 1392, 1440, 1441, 1393, 1393, 1441, 1442, 1394, 1394, 1442, 1443, 1395, 1395, 1443, 1444, 1396, 1396, 1444, 1445, 1397, 1397, 1445, 1446, 1398, 1398, 1446, 1447, 1399, 1399, 1447, 1448, 1400, 1400, 1448, 1449, 1401, 1401, 1449, 1450, 1402, 1402, 1450, 1451, 1403, 1403, 1451, 1452, 1404, 1404, 1452, 1453, 1405, 1405, 1453, 1454, 1406, 1406, 1454, 1455, 1407, 1407, 1455, 1456, 1408, 1408, 1456, 1457, 1409, 1409, 1457, 1458, 1410, 1410, 1458, 1459, 1411, 1411, 1459, 1460, 1412, 1412, 1460, 1461, 1413, 1413, 1461, 1462, 1414, 1414, 1462, 1463, 1415, 1415, 1463, 1464, 1416, 1416, 1464, 1465, 1417, 1417, 1465, 1466, 1418, 1418, 1466, 1467, 1419, 1419, 1467, 1468, 1420, 1420, 1468, 1469, 1421, 1421, 1469, 1470, 1422, 1422, 1470, 1471, 1423, 1423, 1471, 1472, 1424, 1424, 1472, 1473, 1425, 1425, 1473, 1474, 1426, 1426, 1474, 1475, 1427, 1427, 1475, 1476, 1428, 1428, 1476, 1477, 1429, 1429, 1477, 1478, 1430, 1430, 1478, 1479, 1431, 1431, 1479, 1480, 1432, 1432, 1480, 1481, 1433, 1433, 1481, 1482, 1434, 1434, 1482, 1483, 1435, 1435, 1483, 1484, 1436, 1436, 1484, 1485, 1437, 1437, 1485, 1486, 1438, 1438, 1486, 1487, 1439, 1439, 1487, 1440, 1392, 1440, 1488, 1489, 1441, 1441, 1489, 1490, 1442, 1442, 1490, 1491, 1443, 1443, 1491, 1492, 1444, 1444, 1492, 1493, 1445, 1445, 1493, 1494, 1446, 1446, 1494, 1495, 1447, 1447, 1495, 1496, 1448, 1448, 1496, 1497, 1449, 1449, 1497, 1498, 1450, 1450, 1498, 1499, 1451, 1451, 1499, 1500, 1452, 1452, 1500, 1501, 1453, 1453, 1501, 1502, 1454, 1454, 1502, 1503, 1455, 1455, 1503, 1504, 1456, 1456, 1504, 1505, 1457, 1457, 1505, 1506, 1458, 1458, 1506, 1507, 1459, 1459, 1507, 1508, 1460, 1460, 1508, 1509, 1461, 1461, 1509, 1510, 1462, 1462, 1510, 1511, 1463, 1463, 1511, 1512, 1464, 1464, 1512, 1513, 1465, 1465, 1513, 1514, 1466, 1466, 1514, 1515, 1467, 1467, 1515, 1516, 1468, 1468, 1516, 1517, 1469, 1469, 1517, 1518, 1470, 1470, 1518, 1519, 1471, 1471, 1519, 1520, 1472, 1472, 1520, 1521, 1473, 1473, 1521, 1522, 1474, 1474, 1522, 1523, 1475, 1475, 1523, 1524, 1476, 1476, 1524, 1525, 1477, 1477, 1525, 1526, 1478, 1478, 1526, 1527, 1479, 1479, 1527, 1528, 1480, 1480, 1528, 1529, 1481, 1481, 1529, 1530, 1482, 1482, 1530, 1531, 1483, 1483, 1531, 1532, 1484, 1484, 1532, 1533, 1485, 1485, 1533, 1534, 1486, 1486, 1534, 1535, 1487, 1487, 1535, 1488, 1440, 1488, 1536, 1537, 1489, 1489, 1537, 1538, 1490, 1490, 1538, 1539, 1491, 1491, 1539, 1540, 1492, 1492, 1540, 1541, 1493, 1493, 1541, 1542, 1494, 1494, 1542, 1543, 1495, 1495, 1543, 1544, 1496, 1496, 1544, 1545, 1497, 1497, 1545, 1546, 1498, 1498, 1546, 1547, 1499, 1499, 1547, 1548, 1500, 1500, 1548, 1549, 1501, 1501, 1549, 1550, 1502, 1502, 1550, 1551, 1503, 1503, 1551, 1552, 1504, 1504, 1552, 1553, 1505, 1505, 1553, 1554, 1506, 1506, 1554, 1555, 1507, 1507, 1555, 1556, 1508, 1508, 1556, 1557, 1509, 1509, 1557, 1558, 1510, 1510, 1558, 1559, 1511, 1511, 1559, 1560, 1512, 1512, 1560, 1561, 1513, 1513, 1561, 1562, 1514, 1514, 1562, 1563, 1515, 1515, 1563, 1564, 1516, 1516, 1564, 1565, 1517, 1517, 1565, 1566, 1518, 1518, 1566, 1567, 1519, 1519, 1567, 1568, 1520, 1520, 1568, 1569, 1521, 1521, 1569, 1570, 1522, 1522, 1570, 1571, 1523, 1523, 1571, 1572, 1524, 1524, 1572, 1573, 1525, 1525, 1573, 1574, 1526, 1526, 1574, 1575, 1527, 1527, 1575, 1576, 1528, 1528, 1576, 1577, 1529, 1529, 1577, 1578, 1530, 1530, 1578, 1579, 1531, 1531, 1579, 1580, 1532, 1532, 1580, 1581, 1533, 1533, 1581, 1582, 1534, 1534, 1582, 1583, 1535, 1535, 1583, 1536, 1488, 1536, 1584, 1585, 1537, 1537, 1585, 1586, 1538, 1538, 1586, 1587, 1539, 1539, 1587, 1588, 1540, 1540, 1588, 1589, 1541, 1541, 1589, 1590, 1542, 1542, 1590, 1591, 1543, 1543, 1591, 1592, 1544, 1544, 1592, 1593, 1545, 1545, 1593, 1594, 1546, 1546, 1594, 1595, 1547, 1547, 1595, 1596, 1548, 1548, 1596, 1597, 1549, 1549, 1597, 1598, 1550, 1550, 1598, 1599, 1551, 1551, 1599, 1600, 1552, 1552, 1600, 1601, 1553, 1553, 1601, 1602, 1554, 1554, 1602, 1603, 1555, 1555, 1603, 1604, 1556, 1556, 1604, 1605, 1557, 1557, 1605, 1606, 1558, 1558, 1606, 1607, 1559, 1559, 1607, 1608, 1560, 1560, 1608, 1609, 1561, 1561, 1609, 1610, 1562, 1562, 1610, 1611, 1563, 1563, 1611, 1612, 1564, 1564, 1612, 1613, 1565, 1565, 1613, 1614, 1566, 1566, 1614, 1615, 1567, 1567, 1615, 1616, 1568, 1568, 1616, 1617, 1569, 1569, 1617, 1618, 1570, 1570, 1618, 1619, 1571, 1571, 1619, 1620, 1572, 1572, 1620, 1621, 1573, 1573, 1621, 1622, 1574, 1574, 1622, 1623, 1575, 1575, 1623, 1624, 1576, 1576, 1624, 1625, 1577, 1577, 1625, 1626, 1578, 1578, 1626, 1627, 1579, 1579, 1627, 1628, 1580, 1580, 1628, 1629, 1581, 1581, 1629, 1630, 1582, 1582, 1630, 1631, 1583, 1583, 1631, 1584, 1536, 1584, 0, 1, 1585, 1585, 1, 2, 1586, 1586, 2, 3, 1587, 1587, 3, 4, 1588, 1588, 4, 5, 1589, 1589, 5, 6, 1590, 1590, 6, 7, 1591, 1591, 7, 8, 1592, 1592, 8, 9, 1593, 1593, 9, 10, 1594, 1594, 10, 11, 1595, 1595, 11, 12, 1596, 1596, 12, 13, 1597, 1597, 13, 14, 1598, 1598, 14, 15, 1599, 1599, 15, 16, 1600, 1600, 16, 17, 1601, 1601, 17, 18, 1602, 1602, 18, 19, 1603, 1603, 19, 20, 1604, 1604, 20, 21, 1605, 1605, 21, 22, 1606, 1606, 22, 23, 1607, 1607, 23, 24, 1608, 1608, 24, 25, 1609, 1609, 25, 26, 1610, 1610, 26, 27, 1611, 1611, 27, 28, 1612, 1612, 28, 29, 1613, 1613, 29, 30, 1614, 1614, 30, 31, 1615, 1615, 31, 32, 1616, 1616, 32, 33, 1617, 1617, 33, 34, 1618, 1618, 34, 35, 1619, 1619, 35, 36, 1620, 1620, 36, 37, 1621, 1621, 37, 38, 1622, 1622, 38, 39, 1623, 1623, 39, 40, 1624, 1624, 40, 41, 1625, 1625, 41, 42, 1626, 1626, 42, 43, 1627, 1627, 43, 44, 1628, 1628, 44, 45, 1629, 1629, 45, 46, 1630, 1630, 46, 47, 1631, 1631, 47, 0, 1584]
        normal3f[] normals = [(-0.14245916903018951, -0.9898006916046143, 0.0), (-0.2493181824684143, -0.9684216380119324, 0.0), (-0.24718523025512695, -0.9684216380119324, -0.032542552798986435), (-0.14124040305614471, -0.9898006916046143, -0.0185946524143219), (-0.14124040305614471, -0.9898006916046143, -0.0185946524143219), (-0.24718523025512695, -0.9684216380119324, -0.032542552798986435), (-0.24082286655902863, -0.9684216380119324, -0.06452829390764236), (-0.1376049816608429, -0.9898006916046143, -0.03687114268541336), (-0.1376049816608429, -0.9898006916046143, -0.03687114268541336), (-0.24082286655902863, -0.9684216380119324, -0.06452829390764236), (-0.23033995926380157, -0.9684216380119324, -0.09540993720293045), (-0.13161510229110718, -0.9898006916046143, -0.054516762495040894), (-0.13161510229110718, -0.9898006916046143, -0.054516762495040894), (-0.23033995926380157, -0.9684216380119324, -0.09540993720293045), (-0.21591587364673615, -0.9684216380119324, -0.12465909123420715), (-0.12337325513362885, -0.9898006916046143, -0.07122958451509476), (-0.12337325513362885, -0.9898006916046143, -0.07122958451509476), (-0.21591587364673615, -0.9684216380119324, -0.12465909123420715), (-0.19779741764068604, -0.9684216380119324, -0.1517752856016159), (-0.11302044987678528, -0.9898006916046143, -0.08672364056110382), (-0.11302044987678528, -0.9898006916046143, -0.08672364056110382), (-0.19779741764068604, -0.9684216380119324, -0.1517752856016159), (-0.17629458010196686, -0.9684216380119324, -0.17629458010196686), (-0.10073383897542953, -0.9898006916046143, -0.10073383897542953), (-0.10073383897542953, -0.9898006916046143, -0.10073383897542953), (-0.17629458010196686, -0.9684216380119324, -0.17629458010196686), (-0.1517752856016159, -0.9684216380119324, -0.19779741764068604), (-0.08672364056110382, -0.9898006916046143, -0.11302044987678528), (-0.08672364056110382, -0.9898006916046143, -0.11302044987678528), (-0.1517752856016159, -0.9684216380119324, -0.19779741764068604), (-0.12465909123420715, -0.9684216380119324, -0.21591587364673615), (-0.07122958451509476, -0.9898006916046143, -0.12337325513362885), (-0.07122958451509476, -0.9898006916046143, -0.12337325513362885), (-0.12465909123420715, -0.9684216380119324, -0.21591587364673615), (-0.09540993720293045, -0.9684216380119324, -0.23033995926380157), (-0.054516762495040894, -0.9898006916046143, -0.13161510229110718), (-0.054516762495040894, -0.9898006916046143, -0.13161510229110718), (-0.09540993720293045, -0.9684216380119324, -0.23033995926380157), (-0.06452829390764236, -0.9684216380119324, -0.24082286655902863), (-0.03687114268541336, -0.9898006916046143, -0.1376049816608429), (-0.03687114268541336, -0.9898006916046143, -0.1376049816608429), (-0.06452829390764236, -0.9684216380119324, -0.24082286655902863), (-0.032542552798986435, -0.9684216380119324, -0.24718523025512695), (-0.0185946524143219, -0.9898006916046143, -0.14124040305614471), (-0.0185946524143219, -0.9898006916046143, -0.14124040305614471), (-0.032542552798986435, -0.9684216380119324, -0.24718523025512695), (0.0, -0.9684216380119324, -0.2493181824684143), (0.0, -0.9898006916046143, -0.14245916903018951), (0.0, -0.9898006916046143, -0.14245916903018951), (0.0, -0.9684216380119324, -0.2493181824684143), (0.032542552798986435, -0.9684216380119324, -0.24718523025512695), (0.0185946524143219, -0.9898006916046143, -0.14124040305614471), (0.0185946524143219, -0.9898006916046143, -0.14124040305614471), (0.032542552798986435, -0.9684216380119324, -0.24718523025512695), (0.06452829390764236, -0.9684216380119324, -0.24082286655902863), (0.03687114268541336, -0.9898006916046143, -0.1376049816608429), (0.03687114268541336, -0.9898006916046143, -0.1376049816608429), (0.06452829390764236, -0.9684216380119324, -0.24082286655902863), (0.09540993720293045, -0.9684216380119324, -0.23033995926380157), (0.054516762495040894, -0.9898006916046143, -0.13161510229110718), (0.054516762495040894, -0.9898006916046143, -0.13161510229110718), (0.09540993720293045, -0.9684216380119324, -0.23033995926380157), (0.12465909123420715, -0.9684216380119324, -0.21591587364673615), (0.07122958451509476, -0.9898006916046143, -0.12337325513362885), (0.07122958451509476, -0.9898006916046143, -0.12337325513362885), (0.12465909123420715, -0.9684216380119324, -0.21591587364673615), (0.1517752856016159, -0.9684216380119324, -0.19779741764068604), (0.08672364056110382, -0.9898006916046143, -0.11302044987678528), (0.08672364056110382, -0.9898006916046143, -0.11302044987678528), (0.1517752856016159, -0.9684216380119324, -0.19779741764068604), (0.17629458010196686, -0.9684216380119324, -0.17629458010196686), (0.10073383897542953, -0.9898006916046143, -0.10073383897542953), (0.10073383897542953, -0.9898006916046143, -0.10073383897542953), (0.17629458010196686, -0.9684216380119324, -0.17629458010196686), (0.19779741764068604, -0.9684216380119324, -0.1517752856016159), (0.11302044987678528, -0.9898006916046143, -0.08672364056110382), (0.11302044987678528, -0.9898006916046143, -0.08672364056110382), (0.19779741764068604, -0.9684216380119324, -0.1517752856016159), (0.21591587364673615, -0.9684216380119324, -0.12465909123420715), (0.12337325513362885, -0.9898006916046143, -0.07122958451509476), (0.12337325513362885, -0.9898006916046143, -0.07122958451509476), (0.21591587364673615, -0.9684216380119324, -0.12465909123420715), (0.23033995926380157, -0.9684216380119324, -0.09540993720293045), (0.13161510229110718, -0.9898006916046143, -0.054516762495040894), (0.13161510229110718, -0.9898006916046143, -0.054516762495040894), (0.23033995926380157, -0.9684216380119324, -0.09540993720293045), (0.24082286655902863, -0.9684216380119324, -0.06452829390764236), (0.1376049816608429, -0.9898006916046143, -0.03687114268541336), (0.1376049816608429, -0.9898006916046143, -0.03687114268541336), (0.24082286655902863, -0.9684216380119324, -0.06452829390764236), (0.24718523025512695, -0.9684216380119324, -0.032542552798986435), (0.14124040305614471, -0.9898006916046143, -0.0185946524143219), (0.14124040305614471, -0.9898006916046143, -0.0185946524143219), (0.24718523025512695, -0.9684216380119324, -0.032542552798986435), (0.2493181824684143, -0.9684216380119324, 0.0), (0.14245916903018951, -0.9898006916046143, 0.0), (0.14245916903018951, -0.9898006916046143, 0.0), (0.2493181824684143, -0.9684216380119324, 0.0), (0.24718523025512695, -0.9684216380119324, 0.032542552798986435), (0.14124040305614471, -0.9898006916046143, 0.0185946524143219), (0.14124040305614471, -0.9898006916046143, 0.0185946524143219), (0.24718523025512695, -0.9684216380119324, 0.032542552798986435), (0.24082286655902863, -0.9684216380119324, 0.06452829390764236), (0.1376049816608429, -0.9898006916046143, 0.03687114268541336), (0.1376049816608429, -0.9898006916046143, 0.03687114268541336), (0.24082286655902863, -0.9684216380119324, 0.06452829390764236), (0.23033995926380157, -0.9684216380119324, 0.09540993720293045), (0.13161510229110718, -0.9898006916046143, 0.054516762495040894), (0.13161510229110718, -0.9898006916046143, 0.054516762495040894), (0.23033995926380157, -0.9684216380119324, 0.09540993720293045), (0.21591587364673615, -0.9684216380119324, 0.12465909123420715), (0.12337325513362885, -0.9898006916046143, 0.07122958451509476), (0.12337325513362885, -0.9898006916046143, 0.07122958451509476), (0.21591587364673615, -0.9684216380119324, 0.12465909123420715), (0.19779741764068604, -0.9684216380119324, 0.1517752856016159), (0.11302044987678528, -0.9898006916046143, 0.08672364056110382), (0.11302044987678528, -0.9898006916046143, 0.08672364056110382), (0.19779741764068604, -0.9684216380119324, 0.1517752856016159), (0.17629458010196686, -0.9684216380119324, 0.17629458010196686), (0.10073383897542953, -0.9898006916046143, 0.10073383897542953), (0.10073383897542953, -0.9898006916046143, 0.10073383897542953), (0.17629458010196686, -0.9684216380119324, 0.17629458010196686), (0.1517752856016159, -0.9684216380119324, 0.19779741764068604), (0.08672364056110382, -0.9898006916046143, 0.11302044987678528), (0.08672364056110382, -0.9898006916046143, 0.11302044987678528), (0.1517752856016159, -0.9684216380119324, 0.19779741764068604), (0.12465909123420715, -0.9684216380119324, 0.21591587364673615), (0.07122958451509476, -0.9898006916046143, 0.12337325513362885), (0.07122958451509476, -0.9898006916046143, 0.12337325513362885), (0.12465909123420715, -0.9684216380119324, 0.21591587364673615), (0.09540993720293045, -0.9684216380119324, 0.23033995926380157), (0.054516762495040894, -0.9898006916046143, 0.13161510229110718), (0.054516762495040894, -0.9898006916046143, 0.13161510229110718), (0.09540993720293045, -0.9684216380119324, 0.23033995926380157), (0.06452829390764236, -0.9684216380119324, 0.24082286655902863), (0.03687114268541336, -0.9898006916046143, 0.1376049816608429), (0.03687114268541336, -0.9898006916046143, 0.1376049816608429), (0.06452829390764236, -0.9684216380119324, 0.24082286655902863), (0.032542552798986435, -0.9684216380119324, 0.24718523025512695), (0.0185946524143219, -0.9898006916046143, 0.14124040305614471), (0.0185946524143219, -0.9898006916046143, 0.14124040305614471), (0.032542552798986435, -0.9684216380119324, 0.24718523025512695), (0.0, -0.9684216380119324, 0.2493181824684143), (0.0, -0.9898006916046143, 0.14245916903018951), (0.0, -0.9898006916046143, 0.14245916903018951), (0.0, -0.9684216380119324, 0.2493181824684143), (-0.032542552798986435, -0.9684216380119324, 0.24718523025512695), (-0.0185946524143219, -0.9898006916046143, 0.14124040305614471), (-0.0185946524143219, -0.9898006916046143, 0.14124040305614471), (-0.032542552798986435, -0.9684216380119324, 0.24718523025512695), (-0.06452829390764236, -0.9684216380119324, 0.24082286655902863), (-0.03687114268541336, -0.9898006916046143, 0.1376049816608429), (-0.03687114268541336, -0.9898006916046143, 0.1376049816608429), (-0.06452829390764236, -0.9684216380119324, 0.24082286655902863), (-0.09540993720293045, -0.9684216380119324, 0.23033995926380157), (-0.054516762495040894, -0.9898006916046143, 0.13161510229110718), (-0.054516762495040894, -0.9898006916046143, 0.13161510229110718), (-0.09540993720293045, -0.9684216380119324, 0.23033995926380157), (-0.12465909123420715, -0.9684216380119324, 0.21591587364673615), (-0.07122958451509476, -0.9898006916046143, 0.12337325513362885), (-0.07122958451509476, -0.9898006916046143, 0.12337325513362885), (-0.12465909123420715, -0.9684216380119324, 0.21591587364673615), (-0.1517752856016159, -0.9684216380119324, 0.19779741764068604), (-0.08672364056110382, -0.9898006916046143, 0.11302044987678528), (-0.08672364056110382, -0.9898006916046143, 0.11302044987678528), (-0.1517752856016159, -0.9684216380119324, 0.19779741764068604), (-0.17629458010196686, -0.9684216380119324, 0.17629458010196686), (-0.10073383897542953, -0.9898006916046143, 0.10073383897542953), (-0.10073383897542953, -0.9898006916046143, 0.10073383897542953), (-0.17629458010196686, -0.9684216380119324, 0.17629458010196686), (-0.19779741764068604, -0.9684216380119324, 0.1517752856016159), (-0.11302044987678528, -0.9898006916046143, 0.08672364056110382), (-0.11302044987678528, -0.9898006916046143, 0.08672364056110382), (-0.19779741764068604, -0.9684216380119324, 0.1517752856016159), (-0.21591587364673615, -0.9684216380119324, 0.12465909123420715), (-0.12337325513362885, -0.9898006916046143, 0.07122958451509476), (-0.12337325513362885, -0.9898006916046143, 0.07122958451509476), (-0.21591587364673615, -0.9684216380119324, 0.12465909123420715), (-0.23033995926380157, -0.9684216380119324, 0.09540993720293045), (-0.13161510229110718, -0.9898006916046143, 0.054516762495040894), (-0.13161510229110718, -0.9898006916046143, 0.054516762495040894), (-0.23033995926380157, -0.9684216380119324, 0.09540993720293045), (-0.24082286655902863, -0.9684216380119324, 0.06452829390764236), (-0.1376049816608429, -0.9898006916046143, 0.03687114268541336), (-0.1376049816608429, -0.9898006916046143, 0.03687114268541336), (-0.24082286655902863, -0.9684216380119324, 0.06452829390764236), (-0.24718523025512695, -0.9684216380119324, 0.032542552798986435), (-0.14124040305614471, -0.9898006916046143, 0.0185946524143219), (-0.14124040305614471, -0.9898006916046143, 0.0185946524143219), (-0.24718523025512695, -0.9684216380119324, 0.032542552798986435), (-0.2493181824684143, -0.9684216380119324, 0.0), (-0.14245916903018951, -0.9898006916046143, 0.0), (-0.2493181824684143, -0.9684216380119324, 0.0), (-0.43471062183380127, -0.9005702137947083, 0.0), (-0.43099159002304077, -0.9005702137947083, -0.05674111843109131), (-0.24718523025512695, -0.9684216380119324, -0.032542552798986435), (-0.24718523025512695, -0.9684216380119324, -0.032542552798986435), (-0.43099159002304077, -0.9005702137947083, -0.05674111843109131), (-0.41989821195602417, -0.9005702137947083, -0.11251138150691986), (-0.24082286655902863, -0.9684216380119324, -0.06452829390764236), (-0.24082286655902863, -0.9684216380119324, -0.06452829390764236), (-0.41989821195602417, -0.9005702137947083, -0.11251138150691986), (-0.4016202390193939, -0.9005702137947083, -0.16635654866695404), (-0.23033995926380157, -0.9684216380119324, -0.09540993720293045), (-0.23033995926380157, -0.9684216380119324, -0.09540993720293045), (-0.4016202390193939, -0.9005702137947083, -0.16635654866695404), (-0.3764704167842865, -0.9005702137947083, -0.21735531091690063), (-0.21591587364673615, -0.9684216380119324, -0.12465909123420715), (-0.21591587364673615, -0.9684216380119324, -0.12465909123420715), (-0.3764704167842865, -0.9005702137947083, -0.21735531091690063), (-0.3448791205883026, -0.9005702137947083, -0.2646350562572479), (-0.19779741764068604, -0.9684216380119324, -0.1517752856016159), (-0.19779741764068604, -0.9684216380119324, -0.1517752856016159), (-0.3448791205883026, -0.9005702137947083, -0.2646350562572479), (-0.3073868155479431, -0.9005702137947083, -0.3073868155479431), (-0.17629458010196686, -0.9684216380119324, -0.17629458010196686), (-0.17629458010196686, -0.9684216380119324, -0.17629458010196686), (-0.3073868155479431, -0.9005702137947083, -0.3073868155479431), (-0.2646350562572479, -0.9005702137947083, -0.3448791205883026), (-0.1517752856016159, -0.9684216380119324, -0.19779741764068604), (-0.1517752856016159, -0.9684216380119324, -0.19779741764068604), (-0.2646350562572479, -0.9005702137947083, -0.3448791205883026), (-0.21735531091690063, -0.9005702137947083, -0.3764704167842865), (-0.12465909123420715, -0.9684216380119324, -0.21591587364673615), (-0.12465909123420715, -0.9684216380119324, -0.21591587364673615), (-0.21735531091690063, -0.9005702137947083, -0.3764704167842865), (-0.16635654866695404, -0.9005702137947083, -0.4016202390193939), (-0.09540993720293045, -0.9684216380119324, -0.23033995926380157), (-0.09540993720293045, -0.9684216380119324, -0.23033995926380157), (-0.16635654866695404, -0.9005702137947083, -0.4016202390193939), (-0.11251138150691986, -0.9005702137947083, -0.41989821195602417), (-0.06452829390764236, -0.9684216380119324, -0.24082286655902863), (-0.06452829390764236, -0.9684216380119324, -0.24082286655902863), (-0.11251138150691986, -0.9005702137947083, -0.41989821195602417), (-0.05674111843109131, -0.9005702137947083, -0.43099159002304077), (-0.032542552798986435, -0.9684216380119324, -0.24718523025512695), (-0.032542552798986435, -0.9684216380119324, -0.24718523025512695), (-0.05674111843109131, -0.9005702137947083, -0.43099159002304077), (0.0, -0.9005702137947083, -0.43471062183380127), (0.0, -0.9684216380119324, -0.2493181824684143), (0.0, -0.9684216380119324, -0.2493181824684143), (0.0, -0.9005702137947083, -0.43471062183380127), (0.05674111843109131, -0.9005702137947083, -0.43099159002304077), (0.032542552798986435, -0.9684216380119324, -0.24718523025512695), (0.032542552798986435, -0.9684216380119324, -0.24718523025512695), (0.05674111843109131, -0.9005702137947083, -0.43099159002304077), (0.11251138150691986, -0.9005702137947083, -0.41989821195602417), (0.06452829390764236, -0.9684216380119324, -0.24082286655902863), (0.06452829390764236, -0.9684216380119324, -0.24082286655902863), (0.11251138150691986, -0.9005702137947083, -0.41989821195602417), (0.16635654866695404, -0.9005702137947083, -0.4016202390193939), (0.09540993720293045, -0.9684216380119324, -0.23033995926380157), (0.09540993720293045, -0.9684216380119324, -0.23033995926380157), (0.16635654866695404, -0.9005702137947083, -0.4016202390193939), (0.21735531091690063, -0.9005702137947083, -0.3764704167842865), (0.12465909123420715, -0.9684216380119324, -0.21591587364673615), (0.12465909123420715, -0.9684216380119324, -0.21591587364673615), (0.21735531091690063, -0.9005702137947083, -0.3764704167842865), (0.2646350562572479, -0.9005702137947083, -0.3448791205883026), (0.1517752856016159, -0.9684216380119324, -0.19779741764068604), (0.1517752856016159, -0.9684216380119324, -0.19779741764068604), (0.2646350562572479, -0.9005702137947083, -0.3448791205883026), (0.3073868155479431, -0.9005702137947083, -0.3073868155479431), (0.17629458010196686, -0.9684216380119324, -0.17629458010196686), (0.17629458010196686, -0.9684216380119324, -0.17629458010196686), (0.3073868155479431, -0.9005702137947083, -0.3073868155479431), (0.3448791205883026, -0.9005702137947083, -0.2646350562572479), (0.19779741764068604, -0.9684216380119324, -0.1517752856016159), (0.19779741764068604, -0.9684216380119324, -0.1517752856016159), (0.3448791205883026, -0.9005702137947083, -0.2646350562572479), (0.3764704167842865, -0.9005702137947083, -0.21735531091690063), (0.21591587364673615, -0.9684216380119324, -0.12465909123420715), (0.21591587364673615, -0.9684216380119324, -0.12465909123420715), (0.3764704167842865, -0.9005702137947083, -0.21735531091690063), (0.4016202390193939, -0.9005702137947083, -0.16635654866695404), (0.23033995926380157, -0.9684216380119324, -0.09540993720293045), (0.23033995926380157, -0.9684216380119324, -0.09540993720293045), (0.4016202390193939, -0.9005702137947083, -0.16635654866695404), (0.41989821195602417, -0.9005702137947083, -0.11251138150691986), (0.24082286655902863, -0.9684216380119324, -0.06452829390764236), (0.24082286655902863, -0.9684216380119324, -0.06452829390764236), (0.41989821195602417, -0.9005702137947083, -0.11251138150691986), (0.43099159002304077, -0.9005702137947083, -0.05674111843109131), (0.24718523025512695, -0.9684216380119324, -0.032542552798986435), (0.24718523025512695, -0.9684216380119324, -0.032542552798986435), (0.43099159002304077, -0.9005702137947083, -0.05674111843109131), (0.43471062183380127, -0.9005702137947083, 0.0), (0.2493181824684143, -0.9684216380119324, 0.0), (0.2493181824684143, -0.9684216380119324, 0.0), (0.43471062183380127, -0.9005702137947083, 0.0), (0.43099159002304077, -0.9005702137947083, 0.05674111843109131), (0.24718523025512695, -0.9684216380119324, 0.032542552798986435), (0.24718523025512695, -0.9684216380119324, 0.032542552798986435), (0.43099159002304077, -0.9005702137947083, 0.05674111843109131), (0.41989821195602417, -0.9005702137947083, 0.11251138150691986), (0.24082286655902863, -0.9684216380119324, 0.06452829390764236), (0.24082286655902863, -0.9684216380119324, 0.06452829390764236), (0.41989821195602417, -0.9005702137947083, 0.11251138150691986), (0.4016202390193939, -0.9005702137947083, 0.16635654866695404), (0.23033995926380157, -0.9684216380119324, 0.09540993720293045), (0.23033995926380157, -0.9684216380119324, 0.09540993720293045), (0.4016202390193939, -0.9005702137947083, 0.16635654866695404), (0.3764704167842865, -0.9005702137947083, 0.21735531091690063), (0.21591587364673615, -0.9684216380119324, 0.12465909123420715), (0.21591587364673615, -0.9684216380119324, 0.12465909123420715), (0.3764704167842865, -0.9005702137947083, 0.21735531091690063), (0.3448791205883026, -0.9005702137947083, 0.2646350562572479), (0.19779741764068604, -0.9684216380119324, 0.1517752856016159), (0.19779741764068604, -0.9684216380119324, 0.1517752856016159), (0.3448791205883026, -0.9005702137947083, 0.2646350562572479), (0.3073868155479431, -0.9005702137947083, 0.3073868155479431), (0.17629458010196686, -0.9684216380119324, 0.17629458010196686), (0.17629458010196686, -0.9684216380119324, 0.17629458010196686), (0.3073868155479431, -0.9005702137947083, 0.3073868155479431), (0.2646350562572479, -0.9005702137947083, 0.3448791205883026), (0.1517752856016159, -0.9684216380119324, 0.19779741764068604), (0.1517752856016159, -0.9684216380119324, 0.19779741764068604), (0.2646350562572479, -0.9005702137947083, 0.3448791205883026), (0.21735531091690063, -0.9005702137947083, 0.3764704167842865), (0.12465909123420715, -0.9684216380119324, 0.21591587364673615), (0.12465909123420715, -0.9684216380119324, 0.21591587364673615), (0.21735531091690063, -0.9005702137947083, 0.3764704167842865), (0.16635654866695404, -0.9005702137947083, 0.4016202390193939), (0.09540993720293045, -0.9684216380119324, 0.23033995926380157), (0.09540993720293045, -0.9684216380119324, 0.23033995926380157), (0.16635654866695404, -0.9005702137947083, 0.4016202390193939), (0.11251138150691986, -0.9005702137947083, 0.41989821195602417), (0.06452829390764236, -0.9684216380119324, 0.24082286655902863), (0.06452829390764236, -0.9684216380119324, 0.24082286655902863), (0.11251138150691986, -0.9005702137947083, 0.41989821195602417), (0.05674111843109131, -0.9005702137947083, 0.43099159002304077), (0.032542552798986435, -0.9684216380119324, 0.24718523025512695), (0.032542552798986435, -0.9684216380119324, 0.24718523025512695), (0.05674111843109131, -0.9005702137947083, 0.43099159002304077), (0.0, -0.9005702137947083, 0.43471062183380127), (0.0, -0.9684216380119324, 0.2493181824684143), (0.0, -0.9684216380119324, 0.2493181824684143), (0.0, -0.9005702137947083, 0.43471062183380127), (-0.05674111843109131, -0.9005702137947083, 0.43099159002304077), (-0.032542552798986435, -0.9684216380119324, 0.24718523025512695), (-0.032542552798986435, -0.9684216380119324, 0.24718523025512695), (-0.05674111843109131, -0.9005702137947083, 0.43099159002304077), (-0.11251138150691986, -0.9005702137947083, 0.41989821195602417), (-0.06452829390764236, -0.9684216380119324, 0.24082286655902863), (-0.06452829390764236, -0.9684216380119324, 0.24082286655902863), (-0.11251138150691986, -0.9005702137947083, 0.41989821195602417), (-0.16635654866695404, -0.9005702137947083, 0.4016202390193939), (-0.09540993720293045, -0.9684216380119324, 0.23033995926380157), (-0.09540993720293045, -0.9684216380119324, 0.23033995926380157), (-0.16635654866695404, -0.9005702137947083, 0.4016202390193939), (-0.21735531091690063, -0.9005702137947083, 0.3764704167842865), (-0.12465909123420715, -0.9684216380119324, 0.21591587364673615), (-0.12465909123420715, -0.9684216380119324, 0.21591587364673615), (-0.21735531091690063, -0.9005702137947083, 0.3764704167842865), (-0.2646350562572479, -0.9005702137947083, 0.3448791205883026), (-0.1517752856016159, -0.9684216380119324, 0.19779741764068604), (-0.1517752856016159, -0.9684216380119324, 0.19779741764068604), (-0.2646350562572479, -0.9005702137947083, 0.3448791205883026), (-0.3073868155479431, -0.9005702137947083, 0.3073868155479431), (-0.17629458010196686, -0.9684216380119324, 0.17629458010196686), (-0.17629458010196686, -0.9684216380119324, 0.17629458010196686), (-0.3073868155479431, -0.9005702137947083, 0.3073868155479431), (-0.3448791205883026, -0.9005702137947083, 0.2646350562572479), (-0.19779741764068604, -0.9684216380119324, 0.1517752856016159), (-0.19779741764068604, -0.9684216380119324, 0.1517752856016159), (-0.3448791205883026, -0.9005702137947083, 0.2646350562572479), (-0.3764704167842865, -0.9005702137947083, 0.21735531091690063), (-0.21591587364673615, -0.9684216380119324, 0.12465909123420715), (-0.21591587364673615, -0.9684216380119324, 0.12465909123420715), (-0.3764704167842865, -0.9005702137947083, 0.21735531091690063), (-0.4016202390193939, -0.9005702137947083, 0.16635654866695404), (-0.23033995926380157, -0.9684216380119324, 0.09540993720293045), (-0.23033995926380157, -0.9684216380119324, 0.09540993720293045), (-0.4016202390193939, -0.9005702137947083, 0.16635654866695404), (-0.41989821195602417, -0.9005702137947083, 0.11251138150691986), (-0.24082286655902863, -0.9684216380119324, 0.06452829390764236), (-0.24082286655902863, -0.9684216380119324, 0.06452829390764236), (-0.41989821195602417, -0.9005702137947083, 0.11251138150691986), (-0.43099159002304077, -0.9005702137947083, 0.05674111843109131), (-0.24718523025512695, -0.9684216380119324, 0.032542552798986435), (-0.24718523025512695, -0.9684216380119324, 0.032542552798986435), (-0.43099159002304077, -0.9005702137947083, 0.05674111843109131), (-0.43471062183380127, -0.9005702137947083, 0.0), (-0.2493181824684143, -0.9684216380119324, 0.0), (-0.43471062183380127, -0.9005702137947083, 0.0), (-0.5721266269683838, -0.8201653361320496, 0.0), (-0.5672320127487183, -0.8201653361320496, -0.07467750459909439), (-0.43099159002304077, -0.9005702137947083, -0.05674111843109131), (-0.43099159002304077, -0.9005702137947083, -0.05674111843109131), (-0.5672320127487183, -0.8201653361320496, -0.07467750459909439), (-0.5526318550109863, -0.8201653361320496, -0.14807726442813873), (-0.41989821195602417, -0.9005702137947083, -0.11251138150691986), (-0.41989821195602417, -0.9005702137947083, -0.11251138150691986), (-0.5526318550109863, -0.8201653361320496, -0.14807726442813873), (-0.5285760760307312, -0.8201653361320496, -0.21894337236881256), (-0.4016202390193939, -0.9005702137947083, -0.16635654866695404), (-0.4016202390193939, -0.9005702137947083, -0.16635654866695404), (-0.5285760760307312, -0.8201653361320496, -0.21894337236881256), (-0.4954761862754822, -0.8201653361320496, -0.2860633134841919), (-0.3764704167842865, -0.9005702137947083, -0.21735531091690063), (-0.3764704167842865, -0.9005702137947083, -0.21735531091690063), (-0.4954761862754822, -0.8201653361320496, -0.2860633134841919), (-0.453898549079895, -0.8201653361320496, -0.3482885956764221), (-0.3448791205883026, -0.9005702137947083, -0.2646350562572479), (-0.3448791205883026, -0.9005702137947083, -0.2646350562572479), (-0.453898549079895, -0.8201653361320496, -0.3482885956764221), (-0.4045546054840088, -0.8201653361320496, -0.4045546054840088), (-0.3073868155479431, -0.9005702137947083, -0.3073868155479431), (-0.3073868155479431, -0.9005702137947083, -0.3073868155479431), (-0.4045546054840088, -0.8201653361320496, -0.4045546054840088), (-0.3482885956764221, -0.8201653361320496, -0.453898549079895), (-0.2646350562572479, -0.9005702137947083, -0.3448791205883026), (-0.2646350562572479, -0.9005702137947083, -0.3448791205883026), (-0.3482885956764221, -0.8201653361320496, -0.453898549079895), (-0.2860633134841919, -0.8201653361320496, -0.4954761862754822), (-0.21735531091690063, -0.9005702137947083, -0.3764704167842865), (-0.21735531091690063, -0.9005702137947083, -0.3764704167842865), (-0.2860633134841919, -0.8201653361320496, -0.4954761862754822), (-0.21894337236881256, -0.8201653361320496, -0.5285760760307312), (-0.16635654866695404, -0.9005702137947083, -0.4016202390193939), (-0.16635654866695404, -0.9005702137947083, -0.4016202390193939), (-0.21894337236881256, -0.8201653361320496, -0.5285760760307312), (-0.14807726442813873, -0.8201653361320496, -0.5526318550109863), (-0.11251138150691986, -0.9005702137947083, -0.41989821195602417), (-0.11251138150691986, -0.9005702137947083, -0.41989821195602417), (-0.14807726442813873, -0.8201653361320496, -0.5526318550109863), (-0.07467750459909439, -0.8201653361320496, -0.5672320127487183), (-0.05674111843109131, -0.9005702137947083, -0.43099159002304077), (-0.05674111843109131, -0.9005702137947083, -0.43099159002304077), (-0.07467750459909439, -0.8201653361320496, -0.5672320127487183), (0.0, -0.8201653361320496, -0.5721266269683838), (0.0, -0.9005702137947083, -0.43471062183380127), (0.0, -0.9005702137947083, -0.43471062183380127), (0.0, -0.8201653361320496, -0.5721266269683838), (0.07467750459909439, -0.8201653361320496, -0.5672320127487183), (0.05674111843109131, -0.9005702137947083, -0.43099159002304077), (0.05674111843109131, -0.9005702137947083, -0.43099159002304077), (0.07467750459909439, -0.8201653361320496, -0.5672320127487183), (0.14807726442813873, -0.8201653361320496, -0.5526318550109863), (0.11251138150691986, -0.9005702137947083, -0.41989821195602417), (0.11251138150691986, -0.9005702137947083, -0.41989821195602417), (0.14807726442813873, -0.8201653361320496, -0.5526318550109863), (0.21894337236881256, -0.8201653361320496, -0.5285760760307312), (0.16635654866695404, -0.9005702137947083, -0.4016202390193939), (0.16635654866695404, -0.9005702137947083, -0.4016202390193939), (0.21894337236881256, -0.8201653361320496, -0.5285760760307312), (0.2860633134841919, -0.8201653361320496, -0.4954761862754822), (0.21735531091690063, -0.9005702137947083, -0.3764704167842865), (0.21735531091690063, -0.9005702137947083, -0.3764704167842865), (0.2860633134841919, -0.8201653361320496, -0.4954761862754822), (0.3482885956764221, -0.8201653361320496, -0.453898549079895), (0.2646350562572479, -0.9005702137947083, -0.3448791205883026), (0.2646350562572479, -0.9005702137947083, -0.3448791205883026), (0.3482885956764221, -0.8201653361320496, -0.453898549079895), (0.4045546054840088, -0.8201653361320496, -0.4045546054840088), (0.3073868155479431, -0.9005702137947083, -0.3073868155479431), (0.3073868155479431, -0.9005702137947083, -0.3073868155479431), (0.4045546054840088, -0.8201653361320496, -0.4045546054840088), (0.453898549079895, -0.8201653361320496, -0.3482885956764221), (0.3448791205883026, -0.9005702137947083, -0.2646350562572479), (0.3448791205883026, -0.9005702137947083, -0.2646350562572479), (0.453898549079895, -0.8201653361320496, -0.3482885956764221), (0.4954761862754822, -0.8201653361320496, -0.2860633134841919), (0.3764704167842865, -0.9005702137947083, -0.21735531091690063), (0.3764704167842865, -0.9005702137947083, -0.21735531091690063), (0.4954761862754822, -0.8201653361320496, -0.2860633134841919), (0.5285760760307312, -0.8201653361320496, -0.21894337236881256), (0.4016202390193939, -0.9005702137947083, -0.16635654866695404), (0.4016202390193939, -0.9005702137947083, -0.16635654866695404), (0.5285760760307312, -0.8201653361320496, -0.21894337236881256), (0.5526318550109863, -0.8201653361320496, -0.14807726442813873), (0.41989821195602417, -0.9005702137947083, -0.11251138150691986), (0.41989821195602417, -0.9005702137947083, -0.11251138150691986), (0.5526318550109863, -0.8201653361320496, -0.14807726442813873), (0.5672320127487183, -0.8201653361320496, -0.07467750459909439), (0.43099159002304077, -0.9005702137947083, -0.05674111843109131), (0.43099159002304077, -0.9005702137947083, -0.05674111843109131), (0.5672320127487183, -0.8201653361320496, -0.07467750459909439), (0.5721266269683838, -0.8201653361320496, 0.0), (0.43471062183380127, -0.9005702137947083, 0.0), (0.43471062183380127, -0.9005702137947083, 0.0), (0.5721266269683838, -0.8201653361320496, 0.0), (0.5672320127487183, -0.8201653361320496, 0.07467750459909439), (0.43099159002304077, -0.9005702137947083, 0.05674111843109131), (0.43099159002304077, -0.9005702137947083, 0.05674111843109131), (0.5672320127487183, -0.8201653361320496, 0.07467750459909439), (0.5526318550109863, -0.8201653361320496, 0.14807726442813873), (0.41989821195602417, -0.9005702137947083, 0.11251138150691986), (0.41989821195602417, -0.9005702137947083, 0.11251138150691986), (0.5526318550109863, -0.8201653361320496, 0.14807726442813873), (0.5285760760307312, -0.8201653361320496, 0.21894337236881256), (0.4016202390193939, -0.9005702137947083, 0.16635654866695404), (0.4016202390193939, -0.9005702137947083, 0.16635654866695404), (0.5285760760307312, -0.8201653361320496, 0.21894337236881256), (0.4954761862754822, -0.8201653361320496, 0.2860633134841919), (0.3764704167842865, -0.9005702137947083, 0.21735531091690063), (0.3764704167842865, -0.9005702137947083, 0.21735531091690063), (0.4954761862754822, -0.8201653361320496, 0.2860633134841919), (0.453898549079895, -0.8201653361320496, 0.3482885956764221), (0.3448791205883026, -0.9005702137947083, 0.2646350562572479), (0.3448791205883026, -0.9005702137947083, 0.2646350562572479), (0.453898549079895, -0.8201653361320496, 0.3482885956764221), (0.4045546054840088, -0.8201653361320496, 0.4045546054840088), (0.3073868155479431, -0.9005702137947083, 0.3073868155479431), (0.3073868155479431, -0.9005702137947083, 0.3073868155479431), (0.4045546054840088, -0.8201653361320496, 0.4045546054840088), (0.3482885956764221, -0.8201653361320496, 0.453898549079895), (0.2646350562572479, -0.9005702137947083, 0.3448791205883026), (0.2646350562572479, -0.9005702137947083, 0.3448791205883026), (0.3482885956764221, -0.8201653361320496, 0.453898549079895), (0.2860633134841919, -0.8201653361320496, 0.4954761862754822), (0.21735531091690063, -0.9005702137947083, 0.3764704167842865), (0.21735531091690063, -0.9005702137947083, 0.3764704167842865), (0.2860633134841919, -0.8201653361320496, 0.4954761862754822), (0.21894337236881256, -0.8201653361320496, 0.5285760760307312), (0.16635654866695404, -0.9005702137947083, 0.4016202390193939), (0.16635654866695404, -0.9005702137947083, 0.4016202390193939), (0.21894337236881256, -0.8201653361320496, 0.5285760760307312), (0.14807726442813873, -0.8201653361320496, 0.5526318550109863), (0.11251138150691986, -0.9005702137947083, 0.41989821195602417), (0.11251138150691986, -0.9005702137947083, 0.41989821195602417), (0.14807726442813873, -0.8201653361320496, 0.5526318550109863), (0.07467750459909439, -0.8201653361320496, 0.5672320127487183), (0.05674111843109131, -0.9005702137947083, 0.43099159002304077), (0.05674111843109131, -0.9005702137947083, 0.43099159002304077), (0.07467750459909439, -0.8201653361320496, 0.5672320127487183), (0.0, -0.8201653361320496, 0.5721266269683838), (0.0, -0.9005702137947083, 0.43471062183380127), (0.0, -0.9005702137947083, 0.43471062183380127), (0.0, -0.8201653361320496, 0.5721266269683838), (-0.07467750459909439, -0.8201653361320496, 0.5672320127487183), (-0.05674111843109131, -0.9005702137947083, 0.43099159002304077), (-0.05674111843109131, -0.9005702137947083, 0.43099159002304077), (-0.07467750459909439, -0.8201653361320496, 0.5672320127487183), (-0.14807726442813873, -0.8201653361320496, 0.5526318550109863), (-0.11251138150691986, -0.9005702137947083, 0.41989821195602417), (-0.11251138150691986, -0.9005702137947083, 0.41989821195602417), (-0.14807726442813873, -0.8201653361320496, 0.5526318550109863), (-0.21894337236881256, -0.8201653361320496, 0.5285760760307312), (-0.16635654866695404, -0.9005702137947083, 0.4016202390193939), (-0.16635654866695404, -0.9005702137947083, 0.4016202390193939), (-0.21894337236881256, -0.8201653361320496, 0.5285760760307312), (-0.2860633134841919, -0.8201653361320496, 0.4954761862754822), (-0.21735531091690063, -0.9005702137947083, 0.3764704167842865), (-0.21735531091690063, -0.9005702137947083, 0.3764704167842865), (-0.2860633134841919, -0.8201653361320496, 0.4954761862754822), (-0.3482885956764221, -0.8201653361320496, 0.453898549079895), (-0.2646350562572479, -0.9005702137947083, 0.3448791205883026), (-0.2646350562572479, -0.9005702137947083, 0.3448791205883026), (-0.3482885956764221, -0.8201653361320496, 0.453898549079895), (-0.4045546054840088, -0.8201653361320496, 0.4045546054840088), (-0.3073868155479431, -0.9005702137947083, 0.3073868155479431), (-0.3073868155479431, -0.9005702137947083, 0.3073868155479431), (-0.4045546054840088, -0.8201653361320496, 0.4045546054840088), (-0.453898549079895, -0.8201653361320496, 0.3482885956764221), (-0.3448791205883026, -0.9005702137947083, 0.2646350562572479), (-0.3448791205883026, -0.9005702137947083, 0.2646350562572479), (-0.453898549079895, -0.8201653361320496, 0.3482885956764221), (-0.4954761862754822, -0.8201653361320496, 0.2860633134841919), (-0.3764704167842865, -0.9005702137947083, 0.21735531091690063), (-0.3764704167842865, -0.9005702137947083, 0.21735531091690063), (-0.4954761862754822, -0.8201653361320496, 0.2860633134841919), (-0.5285760760307312, -0.8201653361320496, 0.21894337236881256), (-0.4016202390193939, -0.9005702137947083, 0.16635654866695404), (-0.4016202390193939, -0.9005702137947083, 0.16635654866695404), (-0.5285760760307312, -0.8201653361320496, 0.21894337236881256), (-0.5526318550109863, -0.8201653361320496, 0.14807726442813873), (-0.41989821195602417, -0.9005702137947083, 0.11251138150691986), (-0.41989821195602417, -0.9005702137947083, 0.11251138150691986), (-0.5526318550109863, -0.8201653361320496, 0.14807726442813873), (-0.5672320127487183, -0.8201653361320496, 0.07467750459909439), (-0.43099159002304077, -0.9005702137947083, 0.05674111843109131), (-0.43099159002304077, -0.9005702137947083, 0.05674111843109131), (-0.5672320127487183, -0.8201653361320496, 0.07467750459909439), (-0.5721266269683838, -0.8201653361320496, 0.0), (-0.43471062183380127, -0.9005702137947083, 0.0), (-0.5721266269683838, -0.8201653361320496, 0.0), (-0.671251118183136, -0.7412300109863281, 0.0), (-0.6655084490776062, -0.7412300109863281, -0.08761585503816605), (-0.5672320127487183, -0.8201653361320496, -0.07467750459909439), (-0.5672320127487183, -0.8201653361320496, -0.07467750459909439), (-0.6655084490776062, -0.7412300109863281, -0.08761585503816605), (-0.6483787894248962, -0.7412300109863281, -0.17373257875442505), (-0.5526318550109863, -0.8201653361320496, -0.14807726442813873), (-0.5526318550109863, -0.8201653361320496, -0.14807726442813873), (-0.6483787894248962, -0.7412300109863281, -0.17373257875442505), (-0.6201551556587219, -0.7412300109863281, -0.256876677274704), (-0.5285760760307312, -0.8201653361320496, -0.21894337236881256), (-0.5285760760307312, -0.8201653361320496, -0.21894337236881256), (-0.6201551556587219, -0.7412300109863281, -0.256876677274704), (-0.5813205242156982, -0.7412300109863281, -0.335625559091568), (-0.4954761862754822, -0.8201653361320496, -0.2860633134841919), (-0.4954761862754822, -0.8201653361320496, -0.2860633134841919), (-0.5813205242156982, -0.7412300109863281, -0.335625559091568), (-0.5325393080711365, -0.7412300109863281, -0.4086318016052246), (-0.453898549079895, -0.8201653361320496, -0.3482885956764221), (-0.453898549079895, -0.8201653361320496, -0.3482885956764221), (-0.5325393080711365, -0.7412300109863281, -0.4086318016052246), (-0.4746462106704712, -0.7412300109863281, -0.4746462106704712), (-0.4045546054840088, -0.8201653361320496, -0.4045546054840088), (-0.4045546054840088, -0.8201653361320496, -0.4045546054840088), (-0.4746462106704712, -0.7412300109863281, -0.4746462106704712), (-0.4086318016052246, -0.7412300109863281, -0.5325393080711365), (-0.3482885956764221, -0.8201653361320496, -0.453898549079895), (-0.3482885956764221, -0.8201653361320496, -0.453898549079895), (-0.4086318016052246, -0.7412300109863281, -0.5325393080711365), (-0.335625559091568, -0.7412300109863281, -0.5813205242156982), (-0.2860633134841919, -0.8201653361320496, -0.4954761862754822), (-0.2860633134841919, -0.8201653361320496, -0.4954761862754822), (-0.335625559091568, -0.7412300109863281, -0.5813205242156982), (-0.256876677274704, -0.7412300109863281, -0.6201551556587219), (-0.21894337236881256, -0.8201653361320496, -0.5285760760307312), (-0.21894337236881256, -0.8201653361320496, -0.5285760760307312), (-0.256876677274704, -0.7412300109863281, -0.6201551556587219), (-0.17373257875442505, -0.7412300109863281, -0.6483787894248962), (-0.14807726442813873, -0.8201653361320496, -0.5526318550109863), (-0.14807726442813873, -0.8201653361320496, -0.5526318550109863), (-0.17373257875442505, -0.7412300109863281, -0.6483787894248962), (-0.08761585503816605, -0.7412300109863281, -0.6655084490776062), (-0.07467750459909439, -0.8201653361320496, -0.5672320127487183), (-0.07467750459909439, -0.8201653361320496, -0.5672320127487183), (-0.08761585503816605, -0.7412300109863281, -0.6655084490776062), (0.0, -0.7412300109863281, -0.671251118183136), (0.0, -0.8201653361320496, -0.5721266269683838), (0.0, -0.8201653361320496, -0.5721266269683838), (0.0, -0.7412300109863281, -0.671251118183136), (0.08761585503816605, -0.7412300109863281, -0.6655084490776062), (0.07467750459909439, -0.8201653361320496, -0.5672320127487183), (0.07467750459909439, -0.8201653361320496, -0.5672320127487183), (0.08761585503816605, -0.7412300109863281, -0.6655084490776062), (0.17373257875442505, -0.7412300109863281, -0.6483787894248962), (0.14807726442813873, -0.8201653361320496, -0.5526318550109863), (0.14807726442813873, -0.8201653361320496, -0.5526318550109863), (0.17373257875442505, -0.7412300109863281, -0.6483787894248962), (0.256876677274704, -0.7412300109863281, -0.6201551556587219), (0.21894337236881256, -0.8201653361320496, -0.5285760760307312), (0.21894337236881256, -0.8201653361320496, -0.5285760760307312), (0.256876677274704, -0.7412300109863281, -0.6201551556587219), (0.335625559091568, -0.7412300109863281, -0.5813205242156982), (0.2860633134841919, -0.8201653361320496, -0.4954761862754822), (0.2860633134841919, -0.8201653361320496, -0.4954761862754822), (0.335625559091568, -0.7412300109863281, -0.5813205242156982), (0.4086318016052246, -0.7412300109863281, -0.5325393080711365), (0.3482885956764221, -0.8201653361320496, -0.453898549079895), (0.3482885956764221, -0.8201653361320496, -0.453898549079895), (0.4086318016052246, -0.7412300109863281, -0.5325393080711365), (0.4746462106704712, -0.7412300109863281, -0.4746462106704712), (0.4045546054840088, -0.8201653361320496, -0.4045546054840088), (0.4045546054840088, -0.8201653361320496, -0.4045546054840088), (0.4746462106704712, -0.7412300109863281, -0.4746462106704712), (0.5325393080711365, -0.7412300109863281, -0.4086318016052246), (0.453898549079895, -0.8201653361320496, -0.3482885956764221), (0.453898549079895, -0.8201653361320496, -0.3482885956764221), (0.5325393080711365, -0.7412300109863281, -0.4086318016052246), (0.5813205242156982, -0.7412300109863281, -0.335625559091568), (0.4954761862754822, -0.8201653361320496, -0.2860633134841919), (0.4954761862754822, -0.8201653361320496, -0.2860633134841919), (0.5813205242156982, -0.7412300109863281, -0.335625559091568), (0.6201551556587219, -0.7412300109863281, -0.256876677274704), (0.5285760760307312, -0.8201653361320496, -0.21894337236881256), (0.5285760760307312, -0.8201653361320496, -0.21894337236881256), (0.6201551556587219, -0.7412300109863281, -0.256876677274704), (0.6483787894248962, -0.7412300109863281, -0.17373257875442505), (0.5526318550109863, -0.8201653361320496, -0.14807726442813873), (0.5526318550109863, -0.8201653361320496, -0.14807726442813873), (0.6483787894248962, -0.7412300109863281, -0.17373257875442505), (0.6655084490776062, -0.7412300109863281, -0.08761585503816605), (0.5672320127487183, -0.8201653361320496, -0.07467750459909439), (0.5672320127487183, -0.8201653361320496, -0.07467750459909439), (0.6655084490776062, -0.7412300109863281, -0.08761585503816605), (0.671251118183136, -0.7412300109863281, 0.0), (0.5721266269683838, -0.8201653361320496, 0.0), (0.5721266269683838, -0.8201653361320496, 0.0), (0.671251118183136, -0.7412300109863281, 0.0), (0.6655084490776062, -0.7412300109863281, 0.08761585503816605), (0.5672320127487183, -0.8201653361320496, 0.07467750459909439), (0.5672320127487183, -0.8201653361320496, 0.07467750459909439), (0.6655084490776062, -0.7412300109863281, 0.08761585503816605), (0.6483787894248962, -0.7412300109863281, 0.17373257875442505), (0.5526318550109863, -0.8201653361320496, 0.14807726442813873), (0.5526318550109863, -0.8201653361320496, 0.14807726442813873), (0.6483787894248962, -0.7412300109863281, 0.17373257875442505), (0.6201551556587219, -0.7412300109863281, 0.256876677274704), (0.5285760760307312, -0.8201653361320496, 0.21894337236881256), (0.5285760760307312, -0.8201653361320496, 0.21894337236881256), (0.6201551556587219, -0.7412300109863281, 0.256876677274704), (0.5813205242156982, -0.7412300109863281, 0.335625559091568), (0.4954761862754822, -0.8201653361320496, 0.2860633134841919), (0.4954761862754822, -0.8201653361320496, 0.2860633134841919), (0.5813205242156982, -0.7412300109863281, 0.335625559091568), (0.5325393080711365, -0.7412300109863281, 0.4086318016052246), (0.453898549079895, -0.8201653361320496, 0.3482885956764221), (0.453898549079895, -0.8201653361320496, 0.3482885956764221), (0.5325393080711365, -0.7412300109863281, 0.4086318016052246), (0.4746462106704712, -0.7412300109863281, 0.4746462106704712), (0.4045546054840088, -0.8201653361320496, 0.4045546054840088), (0.4045546054840088, -0.8201653361320496, 0.4045546054840088), (0.4746462106704712, -0.7412300109863281, 0.4746462106704712), (0.4086318016052246, -0.7412300109863281, 0.5325393080711365), (0.3482885956764221, -0.8201653361320496, 0.453898549079895), (0.3482885956764221, -0.8201653361320496, 0.453898549079895), (0.4086318016052246, -0.7412300109863281, 0.5325393080711365), (0.335625559091568, -0.7412300109863281, 0.5813205242156982), (0.2860633134841919, -0.8201653361320496, 0.4954761862754822), (0.2860633134841919, -0.8201653361320496, 0.4954761862754822), (0.335625559091568, -0.7412300109863281, 0.5813205242156982), (0.256876677274704, -0.7412300109863281, 0.6201551556587219), (0.21894337236881256, -0.8201653361320496, 0.5285760760307312), (0.21894337236881256, -0.8201653361320496, 0.5285760760307312), (0.256876677274704, -0.7412300109863281, 0.6201551556587219), (0.17373257875442505, -0.7412300109863281, 0.6483787894248962), (0.14807726442813873, -0.8201653361320496, 0.5526318550109863), (0.14807726442813873, -0.8201653361320496, 0.5526318550109863), (0.17373257875442505, -0.7412300109863281, 0.6483787894248962), (0.08761585503816605, -0.7412300109863281, 0.6655084490776062), (0.07467750459909439, -0.8201653361320496, 0.5672320127487183), (0.07467750459909439, -0.8201653361320496, 0.5672320127487183), (0.08761585503816605, -0.7412300109863281, 0.6655084490776062), (0.0, -0.7412300109863281, 0.671251118183136), (0.0, -0.8201653361320496, 0.5721266269683838), (0.0, -0.8201653361320496, 0.5721266269683838), (0.0, -0.7412300109863281, 0.671251118183136), (-0.08761585503816605, -0.7412300109863281, 0.6655084490776062), (-0.07467750459909439, -0.8201653361320496, 0.5672320127487183), (-0.07467750459909439, -0.8201653361320496, 0.5672320127487183), (-0.08761585503816605, -0.7412300109863281, 0.6655084490776062), (-0.17373257875442505, -0.7412300109863281, 0.6483787894248962), (-0.14807726442813873, -0.8201653361320496, 0.5526318550109863), (-0.14807726442813873, -0.8201653361320496, 0.5526318550109863), (-0.17373257875442505, -0.7412300109863281, 0.6483787894248962), (-0.256876677274704, -0.7412300109863281, 0.6201551556587219), (-0.21894337236881256, -0.8201653361320496, 0.5285760760307312), (-0.21894337236881256, -0.8201653361320496, 0.5285760760307312), (-0.256876677274704, -0.7412300109863281, 0.6201551556587219), (-0.335625559091568, -0.7412300109863281, 0.5813205242156982), (-0.2860633134841919, -0.8201653361320496, 0.4954761862754822), (-0.2860633134841919, -0.8201653361320496, 0.4954761862754822), (-0.335625559091568, -0.7412300109863281, 0.5813205242156982), (-0.4086318016052246, -0.7412300109863281, 0.5325393080711365), (-0.3482885956764221, -0.8201653361320496, 0.453898549079895), (-0.3482885956764221, -0.8201653361320496, 0.453898549079895), (-0.4086318016052246, -0.7412300109863281, 0.5325393080711365), (-0.4746462106704712, -0.7412300109863281, 0.4746462106704712), (-0.4045546054840088, -0.8201653361320496, 0.4045546054840088), (-0.4045546054840088, -0.8201653361320496, 0.4045546054840088), (-0.4746462106704712, -0.7412300109863281, 0.4746462106704712), (-0.5325393080711365, -0.7412300109863281, 0.4086318016052246), (-0.453898549079895, -0.8201653361320496, 0.3482885956764221), (-0.453898549079895, -0.8201653361320496, 0.3482885956764221), (-0.5325393080711365, -0.7412300109863281, 0.4086318016052246), (-0.5813205242156982, -0.7412300109863281, 0.335625559091568), (-0.4954761862754822, -0.8201653361320496, 0.2860633134841919), (-0.4954761862754822, -0.8201653361320496, 0.2860633134841919), (-0.5813205242156982, -0.7412300109863281, 0.335625559091568), (-0.6201551556587219, -0.7412300109863281, 0.256876677274704), (-0.5285760760307312, -0.8201653361320496, 0.21894337236881256), (-0.5285760760307312, -0.8201653361320496, 0.21894337236881256), (-0.6201551556587219, -0.7412300109863281, 0.256876677274704), (-0.6483787894248962, -0.7412300109863281, 0.17373257875442505), (-0.5526318550109863, -0.8201653361320496, 0.14807726442813873), (-0.5526318550109863, -0.8201653361320496, 0.14807726442813873), (-0.6483787894248962, -0.7412300109863281, 0.17373257875442505), (-0.6655084490776062, -0.7412300109863281, 0.08761585503816605), (-0.5672320127487183, -0.8201653361320496, 0.07467750459909439), (-0.5672320127487183, -0.8201653361320496, 0.07467750459909439), (-0.6655084490776062, -0.7412300109863281, 0.08761585503816605), (-0.671251118183136, -0.7412300109863281, 0.0), (-0.5721266269683838, -0.8201653361320496, 0.0), (-0.671251118183136, -0.7412300109863281, 0.0), (-0.7425376176834106, -0.6698043942451477, 0.0), (-0.7361850738525391, -0.6698043942451477, -0.09692060947418213), (-0.6655084490776062, -0.7412300109863281, -0.08761585503816605), (-0.6655084490776062, -0.7412300109863281, -0.08761585503816605), (-0.7361850738525391, -0.6698043942451477, -0.09692060947418213), (-0.7172362804412842, -0.6698043942451477, -0.19218286871910095), (-0.6483787894248962, -0.7412300109863281, -0.17373257875442505), (-0.6483787894248962, -0.7412300109863281, -0.17373257875442505), (-0.7172362804412842, -0.6698043942451477, -0.19218286871910095), (-0.6860153079032898, -0.6698043942451477, -0.28415682911872864), (-0.6201551556587219, -0.7412300109863281, -0.256876677274704), (-0.6201551556587219, -0.7412300109863281, -0.256876677274704), (-0.6860153079032898, -0.6698043942451477, -0.28415682911872864), (-0.6430564522743225, -0.6698043942451477, -0.3712688088417053), (-0.5813205242156982, -0.7412300109863281, -0.335625559091568), (-0.5813205242156982, -0.7412300109863281, -0.335625559091568), (-0.6430564522743225, -0.6698043942451477, -0.3712688088417053), (-0.5890946984291077, -0.6698043942451477, -0.4520282447338104), (-0.5325393080711365, -0.7412300109863281, -0.4086318016052246), (-0.5325393080711365, -0.7412300109863281, -0.4086318016052246), (-0.5890946984291077, -0.6698043942451477, -0.4520282447338104), (-0.5250533819198608, -0.6698043942451477, -0.5250533819198608), (-0.4746462106704712, -0.7412300109863281, -0.4746462106704712), (-0.4746462106704712, -0.7412300109863281, -0.4746462106704712), (-0.5250533819198608, -0.6698043942451477, -0.5250533819198608), (-0.4520282447338104, -0.6698043942451477, -0.5890946984291077), (-0.4086318016052246, -0.7412300109863281, -0.5325393080711365), (-0.4086318016052246, -0.7412300109863281, -0.5325393080711365), (-0.4520282447338104, -0.6698043942451477, -0.5890946984291077), (-0.3712688088417053, -0.6698043942451477, -0.6430564522743225), (-0.335625559091568, -0.7412300109863281, -0.5813205242156982), (-0.335625559091568, -0.7412300109863281, -0.5813205242156982), (-0.3712688088417053, -0.6698043942451477, -0.6430564522743225), (-0.28415682911872864, -0.6698043942451477, -0.6860153079032898), (-0.256876677274704, -0.7412300109863281, -0.6201551556587219), (-0.256876677274704, -0.7412300109863281, -0.6201551556587219), (-0.28415682911872864, -0.6698043942451477, -0.6860153079032898), (-0.19218286871910095, -0.6698043942451477, -0.7172362804412842), (-0.17373257875442505, -0.7412300109863281, -0.6483787894248962), (-0.17373257875442505, -0.7412300109863281, -0.6483787894248962), (-0.19218286871910095, -0.6698043942451477, -0.7172362804412842), (-0.09692060947418213, -0.6698043942451477, -0.7361850738525391), (-0.08761585503816605, -0.7412300109863281, -0.6655084490776062), (-0.08761585503816605, -0.7412300109863281, -0.6655084490776062), (-0.09692060947418213, -0.6698043942451477, -0.7361850738525391), (0.0, -0.6698043942451477, -0.7425376176834106), (0.0, -0.7412300109863281, -0.671251118183136), (0.0, -0.7412300109863281, -0.671251118183136), (0.0, -0.6698043942451477, -0.7425376176834106), (0.09692060947418213, -0.6698043942451477, -0.7361850738525391), (0.08761585503816605, -0.7412300109863281, -0.6655084490776062), (0.08761585503816605, -0.7412300109863281, -0.6655084490776062), (0.09692060947418213, -0.6698043942451477, -0.7361850738525391), (0.19218286871910095, -0.6698043942451477, -0.7172362804412842), (0.17373257875442505, -0.7412300109863281, -0.6483787894248962), (0.17373257875442505, -0.7412300109863281, -0.6483787894248962), (0.19218286871910095, -0.6698043942451477, -0.7172362804412842), (0.28415682911872864, -0.6698043942451477, -0.6860153079032898), (0.256876677274704, -0.7412300109863281, -0.6201551556587219), (0.256876677274704, -0.7412300109863281, -0.6201551556587219), (0.28415682911872864, -0.6698043942451477, -0.6860153079032898), (0.3712688088417053, -0.6698043942451477, -0.6430564522743225), (0.335625559091568, -0.7412300109863281, -0.5813205242156982), (0.335625559091568, -0.7412300109863281, -0.5813205242156982), (0.3712688088417053, -0.6698043942451477, -0.6430564522743225), (0.4520282447338104, -0.6698043942451477, -0.5890946984291077), (0.4086318016052246, -0.7412300109863281, -0.5325393080711365), (0.4086318016052246, -0.7412300109863281, -0.5325393080711365), (0.4520282447338104, -0.6698043942451477, -0.5890946984291077), (0.5250533819198608, -0.6698043942451477, -0.5250533819198608), (0.4746462106704712, -0.7412300109863281, -0.4746462106704712), (0.4746462106704712, -0.7412300109863281, -0.4746462106704712), (0.5250533819198608, -0.6698043942451477, -0.5250533819198608), (0.5890946984291077, -0.6698043942451477, -0.4520282447338104), (0.5325393080711365, -0.7412300109863281, -0.4086318016052246), (0.5325393080711365, -0.7412300109863281, -0.4086318016052246), (0.5890946984291077, -0.6698043942451477, -0.4520282447338104), (0.6430564522743225, -0.6698043942451477, -0.3712688088417053), (0.5813205242156982, -0.7412300109863281, -0.335625559091568), (0.5813205242156982, -0.7412300109863281, -0.335625559091568), (0.6430564522743225, -0.6698043942451477, -0.3712688088417053), (0.6860153079032898, -0.6698043942451477, -0.28415682911872864), (0.6201551556587219, -0.7412300109863281, -0.256876677274704), (0.6201551556587219, -0.7412300109863281, -0.256876677274704), (0.6860153079032898, -0.6698043942451477, -0.28415682911872864), (0.7172362804412842, -0.6698043942451477, -0.19218286871910095), (0.6483787894248962, -0.7412300109863281, -0.17373257875442505), (0.6483787894248962, -0.7412300109863281, -0.17373257875442505), (0.7172362804412842, -0.6698043942451477, -0.19218286871910095), (0.7361850738525391, -0.6698043942451477, -0.09692060947418213), (0.6655084490776062, -0.7412300109863281, -0.08761585503816605), (0.6655084490776062, -0.7412300109863281, -0.08761585503816605), (0.7361850738525391, -0.6698043942451477, -0.09692060947418213), (0.7425376176834106, -0.6698043942451477, 0.0), (0.671251118183136, -0.7412300109863281, 0.0), (0.671251118183136, -0.7412300109863281, 0.0), (0.7425376176834106, -0.6698043942451477, 0.0), (0.7361850738525391, -0.6698043942451477, 0.09692060947418213), (0.6655084490776062, -0.7412300109863281, 0.08761585503816605), (0.6655084490776062, -0.7412300109863281, 0.08761585503816605), (0.7361850738525391, -0.6698043942451477, 0.09692060947418213), (0.7172362804412842, -0.6698043942451477, 0.19218286871910095), (0.6483787894248962, -0.7412300109863281, 0.17373257875442505), (0.6483787894248962, -0.7412300109863281, 0.17373257875442505), (0.7172362804412842, -0.6698043942451477, 0.19218286871910095), (0.6860153079032898, -0.6698043942451477, 0.28415682911872864), (0.6201551556587219, -0.7412300109863281, 0.256876677274704), (0.6201551556587219, -0.7412300109863281, 0.256876677274704), (0.6860153079032898, -0.6698043942451477, 0.28415682911872864), (0.6430564522743225, -0.6698043942451477, 0.3712688088417053), (0.5813205242156982, -0.7412300109863281, 0.335625559091568), (0.5813205242156982, -0.7412300109863281, 0.335625559091568), (0.6430564522743225, -0.6698043942451477, 0.3712688088417053), (0.5890946984291077, -0.6698043942451477, 0.4520282447338104), (0.5325393080711365, -0.7412300109863281, 0.4086318016052246), (0.5325393080711365, -0.7412300109863281, 0.4086318016052246), (0.5890946984291077, -0.6698043942451477, 0.4520282447338104), (0.5250533819198608, -0.6698043942451477, 0.5250533819198608), (0.4746462106704712, -0.7412300109863281, 0.4746462106704712), (0.4746462106704712, -0.7412300109863281, 0.4746462106704712), (0.5250533819198608, -0.6698043942451477, 0.5250533819198608), (0.4520282447338104, -0.6698043942451477, 0.5890946984291077), (0.4086318016052246, -0.7412300109863281, 0.5325393080711365), (0.4086318016052246, -0.7412300109863281, 0.5325393080711365), (0.4520282447338104, -0.6698043942451477, 0.5890946984291077), (0.3712688088417053, -0.6698043942451477, 0.6430564522743225), (0.335625559091568, -0.7412300109863281, 0.5813205242156982), (0.335625559091568, -0.7412300109863281, 0.5813205242156982), (0.3712688088417053, -0.6698043942451477, 0.6430564522743225), (0.28415682911872864, -0.6698043942451477, 0.6860153079032898), (0.256876677274704, -0.7412300109863281, 0.6201551556587219), (0.256876677274704, -0.7412300109863281, 0.6201551556587219), (0.28415682911872864, -0.6698043942451477, 0.6860153079032898), (0.19218286871910095, -0.6698043942451477, 0.7172362804412842), (0.17373257875442505, -0.7412300109863281, 0.6483787894248962), (0.17373257875442505, -0.7412300109863281, 0.6483787894248962), (0.19218286871910095, -0.6698043942451477, 0.7172362804412842), (0.09692060947418213, -0.6698043942451477, 0.7361850738525391), (0.08761585503816605, -0.7412300109863281, 0.6655084490776062), (0.08761585503816605, -0.7412300109863281, 0.6655084490776062), (0.09692060947418213, -0.6698043942451477, 0.7361850738525391), (0.0, -0.6698043942451477, 0.7425376176834106), (0.0, -0.7412300109863281, 0.671251118183136), (0.0, -0.7412300109863281, 0.671251118183136), (0.0, -0.6698043942451477, 0.7425376176834106), (-0.09692060947418213, -0.6698043942451477, 0.7361850738525391), (-0.08761585503816605, -0.7412300109863281, 0.6655084490776062), (-0.08761585503816605, -0.7412300109863281, 0.6655084490776062), (-0.09692060947418213, -0.6698043942451477, 0.7361850738525391), (-0.19218286871910095, -0.6698043942451477, 0.7172362804412842), (-0.17373257875442505, -0.7412300109863281, 0.6483787894248962), (-0.17373257875442505, -0.7412300109863281, 0.6483787894248962), (-0.19218286871910095, -0.6698043942451477, 0.7172362804412842), (-0.28415682911872864, -0.6698043942451477, 0.6860153079032898), (-0.256876677274704, -0.7412300109863281, 0.6201551556587219), (-0.256876677274704, -0.7412300109863281, 0.6201551556587219), (-0.28415682911872864, -0.6698043942451477, 0.6860153079032898), (-0.3712688088417053, -0.6698043942451477, 0.6430564522743225), (-0.335625559091568, -0.7412300109863281, 0.5813205242156982), (-0.335625559091568, -0.7412300109863281, 0.5813205242156982), (-0.3712688088417053, -0.6698043942451477, 0.6430564522743225), (-0.4520282447338104, -0.6698043942451477, 0.5890946984291077), (-0.4086318016052246, -0.7412300109863281, 0.5325393080711365), (-0.4086318016052246, -0.7412300109863281, 0.5325393080711365), (-0.4520282447338104, -0.6698043942451477, 0.5890946984291077), (-0.5250533819198608, -0.6698043942451477, 0.5250533819198608), (-0.4746462106704712, -0.7412300109863281, 0.4746462106704712), (-0.4746462106704712, -0.7412300109863281, 0.4746462106704712), (-0.5250533819198608, -0.6698043942451477, 0.5250533819198608), (-0.5890946984291077, -0.6698043942451477, 0.4520282447338104), (-0.5325393080711365, -0.7412300109863281, 0.4086318016052246), (-0.5325393080711365, -0.7412300109863281, 0.4086318016052246), (-0.5890946984291077, -0.6698043942451477, 0.4520282447338104), (-0.6430564522743225, -0.6698043942451477, 0.3712688088417053), (-0.5813205242156982, -0.7412300109863281, 0.335625559091568), (-0.5813205242156982, -0.7412300109863281, 0.335625559091568), (-0.6430564522743225, -0.6698043942451477, 0.3712688088417053), (-0.6860153079032898, -0.6698043942451477, 0.28415682911872864), (-0.6201551556587219, -0.7412300109863281, 0.256876677274704), (-0.6201551556587219, -0.7412300109863281, 0.256876677274704), (-0.6860153079032898, -0.6698043942451477, 0.28415682911872864), (-0.7172362804412842, -0.6698043942451477, 0.19218286871910095), (-0.6483787894248962, -0.7412300109863281, 0.17373257875442505), (-0.6483787894248962, -0.7412300109863281, 0.17373257875442505), (-0.7172362804412842, -0.6698043942451477, 0.19218286871910095), (-0.7361850738525391, -0.6698043942451477, 0.09692060947418213), (-0.6655084490776062, -0.7412300109863281, 0.08761585503816605), (-0.6655084490776062, -0.7412300109863281, 0.08761585503816605), (-0.7361850738525391, -0.6698043942451477, 0.09692060947418213), (-0.7425376176834106, -0.6698043942451477, 0.0), (-0.671251118183136, -0.7412300109863281, 0.0), (-0.7425376176834106, -0.6698043942451477, 0.0), (-0.7943382859230042, -0.6074756979942322, 0.0), (-0.7875425815582275, -0.6074756979942322, -0.10368195176124573), (-0.7361850738525391, -0.6698043942451477, -0.09692060947418213), (-0.7361850738525391, -0.6698043942451477, -0.09692060947418213), (-0.7875425815582275, -0.6074756979942322, -0.10368195176124573), (-0.767271876335144, -0.6074756979942322, -0.2055898755788803), (-0.7172362804412842, -0.6698043942451477, -0.19218286871910095), (-0.7172362804412842, -0.6698043942451477, -0.19218286871910095), (-0.767271876335144, -0.6074756979942322, -0.2055898755788803), (-0.7338728904724121, -0.6074756979942322, -0.30398011207580566), (-0.6860153079032898, -0.6698043942451477, -0.28415682911872864), (-0.6860153079032898, -0.6698043942451477, -0.28415682911872864), (-0.7338728904724121, -0.6074756979942322, -0.30398011207580566), (-0.6879171133041382, -0.6074756979942322, -0.3971691429615021), (-0.6430564522743225, -0.6698043942451477, -0.3712688088417053), (-0.6430564522743225, -0.6698043942451477, -0.3712688088417053), (-0.6879171133041382, -0.6074756979942322, -0.3971691429615021), (-0.630190908908844, -0.6074756979942322, -0.48356249928474426), (-0.5890946984291077, -0.6698043942451477, -0.4520282447338104), (-0.5890946984291077, -0.6698043942451477, -0.4520282447338104), (-0.630190908908844, -0.6074756979942322, -0.48356249928474426), (-0.5616819858551025, -0.6074756979942322, -0.5616819858551025), (-0.5250533819198608, -0.6698043942451477, -0.5250533819198608), (-0.5250533819198608, -0.6698043942451477, -0.5250533819198608), (-0.5616819858551025, -0.6074756979942322, -0.5616819858551025), (-0.48356249928474426, -0.6074756979942322, -0.630190908908844), (-0.4520282447338104, -0.6698043942451477, -0.5890946984291077), (-0.4520282447338104, -0.6698043942451477, -0.5890946984291077), (-0.48356249928474426, -0.6074756979942322, -0.630190908908844), (-0.3971691429615021, -0.6074756979942322, -0.6879171133041382), (-0.3712688088417053, -0.6698043942451477, -0.6430564522743225), (-0.3712688088417053, -0.6698043942451477, -0.6430564522743225), (-0.3971691429615021, -0.6074756979942322, -0.6879171133041382), (-0.30398011207580566, -0.6074756979942322, -0.7338728904724121), (-0.28415682911872864, -0.6698043942451477, -0.6860153079032898), (-0.28415682911872864, -0.6698043942451477, -0.6860153079032898), (-0.30398011207580566, -0.6074756979942322, -0.7338728904724121), (-0.2055898755788803, -0.6074756979942322, -0.767271876335144), (-0.19218286871910095, -0.6698043942451477, -0.7172362804412842), (-0.19218286871910095, -0.6698043942451477, -0.7172362804412842), (-0.2055898755788803, -0.6074756979942322, -0.767271876335144), (-0.10368195176124573, -0.6074756979942322, -0.7875425815582275), (-0.09692060947418213, -0.6698043942451477, -0.7361850738525391), (-0.09692060947418213, -0.6698043942451477, -0.7361850738525391), (-0.10368195176124573, -0.6074756979942322, -0.7875425815582275), (0.0, -0.6074756979942322, -0.7943382859230042), (0.0, -0.6698043942451477, -0.7425376176834106), (0.0, -0.6698043942451477, -0.7425376176834106), (0.0, -0.6074756979942322, -0.7943382859230042), (0.10368195176124573, -0.6074756979942322, -0.7875425815582275), (0.09692060947418213, -0.6698043942451477, -0.7361850738525391), (0.09692060947418213, -0.6698043942451477, -0.7361850738525391), (0.10368195176124573, -0.6074756979942322, -0.7875425815582275), (0.2055898755788803, -0.6074756979942322, -0.767271876335144), (0.19218286871910095, -0.6698043942451477, -0.7172362804412842), (0.19218286871910095, -0.6698043942451477, -0.7172362804412842), (0.2055898755788803, -0.6074756979942322, -0.767271876335144), (0.30398011207580566, -0.6074756979942322, -0.7338728904724121), (0.28415682911872864, -0.6698043942451477, -0.6860153079032898), (0.28415682911872864, -0.6698043942451477, -0.6860153079032898), (0.30398011207580566, -0.6074756979942322, -0.7338728904724121), (0.3971691429615021, -0.6074756979942322, -0.6879171133041382), (0.3712688088417053, -0.6698043942451477, -0.6430564522743225), (0.3712688088417053, -0.6698043942451477, -0.6430564522743225), (0.3971691429615021, -0.6074756979942322, -0.6879171133041382), (0.48356249928474426, -0.6074756979942322, -0.630190908908844), (0.4520282447338104, -0.6698043942451477, -0.5890946984291077), (0.4520282447338104, -0.6698043942451477, -0.5890946984291077), (0.48356249928474426, -0.6074756979942322, -0.630190908908844), (0.5616819858551025, -0.6074756979942322, -0.5616819858551025), (0.5250533819198608, -0.6698043942451477, -0.5250533819198608), (0.5250533819198608, -0.6698043942451477, -0.5250533819198608), (0.5616819858551025, -0.6074756979942322, -0.5616819858551025), (0.630190908908844, -0.6074756979942322, -0.48356249928474426), (0.5890946984291077, -0.6698043942451477, -0.4520282447338104), (0.5890946984291077, -0.6698043942451477, -0.4520282447338104), (0.630190908908844, -0.6074756979942322, -0.48356249928474426), (0.6879171133041382, -0.6074756979942322, -0.3971691429615021), (0.6430564522743225, -0.6698043942451477, -0.3712688088417053), (0.6430564522743225, -0.6698043942451477, -0.3712688088417053), (0.6879171133041382, -0.6074756979942322, -0.3971691429615021), (0.7338728904724121, -0.6074756979942322, -0.30398011207580566), (0.6860153079032898, -0.6698043942451477, -0.28415682911872864), (0.6860153079032898, -0.6698043942451477, -0.28415682911872864), (0.7338728904724121, -0.6074756979942322, -0.30398011207580566), (0.767271876335144, -0.6074756979942322, -0.2055898755788803), (0.7172362804412842, -0.6698043942451477, -0.19218286871910095), (0.7172362804412842, -0.6698043942451477, -0.19218286871910095), (0.767271876335144, -0.6074756979942322, -0.2055898755788803), (0.7875425815582275, -0.6074756979942322, -0.10368195176124573), (0.7361850738525391, -0.6698043942451477, -0.09692060947418213), (0.7361850738525391, -0.6698043942451477, -0.09692060947418213), (0.7875425815582275, -0.6074756979942322, -0.10368195176124573), (0.7943382859230042, -0.6074756979942322, 0.0), (0.7425376176834106, -0.6698043942451477, 0.0), (0.7425376176834106, -0.6698043942451477, 0.0), (0.7943382859230042, -0.6074756979942322, 0.0), (0.7875425815582275, -0.6074756979942322, 0.10368195176124573), (0.7361850738525391, -0.6698043942451477, 0.09692060947418213), (0.7361850738525391, -0.6698043942451477, 0.09692060947418213), (0.7875425815582275, -0.6074756979942322, 0.10368195176124573), (0.767271876335144, -0.6074756979942322, 0.2055898755788803), (0.7172362804412842, -0.6698043942451477, 0.19218286871910095), (0.7172362804412842, -0.6698043942451477, 0.19218286871910095), (0.767271876335144, -0.6074756979942322, 0.2055898755788803), (0.7338728904724121, -0.6074756979942322, 0.30398011207580566), (0.6860153079032898, -0.6698043942451477, 0.28415682911872864), (0.6860153079032898, -0.6698043942451477, 0.28415682911872864), (0.7338728904724121, -0.6074756979942322, 0.30398011207580566), (0.6879171133041382, -0.6074756979942322, 0.3971691429615021), (0.6430564522743225, -0.6698043942451477, 0.3712688088417053), (0.6430564522743225, -0.6698043942451477, 0.3712688088417053), (0.6879171133041382, -0.6074756979942322, 0.3971691429615021), (0.630190908908844, -0.6074756979942322, 0.48356249928474426), (0.5890946984291077, -0.6698043942451477, 0.4520282447338104), (0.5890946984291077, -0.6698043942451477, 0.4520282447338104), (0.630190908908844, -0.6074756979942322, 0.48356249928474426), (0.5616819858551025, -0.6074756979942322, 0.5616819858551025), (0.5250533819198608, -0.6698043942451477, 0.5250533819198608), (0.5250533819198608, -0.6698043942451477, 0.5250533819198608), (0.5616819858551025, -0.6074756979942322, 0.5616819858551025), (0.48356249928474426, -0.6074756979942322, 0.630190908908844), (0.4520282447338104, -0.6698043942451477, 0.5890946984291077), (0.4520282447338104, -0.6698043942451477, 0.5890946984291077), (0.48356249928474426, -0.6074756979942322, 0.630190908908844), (0.3971691429615021, -0.6074756979942322, 0.6879171133041382), (0.3712688088417053, -0.6698043942451477, 0.6430564522743225), (0.3712688088417053, -0.6698043942451477, 0.6430564522743225), (0.3971691429615021, -0.6074756979942322, 0.6879171133041382), (0.30398011207580566, -0.6074756979942322, 0.7338728904724121), (0.28415682911872864, -0.6698043942451477, 0.6860153079032898), (0.28415682911872864, -0.6698043942451477, 0.6860153079032898), (0.30398011207580566, -0.6074756979942322, 0.7338728904724121), (0.2055898755788803, -0.6074756979942322, 0.767271876335144), (0.19218286871910095, -0.6698043942451477, 0.7172362804412842), (0.19218286871910095, -0.6698043942451477, 0.7172362804412842), (0.2055898755788803, -0.6074756979942322, 0.767271876335144), (0.10368195176124573, -0.6074756979942322, 0.7875425815582275), (0.09692060947418213, -0.6698043942451477, 0.7361850738525391), (0.09692060947418213, -0.6698043942451477, 0.7361850738525391), (0.10368195176124573, -0.6074756979942322, 0.7875425815582275), (0.0, -0.6074756979942322, 0.7943382859230042), (0.0, -0.6698043942451477, 0.7425376176834106), (0.0, -0.6698043942451477, 0.7425376176834106), (0.0, -0.6074756979942322, 0.7943382859230042), (-0.10368195176124573, -0.6074756979942322, 0.7875425815582275), (-0.09692060947418213, -0.6698043942451477, 0.7361850738525391), (-0.09692060947418213, -0.6698043942451477, 0.7361850738525391), (-0.10368195176124573, -0.6074756979942322, 0.7875425815582275), (-0.2055898755788803, -0.6074756979942322, 0.767271876335144), (-0.19218286871910095, -0.6698043942451477, 0.7172362804412842), (-0.19218286871910095, -0.6698043942451477, 0.7172362804412842), (-0.2055898755788803, -0.6074756979942322, 0.767271876335144), (-0.30398011207580566, -0.6074756979942322, 0.7338728904724121), (-0.28415682911872864, -0.6698043942451477, 0.6860153079032898), (-0.28415682911872864, -0.6698043942451477, 0.6860153079032898), (-0.30398011207580566, -0.6074756979942322, 0.7338728904724121), (-0.3971691429615021, -0.6074756979942322, 0.6879171133041382), (-0.3712688088417053, -0.6698043942451477, 0.6430564522743225), (-0.3712688088417053, -0.6698043942451477, 0.6430564522743225), (-0.3971691429615021, -0.6074756979942322, 0.6879171133041382), (-0.48356249928474426, -0.6074756979942322, 0.630190908908844), (-0.4520282447338104, -0.6698043942451477, 0.5890946984291077), (-0.4520282447338104, -0.6698043942451477, 0.5890946984291077), (-0.48356249928474426, -0.6074756979942322, 0.630190908908844), (-0.5616819858551025, -0.6074756979942322, 0.5616819858551025), (-0.5250533819198608, -0.6698043942451477, 0.5250533819198608), (-0.5250533819198608, -0.6698043942451477, 0.5250533819198608), (-0.5616819858551025, -0.6074756979942322, 0.5616819858551025), (-0.630190908908844, -0.6074756979942322, 0.48356249928474426), (-0.5890946984291077, -0.6698043942451477, 0.4520282447338104), (-0.5890946984291077, -0.6698043942451477, 0.4520282447338104), (-0.630190908908844, -0.6074756979942322, 0.48356249928474426), (-0.6879171133041382, -0.6074756979942322, 0.3971691429615021), (-0.6430564522743225, -0.6698043942451477, 0.3712688088417053), (-0.6430564522743225, -0.6698043942451477, 0.3712688088417053), (-0.6879171133041382, -0.6074756979942322, 0.3971691429615021), (-0.7338728904724121, -0.6074756979942322, 0.30398011207580566), (-0.6860153079032898, -0.6698043942451477, 0.28415682911872864), (-0.6860153079032898, -0.6698043942451477, 0.28415682911872864), (-0.7338728904724121, -0.6074756979942322, 0.30398011207580566), (-0.767271876335144, -0.6074756979942322, 0.2055898755788803), (-0.7172362804412842, -0.6698043942451477, 0.19218286871910095), (-0.7172362804412842, -0.6698043942451477, 0.19218286871910095), (-0.767271876335144, -0.6074756979942322, 0.2055898755788803), (-0.7875425815582275, -0.6074756979942322, 0.10368195176124573), (-0.7361850738525391, -0.6698043942451477, 0.09692060947418213), (-0.7361850738525391, -0.6698043942451477, 0.09692060947418213), (-0.7875425815582275, -0.6074756979942322, 0.10368195176124573), (-0.7943382859230042, -0.6074756979942322, 0.0), (-0.7425376176834106, -0.6698043942451477, 0.0), (-0.7943382859230042, -0.6074756979942322, 0.0), (-0.83261638879776, -0.5538501143455505, 0.0), (-0.8254932165145874, -0.5538501143455505, -0.10867824405431747), (-0.7875425815582275, -0.6074756979942322, -0.10368195176124573), (-0.7875425815582275, -0.6074756979942322, -0.10368195176124573), (-0.8254932165145874, -0.5538501143455505, -0.10867824405431747), (-0.80424565076828, -0.5538501143455505, -0.2154969871044159), (-0.767271876335144, -0.6074756979942322, -0.2055898755788803), (-0.767271876335144, -0.6074756979942322, -0.2055898755788803), (-0.80424565076828, -0.5538501143455505, -0.2154969871044159), (-0.769237220287323, -0.5538501143455505, -0.3186284899711609), (-0.7338728904724121, -0.6074756979942322, -0.30398011207580566), (-0.7338728904724121, -0.6074756979942322, -0.30398011207580566), (-0.769237220287323, -0.5538501143455505, -0.3186284899711609), (-0.721066951751709, -0.5538501143455505, -0.41630819439888), (-0.6879171133041382, -0.6074756979942322, -0.3971691429615021), (-0.6879171133041382, -0.6074756979942322, -0.3971691429615021), (-0.721066951751709, -0.5538501143455505, -0.41630819439888), (-0.6605589985847473, -0.5538501143455505, -0.5068647265434265), (-0.630190908908844, -0.6074756979942322, -0.48356249928474426), (-0.630190908908844, -0.6074756979942322, -0.48356249928474426), (-0.6605589985847473, -0.5538501143455505, -0.5068647265434265), (-0.5887486934661865, -0.5538501143455505, -0.5887486934661865), (-0.5616819858551025, -0.6074756979942322, -0.5616819858551025), (-0.5616819858551025, -0.6074756979942322, -0.5616819858551025), (-0.5887486934661865, -0.5538501143455505, -0.5887486934661865), (-0.5068647265434265, -0.5538501143455505, -0.6605589985847473), (-0.48356249928474426, -0.6074756979942322, -0.630190908908844), (-0.48356249928474426, -0.6074756979942322, -0.630190908908844), (-0.5068647265434265, -0.5538501143455505, -0.6605589985847473), (-0.41630819439888, -0.5538501143455505, -0.721066951751709), (-0.3971691429615021, -0.6074756979942322, -0.6879171133041382), (-0.3971691429615021, -0.6074756979942322, -0.6879171133041382), (-0.41630819439888, -0.5538501143455505, -0.721066951751709), (-0.3186284899711609, -0.5538501143455505, -0.769237220287323), (-0.30398011207580566, -0.6074756979942322, -0.7338728904724121), (-0.30398011207580566, -0.6074756979942322, -0.7338728904724121), (-0.3186284899711609, -0.5538501143455505, -0.769237220287323), (-0.2154969871044159, -0.5538501143455505, -0.80424565076828), (-0.2055898755788803, -0.6074756979942322, -0.767271876335144), (-0.2055898755788803, -0.6074756979942322, -0.767271876335144), (-0.2154969871044159, -0.5538501143455505, -0.80424565076828), (-0.10867824405431747, -0.5538501143455505, -0.8254932165145874), (-0.10368195176124573, -0.6074756979942322, -0.7875425815582275), (-0.10368195176124573, -0.6074756979942322, -0.7875425815582275), (-0.10867824405431747, -0.5538501143455505, -0.8254932165145874), (0.0, -0.5538501143455505, -0.83261638879776), (0.0, -0.6074756979942322, -0.7943382859230042), (0.0, -0.6074756979942322, -0.7943382859230042), (0.0, -0.5538501143455505, -0.83261638879776), (0.10867824405431747, -0.5538501143455505, -0.8254932165145874), (0.10368195176124573, -0.6074756979942322, -0.7875425815582275), (0.10368195176124573, -0.6074756979942322, -0.7875425815582275), (0.10867824405431747, -0.5538501143455505, -0.8254932165145874), (0.2154969871044159, -0.5538501143455505, -0.80424565076828), (0.2055898755788803, -0.6074756979942322, -0.767271876335144), (0.2055898755788803, -0.6074756979942322, -0.767271876335144), (0.2154969871044159, -0.5538501143455505, -0.80424565076828), (0.3186284899711609, -0.5538501143455505, -0.769237220287323), (0.30398011207580566, -0.6074756979942322, -0.7338728904724121), (0.30398011207580566, -0.6074756979942322, -0.7338728904724121), (0.3186284899711609, -0.5538501143455505, -0.769237220287323), (0.41630819439888, -0.5538501143455505, -0.721066951751709), (0.3971691429615021, -0.6074756979942322, -0.6879171133041382), (0.3971691429615021, -0.6074756979942322, -0.6879171133041382), (0.41630819439888, -0.5538501143455505, -0.721066951751709), (0.5068647265434265, -0.5538501143455505, -0.6605589985847473), (0.48356249928474426, -0.6074756979942322, -0.630190908908844), (0.48356249928474426, -0.6074756979942322, -0.630190908908844), (0.5068647265434265, -0.5538501143455505, -0.6605589985847473), (0.5887486934661865, -0.5538501143455505, -0.5887486934661865), (0.5616819858551025, -0.6074756979942322, -0.5616819858551025), (0.5616819858551025, -0.6074756979942322, -0.5616819858551025), (0.5887486934661865, -0.5538501143455505, -0.5887486934661865), (0.6605589985847473, -0.5538501143455505, -0.5068647265434265), (0.630190908908844, -0.6074756979942322, -0.48356249928474426), (0.630190908908844, -0.6074756979942322, -0.48356249928474426), (0.6605589985847473, -0.5538501143455505, -0.5068647265434265), (0.721066951751709, -0.5538501143455505, -0.41630819439888), (0.6879171133041382, -0.6074756979942322, -0.3971691429615021), (0.6879171133041382, -0.6074756979942322, -0.3971691429615021), (0.721066951751709, -0.5538501143455505, -0.41630819439888), (0.769237220287323, -0.5538501143455505, -0.3186284899711609), (0.7338728904724121, -0.6074756979942322, -0.30398011207580566), (0.7338728904724121, -0.6074756979942322, -0.30398011207580566), (0.769237220287323, -0.5538501143455505, -0.3186284899711609), (0.80424565076828, -0.5538501143455505, -0.2154969871044159), (0.767271876335144, -0.6074756979942322, -0.2055898755788803), (0.767271876335144, -0.6074756979942322, -0.2055898755788803), (0.80424565076828, -0.5538501143455505, -0.2154969871044159), (0.8254932165145874, -0.5538501143455505, -0.10867824405431747), (0.7875425815582275, -0.6074756979942322, -0.10368195176124573), (0.7875425815582275, -0.6074756979942322, -0.10368195176124573), (0.8254932165145874, -0.5538501143455505, -0.10867824405431747), (0.83261638879776, -0.5538501143455505, 0.0), (0.7943382859230042, -0.6074756979942322, 0.0), (0.7943382859230042, -0.6074756979942322, 0.0), (0.83261638879776, -0.5538501143455505, 0.0), (0.8254932165145874, -0.5538501143455505, 0.10867824405431747), (0.7875425815582275, -0.6074756979942322, 0.10368195176124573), (0.7875425815582275, -0.6074756979942322, 0.10368195176124573), (0.8254932165145874, -0.5538501143455505, 0.10867824405431747), (0.80424565076828, -0.5538501143455505, 0.2154969871044159), (0.767271876335144, -0.6074756979942322, 0.2055898755788803), (0.767271876335144, -0.6074756979942322, 0.2055898755788803), (0.80424565076828, -0.5538501143455505, 0.2154969871044159), (0.769237220287323, -0.5538501143455505, 0.3186284899711609), (0.7338728904724121, -0.6074756979942322, 0.30398011207580566), (0.7338728904724121, -0.6074756979942322, 0.30398011207580566), (0.769237220287323, -0.5538501143455505, 0.3186284899711609), (0.721066951751709, -0.5538501143455505, 0.41630819439888), (0.6879171133041382, -0.6074756979942322, 0.3971691429615021), (0.6879171133041382, -0.6074756979942322, 0.3971691429615021), (0.721066951751709, -0.5538501143455505, 0.41630819439888), (0.6605589985847473, -0.5538501143455505, 0.5068647265434265), (0.630190908908844, -0.6074756979942322, 0.48356249928474426), (0.630190908908844, -0.6074756979942322, 0.48356249928474426), (0.6605589985847473, -0.5538501143455505, 0.5068647265434265), (0.5887486934661865, -0.5538501143455505, 0.5887486934661865), (0.5616819858551025, -0.6074756979942322, 0.5616819858551025), (0.5616819858551025, -0.6074756979942322, 0.5616819858551025), (0.5887486934661865, -0.5538501143455505, 0.5887486934661865), (0.5068647265434265, -0.5538501143455505, 0.6605589985847473), (0.48356249928474426, -0.6074756979942322, 0.630190908908844), (0.48356249928474426, -0.6074756979942322, 0.630190908908844), (0.5068647265434265, -0.5538501143455505, 0.6605589985847473), (0.41630819439888, -0.5538501143455505, 0.721066951751709), (0.3971691429615021, -0.6074756979942322, 0.6879171133041382), (0.3971691429615021, -0.6074756979942322, 0.6879171133041382), (0.41630819439888, -0.5538501143455505, 0.721066951751709), (0.3186284899711609, -0.5538501143455505, 0.769237220287323), (0.30398011207580566, -0.6074756979942322, 0.7338728904724121), (0.30398011207580566, -0.6074756979942322, 0.7338728904724121), (0.3186284899711609, -0.5538501143455505, 0.769237220287323), (0.2154969871044159, -0.5538501143455505, 0.80424565076828), (0.2055898755788803, -0.6074756979942322, 0.767271876335144), (0.2055898755788803, -0.6074756979942322, 0.767271876335144), (0.2154969871044159, -0.5538501143455505, 0.80424565076828), (0.10867824405431747, -0.5538501143455505, 0.8254932165145874), (0.10368195176124573, -0.6074756979942322, 0.7875425815582275), (0.10368195176124573, -0.6074756979942322, 0.7875425815582275), (0.10867824405431747, -0.5538501143455505, 0.8254932165145874), (0.0, -0.5538501143455505, 0.83261638879776), (0.0, -0.6074756979942322, 0.7943382859230042), (0.0, -0.6074756979942322, 0.7943382859230042), (0.0, -0.5538501143455505, 0.83261638879776), (-0.10867824405431747, -0.5538501143455505, 0.8254932165145874), (-0.10368195176124573, -0.6074756979942322, 0.7875425815582275), (-0.10368195176124573, -0.6074756979942322, 0.7875425815582275), (-0.10867824405431747, -0.5538501143455505, 0.8254932165145874), (-0.2154969871044159, -0.5538501143455505, 0.80424565076828), (-0.2055898755788803, -0.6074756979942322, 0.767271876335144), (-0.2055898755788803, -0.6074756979942322, 0.767271876335144), (-0.2154969871044159, -0.5538501143455505, 0.80424565076828), (-0.3186284899711609, -0.5538501143455505, 0.769237220287323), (-0.30398011207580566, -0.6074756979942322, 0.7338728904724121), (-0.30398011207580566, -0.6074756979942322, 0.7338728904724121), (-0.3186284899711609, -0.5538501143455505, 0.769237220287323), (-0.41630819439888, -0.5538501143455505, 0.721066951751709), (-0.3971691429615021, -0.6074756979942322, 0.6879171133041382), (-0.3971691429615021, -0.6074756979942322, 0.6879171133041382), (-0.41630819439888, -0.5538501143455505, 0.721066951751709), (-0.5068647265434265, -0.5538501143455505, 0.6605589985847473), (-0.48356249928474426, -0.6074756979942322, 0.630190908908844), (-0.48356249928474426, -0.6074756979942322, 0.630190908908844), (-0.5068647265434265, -0.5538501143455505, 0.6605589985847473), (-0.5887486934661865, -0.5538501143455505, 0.5887486934661865), (-0.5616819858551025, -0.6074756979942322, 0.5616819858551025), (-0.5616819858551025, -0.6074756979942322, 0.5616819858551025), (-0.5887486934661865, -0.5538501143455505, 0.5887486934661865), (-0.6605589985847473, -0.5538501143455505, 0.5068647265434265), (-0.630190908908844, -0.6074756979942322, 0.48356249928474426), (-0.630190908908844, -0.6074756979942322, 0.48356249928474426), (-0.6605589985847473, -0.5538501143455505, 0.5068647265434265), (-0.721066951751709, -0.5538501143455505, 0.41630819439888), (-0.6879171133041382, -0.6074756979942322, 0.3971691429615021), (-0.6879171133041382, -0.6074756979942322, 0.3971691429615021), (-0.721066951751709, -0.5538501143455505, 0.41630819439888), (-0.769237220287323, -0.5538501143455505, 0.3186284899711609), (-0.7338728904724121, -0.6074756979942322, 0.30398011207580566), (-0.7338728904724121, -0.6074756979942322, 0.30398011207580566), (-0.769237220287323, -0.5538501143455505, 0.3186284899711609), (-0.80424565076828, -0.5538501143455505, 0.2154969871044159), (-0.767271876335144, -0.6074756979942322, 0.2055898755788803), (-0.767271876335144, -0.6074756979942322, 0.2055898755788803), (-0.80424565076828, -0.5538501143455505, 0.2154969871044159), (-0.8254932165145874, -0.5538501143455505, 0.10867824405431747), (-0.7875425815582275, -0.6074756979942322, 0.10368195176124573), (-0.7875425815582275, -0.6074756979942322, 0.10368195176124573), (-0.8254932165145874, -0.5538501143455505, 0.10867824405431747), (-0.83261638879776, -0.5538501143455505, 0.0), (-0.7943382859230042, -0.6074756979942322, 0.0), (-0.83261638879776, -0.5538501143455505, 0.0), (-0.8614428639411926, -0.5078544616699219, 0.0), (-0.8540731072425842, -0.5078544616699219, -0.11244086176156998), (-0.8254932165145874, -0.5538501143455505, -0.10867824405431747), (-0.8254932165145874, -0.5538501143455505, -0.10867824405431747), (-0.8540731072425842, -0.5078544616699219, -0.11244086176156998), (-0.8320899605751038, -0.5078544616699219, -0.2229578197002411), (-0.80424565076828, -0.5538501143455505, -0.2154969871044159), (-0.80424565076828, -0.5538501143455505, -0.2154969871044159), (-0.8320899605751038, -0.5078544616699219, -0.2229578197002411), (-0.7958694696426392, -0.5078544616699219, -0.32965990900993347), (-0.769237220287323, -0.5538501143455505, -0.3186284899711609), (-0.769237220287323, -0.5538501143455505, -0.3186284899711609), (-0.7958694696426392, -0.5078544616699219, -0.32965990900993347), (-0.7460314035415649, -0.5078544616699219, -0.4307214319705963), (-0.721066951751709, -0.5538501143455505, -0.41630819439888), (-0.721066951751709, -0.5538501143455505, -0.41630819439888), (-0.7460314035415649, -0.5078544616699219, -0.4307214319705963), (-0.6834285855293274, -0.5078544616699219, -0.5244132280349731), (-0.6605589985847473, -0.5538501143455505, -0.5068647265434265), (-0.6605589985847473, -0.5538501143455505, -0.5068647265434265), (-0.6834285855293274, -0.5078544616699219, -0.5244132280349731), (-0.6091321110725403, -0.5078544616699219, -0.6091321110725403), (-0.5887486934661865, -0.5538501143455505, -0.5887486934661865), (-0.5887486934661865, -0.5538501143455505, -0.5887486934661865), (-0.6091321110725403, -0.5078544616699219, -0.6091321110725403), (-0.5244132280349731, -0.5078544616699219, -0.6834285855293274), (-0.5068647265434265, -0.5538501143455505, -0.6605589985847473), (-0.5068647265434265, -0.5538501143455505, -0.6605589985847473), (-0.5244132280349731, -0.5078544616699219, -0.6834285855293274), (-0.4307214319705963, -0.5078544616699219, -0.7460314035415649), (-0.41630819439888, -0.5538501143455505, -0.721066951751709), (-0.41630819439888, -0.5538501143455505, -0.721066951751709), (-0.4307214319705963, -0.5078544616699219, -0.7460314035415649), (-0.32965990900993347, -0.5078544616699219, -0.7958694696426392), (-0.3186284899711609, -0.5538501143455505, -0.769237220287323), (-0.3186284899711609, -0.5538501143455505, -0.769237220287323), (-0.32965990900993347, -0.5078544616699219, -0.7958694696426392), (-0.2229578197002411, -0.5078544616699219, -0.8320899605751038), (-0.2154969871044159, -0.5538501143455505, -0.80424565076828), (-0.2154969871044159, -0.5538501143455505, -0.80424565076828), (-0.2229578197002411, -0.5078544616699219, -0.8320899605751038), (-0.11244086176156998, -0.5078544616699219, -0.8540731072425842), (-0.10867824405431747, -0.5538501143455505, -0.8254932165145874), (-0.10867824405431747, -0.5538501143455505, -0.8254932165145874), (-0.11244086176156998, -0.5078544616699219, -0.8540731072425842), (0.0, -0.5078544616699219, -0.8614428639411926), (0.0, -0.5538501143455505, -0.83261638879776), (0.0, -0.5538501143455505, -0.83261638879776), (0.0, -0.5078544616699219, -0.8614428639411926), (0.11244086176156998, -0.5078544616699219, -0.8540731072425842), (0.10867824405431747, -0.5538501143455505, -0.8254932165145874), (0.10867824405431747, -0.5538501143455505, -0.8254932165145874), (0.11244086176156998, -0.5078544616699219, -0.8540731072425842), (0.2229578197002411, -0.5078544616699219, -0.8320899605751038), (0.2154969871044159, -0.5538501143455505, -0.80424565076828), (0.2154969871044159, -0.5538501143455505, -0.80424565076828), (0.2229578197002411, -0.5078544616699219, -0.8320899605751038), (0.32965990900993347, -0.5078544616699219, -0.7958694696426392), (0.3186284899711609, -0.5538501143455505, -0.769237220287323), (0.3186284899711609, -0.5538501143455505, -0.769237220287323), (0.32965990900993347, -0.5078544616699219, -0.7958694696426392), (0.4307214319705963, -0.5078544616699219, -0.7460314035415649), (0.41630819439888, -0.5538501143455505, -0.721066951751709), (0.41630819439888, -0.5538501143455505, -0.721066951751709), (0.4307214319705963, -0.5078544616699219, -0.7460314035415649), (0.5244132280349731, -0.5078544616699219, -0.6834285855293274), (0.5068647265434265, -0.5538501143455505, -0.6605589985847473), (0.5068647265434265, -0.5538501143455505, -0.6605589985847473), (0.5244132280349731, -0.5078544616699219, -0.6834285855293274), (0.6091321110725403, -0.5078544616699219, -0.6091321110725403), (0.5887486934661865, -0.5538501143455505, -0.5887486934661865), (0.5887486934661865, -0.5538501143455505, -0.5887486934661865), (0.6091321110725403, -0.5078544616699219, -0.6091321110725403), (0.6834285855293274, -0.5078544616699219, -0.5244132280349731), (0.6605589985847473, -0.5538501143455505, -0.5068647265434265), (0.6605589985847473, -0.5538501143455505, -0.5068647265434265), (0.6834285855293274, -0.5078544616699219, -0.5244132280349731), (0.7460314035415649, -0.5078544616699219, -0.4307214319705963), (0.721066951751709, -0.5538501143455505, -0.41630819439888), (0.721066951751709, -0.5538501143455505, -0.41630819439888), (0.7460314035415649, -0.5078544616699219, -0.4307214319705963), (0.7958694696426392, -0.5078544616699219, -0.32965990900993347), (0.769237220287323, -0.5538501143455505, -0.3186284899711609), (0.769237220287323, -0.5538501143455505, -0.3186284899711609), (0.7958694696426392, -0.5078544616699219, -0.32965990900993347), (0.8320899605751038, -0.5078544616699219, -0.2229578197002411), (0.80424565076828, -0.5538501143455505, -0.2154969871044159), (0.80424565076828, -0.5538501143455505, -0.2154969871044159), (0.8320899605751038, -0.5078544616699219, -0.2229578197002411), (0.8540731072425842, -0.5078544616699219, -0.11244086176156998), (0.8254932165145874, -0.5538501143455505, -0.10867824405431747), (0.8254932165145874, -0.5538501143455505, -0.10867824405431747), (0.8540731072425842, -0.5078544616699219, -0.11244086176156998), (0.8614428639411926, -0.5078544616699219, 0.0), (0.83261638879776, -0.5538501143455505, 0.0), (0.83261638879776, -0.5538501143455505, 0.0), (0.8614428639411926, -0.5078544616699219, 0.0), (0.8540731072425842, -0.5078544616699219, 0.11244086176156998), (0.8254932165145874, -0.5538501143455505, 0.10867824405431747), (0.8254932165145874, -0.5538501143455505, 0.10867824405431747), (0.8540731072425842, -0.5078544616699219, 0.11244086176156998), (0.8320899605751038, -0.5078544616699219, 0.2229578197002411), (0.80424565076828, -0.5538501143455505, 0.2154969871044159), (0.80424565076828, -0.5538501143455505, 0.2154969871044159), (0.8320899605751038, -0.5078544616699219, 0.2229578197002411), (0.7958694696426392, -0.5078544616699219, 0.32965990900993347), (0.769237220287323, -0.5538501143455505, 0.3186284899711609), (0.769237220287323, -0.5538501143455505, 0.3186284899711609), (0.7958694696426392, -0.5078544616699219, 0.32965990900993347), (0.7460314035415649, -0.5078544616699219, 0.4307214319705963), (0.721066951751709, -0.5538501143455505, 0.41630819439888), (0.721066951751709, -0.5538501143455505, 0.41630819439888), (0.7460314035415649, -0.5078544616699219, 0.4307214319705963), (0.6834285855293274, -0.5078544616699219, 0.5244132280349731), (0.6605589985847473, -0.5538501143455505, 0.5068647265434265), (0.6605589985847473, -0.5538501143455505, 0.5068647265434265), (0.6834285855293274, -0.5078544616699219, 0.5244132280349731), (0.6091321110725403, -0.5078544616699219, 0.6091321110725403), (0.5887486934661865, -0.5538501143455505, 0.5887486934661865), (0.5887486934661865, -0.5538501143455505, 0.5887486934661865), (0.6091321110725403, -0.5078544616699219, 0.6091321110725403), (0.5244132280349731, -0.5078544616699219, 0.6834285855293274), (0.5068647265434265, -0.5538501143455505, 0.6605589985847473), (0.5068647265434265, -0.5538501143455505, 0.6605589985847473), (0.5244132280349731, -0.5078544616699219, 0.6834285855293274), (0.4307214319705963, -0.5078544616699219, 0.7460314035415649), (0.41630819439888, -0.5538501143455505, 0.721066951751709), (0.41630819439888, -0.5538501143455505, 0.721066951751709), (0.4307214319705963, -0.5078544616699219, 0.7460314035415649), (0.32965990900993347, -0.5078544616699219, 0.7958694696426392), (0.3186284899711609, -0.5538501143455505, 0.769237220287323), (0.3186284899711609, -0.5538501143455505, 0.769237220287323), (0.32965990900993347, -0.5078544616699219, 0.7958694696426392), (0.2229578197002411, -0.5078544616699219, 0.8320899605751038), (0.2154969871044159, -0.5538501143455505, 0.80424565076828), (0.2154969871044159, -0.5538501143455505, 0.80424565076828), (0.2229578197002411, -0.5078544616699219, 0.8320899605751038), (0.11244086176156998, -0.5078544616699219, 0.8540731072425842), (0.10867824405431747, -0.5538501143455505, 0.8254932165145874), (0.10867824405431747, -0.5538501143455505, 0.8254932165145874), (0.11244086176156998, -0.5078544616699219, 0.8540731072425842), (0.0, -0.5078544616699219, 0.8614428639411926), (0.0, -0.5538501143455505, 0.83261638879776), (0.0, -0.5538501143455505, 0.83261638879776), (0.0, -0.5078544616699219, 0.8614428639411926), (-0.11244086176156998, -0.5078544616699219, 0.8540731072425842), (-0.10867824405431747, -0.5538501143455505, 0.8254932165145874), (-0.10867824405431747, -0.5538501143455505, 0.8254932165145874), (-0.11244086176156998, -0.5078544616699219, 0.8540731072425842), (-0.2229578197002411, -0.5078544616699219, 0.8320899605751038), (-0.2154969871044159, -0.5538501143455505, 0.80424565076828), (-0.2154969871044159, -0.5538501143455505, 0.80424565076828), (-0.2229578197002411, -0.5078544616699219, 0.8320899605751038), (-0.32965990900993347, -0.5078544616699219, 0.7958694696426392), (-0.3186284899711609, -0.5538501143455505, 0.769237220287323), (-0.3186284899711609, -0.5538501143455505, 0.769237220287323), (-0.32965990900993347, -0.5078544616699219, 0.7958694696426392), (-0.4307214319705963, -0.5078544616699219, 0.7460314035415649), (-0.41630819439888, -0.5538501143455505, 0.721066951751709), (-0.41630819439888, -0.5538501143455505, 0.721066951751709), (-0.4307214319705963, -0.5078544616699219, 0.7460314035415649), (-0.5244132280349731, -0.5078544616699219, 0.6834285855293274), (-0.5068647265434265, -0.5538501143455505, 0.6605589985847473), (-0.5068647265434265, -0.5538501143455505, 0.6605589985847473), (-0.5244132280349731, -0.5078544616699219, 0.6834285855293274), (-0.6091321110725403, -0.5078544616699219, 0.6091321110725403), (-0.5887486934661865, -0.5538501143455505, 0.5887486934661865), (-0.5887486934661865, -0.5538501143455505, 0.5887486934661865), (-0.6091321110725403, -0.5078544616699219, 0.6091321110725403), (-0.6834285855293274, -0.5078544616699219, 0.5244132280349731), (-0.6605589985847473, -0.5538501143455505, 0.5068647265434265), (-0.6605589985847473, -0.5538501143455505, 0.5068647265434265), (-0.6834285855293274, -0.5078544616699219, 0.5244132280349731), (-0.7460314035415649, -0.5078544616699219, 0.4307214319705963), (-0.721066951751709, -0.5538501143455505, 0.41630819439888), (-0.721066951751709, -0.5538501143455505, 0.41630819439888), (-0.7460314035415649, -0.5078544616699219, 0.4307214319705963), (-0.7958694696426392, -0.5078544616699219, 0.32965990900993347), (-0.769237220287323, -0.5538501143455505, 0.3186284899711609), (-0.769237220287323, -0.5538501143455505, 0.3186284899711609), (-0.7958694696426392, -0.5078544616699219, 0.32965990900993347), (-0.8320899605751038, -0.5078544616699219, 0.2229578197002411), (-0.80424565076828, -0.5538501143455505, 0.2154969871044159), (-0.80424565076828, -0.5538501143455505, 0.2154969871044159), (-0.8320899605751038, -0.5078544616699219, 0.2229578197002411), (-0.8540731072425842, -0.5078544616699219, 0.11244086176156998), (-0.8254932165145874, -0.5538501143455505, 0.10867824405431747), (-0.8254932165145874, -0.5538501143455505, 0.10867824405431747), (-0.8540731072425842, -0.5078544616699219, 0.11244086176156998), (-0.8614428639411926, -0.5078544616699219, 0.0), (-0.83261638879776, -0.5538501143455505, 0.0), (-0.8614428639411926, -0.5078544616699219, 0.0), (-0.8835658431053162, -0.4683069884777069, 0.0), (-0.8760067820549011, -0.4683069884777069, -0.11532848328351974), (-0.8540731072425842, -0.5078544616699219, -0.11244086176156998), (-0.8540731072425842, -0.5078544616699219, -0.11244086176156998), (-0.8760067820549011, -0.4683069884777069, -0.11532848328351974), (-0.8534590601921082, -0.4683069884777069, -0.22868366539478302), (-0.8320899605751038, -0.5078544616699219, -0.2229578197002411), (-0.8320899605751038, -0.5078544616699219, -0.2229578197002411), (-0.8534590601921082, -0.4683069884777069, -0.22868366539478302), (-0.8163083791732788, -0.4683069884777069, -0.338126003742218), (-0.7958694696426392, -0.5078544616699219, -0.32965990900993347), (-0.7958694696426392, -0.5078544616699219, -0.32965990900993347), (-0.8163083791732788, -0.4683069884777069, -0.338126003742218), (-0.7651904225349426, -0.4683069884777069, -0.4417829215526581), (-0.7460314035415649, -0.5078544616699219, -0.4307214319705963), (-0.7460314035415649, -0.5078544616699219, -0.4307214319705963), (-0.7651904225349426, -0.4683069884777069, -0.4417829215526581), (-0.7009798884391785, -0.4683069884777069, -0.5378807783126831), (-0.6834285855293274, -0.5078544616699219, -0.5244132280349731), (-0.6834285855293274, -0.5078544616699219, -0.5244132280349731), (-0.7009798884391785, -0.4683069884777069, -0.5378807783126831), (-0.6247754096984863, -0.4683069884777069, -0.6247754096984863), (-0.6091321110725403, -0.5078544616699219, -0.6091321110725403), (-0.6091321110725403, -0.5078544616699219, -0.6091321110725403), (-0.6247754096984863, -0.4683069884777069, -0.6247754096984863), (-0.5378807783126831, -0.4683069884777069, -0.7009798884391785), (-0.5244132280349731, -0.5078544616699219, -0.6834285855293274), (-0.5244132280349731, -0.5078544616699219, -0.6834285855293274), (-0.5378807783126831, -0.4683069884777069, -0.7009798884391785), (-0.4417829215526581, -0.4683069884777069, -0.7651904225349426), (-0.4307214319705963, -0.5078544616699219, -0.7460314035415649), (-0.4307214319705963, -0.5078544616699219, -0.7460314035415649), (-0.4417829215526581, -0.4683069884777069, -0.7651904225349426), (-0.338126003742218, -0.4683069884777069, -0.8163083791732788), (-0.32965990900993347, -0.5078544616699219, -0.7958694696426392), (-0.32965990900993347, -0.5078544616699219, -0.7958694696426392), (-0.338126003742218, -0.4683069884777069, -0.8163083791732788), (-0.22868366539478302, -0.4683069884777069, -0.8534590601921082), (-0.2229578197002411, -0.5078544616699219, -0.8320899605751038), (-0.2229578197002411, -0.5078544616699219, -0.8320899605751038), (-0.22868366539478302, -0.4683069884777069, -0.8534590601921082), (-0.11532848328351974, -0.4683069884777069, -0.8760067820549011), (-0.11244086176156998, -0.5078544616699219, -0.8540731072425842), (-0.11244086176156998, -0.5078544616699219, -0.8540731072425842), (-0.11532848328351974, -0.4683069884777069, -0.8760067820549011), (0.0, -0.4683069884777069, -0.8835658431053162), (0.0, -0.5078544616699219, -0.8614428639411926), (0.0, -0.5078544616699219, -0.8614428639411926), (0.0, -0.4683069884777069, -0.8835658431053162), (0.11532848328351974, -0.4683069884777069, -0.8760067820549011), (0.11244086176156998, -0.5078544616699219, -0.8540731072425842), (0.11244086176156998, -0.5078544616699219, -0.8540731072425842), (0.11532848328351974, -0.4683069884777069, -0.8760067820549011), (0.22868366539478302, -0.4683069884777069, -0.8534590601921082), (0.2229578197002411, -0.5078544616699219, -0.8320899605751038), (0.2229578197002411, -0.5078544616699219, -0.8320899605751038), (0.22868366539478302, -0.4683069884777069, -0.8534590601921082), (0.338126003742218, -0.4683069884777069, -0.8163083791732788), (0.32965990900993347, -0.5078544616699219, -0.7958694696426392), (0.32965990900993347, -0.5078544616699219, -0.7958694696426392), (0.338126003742218, -0.4683069884777069, -0.8163083791732788), (0.4417829215526581, -0.4683069884777069, -0.7651904225349426), (0.4307214319705963, -0.5078544616699219, -0.7460314035415649), (0.4307214319705963, -0.5078544616699219, -0.7460314035415649), (0.4417829215526581, -0.4683069884777069, -0.7651904225349426), (0.5378807783126831, -0.4683069884777069, -0.7009798884391785), (0.5244132280349731, -0.5078544616699219, -0.6834285855293274), (0.5244132280349731, -0.5078544616699219, -0.6834285855293274), (0.5378807783126831, -0.4683069884777069, -0.7009798884391785), (0.6247754096984863, -0.4683069884777069, -0.6247754096984863), (0.6091321110725403, -0.5078544616699219, -0.6091321110725403), (0.6091321110725403, -0.5078544616699219, -0.6091321110725403), (0.6247754096984863, -0.4683069884777069, -0.6247754096984863), (0.7009798884391785, -0.4683069884777069, -0.5378807783126831), (0.6834285855293274, -0.5078544616699219, -0.5244132280349731), (0.6834285855293274, -0.5078544616699219, -0.5244132280349731), (0.7009798884391785, -0.4683069884777069, -0.5378807783126831), (0.7651904225349426, -0.4683069884777069, -0.4417829215526581), (0.7460314035415649, -0.5078544616699219, -0.4307214319705963), (0.7460314035415649, -0.5078544616699219, -0.4307214319705963), (0.7651904225349426, -0.4683069884777069, -0.4417829215526581), (0.8163083791732788, -0.4683069884777069, -0.338126003742218), (0.7958694696426392, -0.5078544616699219, -0.32965990900993347), (0.7958694696426392, -0.5078544616699219, -0.32965990900993347), (0.8163083791732788, -0.4683069884777069, -0.338126003742218), (0.8534590601921082, -0.4683069884777069, -0.22868366539478302), (0.8320899605751038, -0.5078544616699219, -0.2229578197002411), (0.8320899605751038, -0.5078544616699219, -0.2229578197002411), (0.8534590601921082, -0.4683069884777069, -0.22868366539478302), (0.8760067820549011, -0.4683069884777069, -0.11532848328351974), (0.8540731072425842, -0.5078544616699219, -0.11244086176156998), (0.8540731072425842, -0.5078544616699219, -0.11244086176156998), (0.8760067820549011, -0.4683069884777069, -0.11532848328351974), (0.8835658431053162, -0.4683069884777069, 0.0), (0.8614428639411926, -0.5078544616699219, 0.0), (0.8614428639411926, -0.5078544616699219, 0.0), (0.8835658431053162, -0.4683069884777069, 0.0), (0.8760067820549011, -0.4683069884777069, 0.11532848328351974), (0.8540731072425842, -0.5078544616699219, 0.11244086176156998), (0.8540731072425842, -0.5078544616699219, 0.11244086176156998), (0.8760067820549011, -0.4683069884777069, 0.11532848328351974), (0.8534590601921082, -0.4683069884777069, 0.22868366539478302), (0.8320899605751038, -0.5078544616699219, 0.2229578197002411), (0.8320899605751038, -0.5078544616699219, 0.2229578197002411), (0.8534590601921082, -0.4683069884777069, 0.22868366539478302), (0.8163083791732788, -0.4683069884777069, 0.338126003742218), (0.7958694696426392, -0.5078544616699219, 0.32965990900993347), (0.7958694696426392, -0.5078544616699219, 0.32965990900993347), (0.8163083791732788, -0.4683069884777069, 0.338126003742218), (0.7651904225349426, -0.4683069884777069, 0.4417829215526581), (0.7460314035415649, -0.5078544616699219, 0.4307214319705963), (0.7460314035415649, -0.5078544616699219, 0.4307214319705963), (0.7651904225349426, -0.4683069884777069, 0.4417829215526581), (0.7009798884391785, -0.4683069884777069, 0.5378807783126831), (0.6834285855293274, -0.5078544616699219, 0.5244132280349731), (0.6834285855293274, -0.5078544616699219, 0.5244132280349731), (0.7009798884391785, -0.4683069884777069, 0.5378807783126831), (0.6247754096984863, -0.4683069884777069, 0.6247754096984863), (0.6091321110725403, -0.5078544616699219, 0.6091321110725403), (0.6091321110725403, -0.5078544616699219, 0.6091321110725403), (0.6247754096984863, -0.4683069884777069, 0.6247754096984863), (0.5378807783126831, -0.4683069884777069, 0.7009798884391785), (0.5244132280349731, -0.5078544616699219, 0.6834285855293274), (0.5244132280349731, -0.5078544616699219, 0.6834285855293274), (0.5378807783126831, -0.4683069884777069, 0.7009798884391785), (0.4417829215526581, -0.4683069884777069, 0.7651904225349426), (0.4307214319705963, -0.5078544616699219, 0.7460314035415649), (0.4307214319705963, -0.5078544616699219, 0.7460314035415649), (0.4417829215526581, -0.4683069884777069, 0.7651904225349426), (0.338126003742218, -0.4683069884777069, 0.8163083791732788), (0.32965990900993347, -0.5078544616699219, 0.7958694696426392), (0.32965990900993347, -0.5078544616699219, 0.7958694696426392), (0.338126003742218, -0.4683069884777069, 0.8163083791732788), (0.22868366539478302, -0.4683069884777069, 0.8534590601921082), (0.2229578197002411, -0.5078544616699219, 0.8320899605751038), (0.2229578197002411, -0.5078544616699219, 0.8320899605751038), (0.22868366539478302, -0.4683069884777069, 0.8534590601921082), (0.11532848328351974, -0.4683069884777069, 0.8760067820549011), (0.11244086176156998, -0.5078544616699219, 0.8540731072425842), (0.11244086176156998, -0.5078544616699219, 0.8540731072425842), (0.11532848328351974, -0.4683069884777069, 0.8760067820549011), (0.0, -0.4683069884777069, 0.8835658431053162), (0.0, -0.5078544616699219, 0.8614428639411926), (0.0, -0.5078544616699219, 0.8614428639411926), (0.0, -0.4683069884777069, 0.8835658431053162), (-0.11532848328351974, -0.4683069884777069, 0.8760067820549011), (-0.11244086176156998, -0.5078544616699219, 0.8540731072425842), (-0.11244086176156998, -0.5078544616699219, 0.8540731072425842), (-0.11532848328351974, -0.4683069884777069, 0.8760067820549011), (-0.22868366539478302, -0.4683069884777069, 0.8534590601921082), (-0.2229578197002411, -0.5078544616699219, 0.8320899605751038), (-0.2229578197002411, -0.5078544616699219, 0.8320899605751038), (-0.22868366539478302, -0.4683069884777069, 0.8534590601921082), (-0.338126003742218, -0.4683069884777069, 0.8163083791732788), (-0.32965990900993347, -0.5078544616699219, 0.7958694696426392), (-0.32965990900993347, -0.5078544616699219, 0.7958694696426392), (-0.338126003742218, -0.4683069884777069, 0.8163083791732788), (-0.4417829215526581, -0.4683069884777069, 0.7651904225349426), (-0.4307214319705963, -0.5078544616699219, 0.7460314035415649), (-0.4307214319705963, -0.5078544616699219, 0.7460314035415649), (-0.4417829215526581, -0.4683069884777069, 0.7651904225349426), (-0.5378807783126831, -0.4683069884777069, 0.7009798884391785), (-0.5244132280349731, -0.5078544616699219, 0.6834285855293274), (-0.5244132280349731, -0.5078544616699219, 0.6834285855293274), (-0.5378807783126831, -0.4683069884777069, 0.7009798884391785), (-0.6247754096984863, -0.4683069884777069, 0.6247754096984863), (-0.6091321110725403, -0.5078544616699219, 0.6091321110725403), (-0.6091321110725403, -0.5078544616699219, 0.6091321110725403), (-0.6247754096984863, -0.4683069884777069, 0.6247754096984863), (-0.7009798884391785, -0.4683069884777069, 0.5378807783126831), (-0.6834285855293274, -0.5078544616699219, 0.5244132280349731), (-0.6834285855293274, -0.5078544616699219, 0.5244132280349731), (-0.7009798884391785, -0.4683069884777069, 0.5378807783126831), (-0.7651904225349426, -0.4683069884777069, 0.4417829215526581), (-0.7460314035415649, -0.5078544616699219, 0.4307214319705963), (-0.7460314035415649, -0.5078544616699219, 0.4307214319705963), (-0.7651904225349426, -0.4683069884777069, 0.4417829215526581), (-0.8163083791732788, -0.4683069884777069, 0.338126003742218), (-0.7958694696426392, -0.5078544616699219, 0.32965990900993347), (-0.7958694696426392, -0.5078544616699219, 0.32965990900993347), (-0.8163083791732788, -0.4683069884777069, 0.338126003742218), (-0.8534590601921082, -0.4683069884777069, 0.22868366539478302), (-0.8320899605751038, -0.5078544616699219, 0.2229578197002411), (-0.8320899605751038, -0.5078544616699219, 0.2229578197002411), (-0.8534590601921082, -0.4683069884777069, 0.22868366539478302), (-0.8760067820549011, -0.4683069884777069, 0.11532848328351974), (-0.8540731072425842, -0.5078544616699219, 0.11244086176156998), (-0.8540731072425842, -0.5078544616699219, 0.11244086176156998), (-0.8760067820549011, -0.4683069884777069, 0.11532848328351974), (-0.8835658431053162, -0.4683069884777069, 0.0), (-0.8614428639411926, -0.5078544616699219, 0.0), (-0.8835658431053162, -0.4683069884777069, 0.0), (-0.9008499979972839, -0.43413046002388, 0.0), (-0.8931431174278259, -0.43413046002388, -0.11758451908826828), (-0.8760067820549011, -0.4683069884777069, -0.11532848328351974), (-0.8760067820549011, -0.4683069884777069, -0.11532848328351974), (-0.8931431174278259, -0.43413046002388, -0.11758451908826828), (-0.8701542615890503, -0.43413046002388, -0.23315714299678802), (-0.8534590601921082, -0.4683069884777069, -0.22868366539478302), (-0.8534590601921082, -0.4683069884777069, -0.22868366539478302), (-0.8701542615890503, -0.43413046002388, -0.23315714299678802), (-0.8322768807411194, -0.43413046002388, -0.3447403609752655), (-0.8163083791732788, -0.4683069884777069, -0.338126003742218), (-0.8163083791732788, -0.4683069884777069, -0.338126003742218), (-0.8322768807411194, -0.43413046002388, -0.3447403609752655), (-0.7801589965820313, -0.43413046002388, -0.45042499899864197), (-0.7651904225349426, -0.4683069884777069, -0.4417829215526581), (-0.7651904225349426, -0.4683069884777069, -0.4417829215526581), (-0.7801589965820313, -0.43413046002388, -0.45042499899864197), (-0.7146923542022705, -0.43413046002388, -0.548402726650238), (-0.7009798884391785, -0.4683069884777069, -0.5378807783126831), (-0.7009798884391785, -0.4683069884777069, -0.5378807783126831), (-0.7146923542022705, -0.43413046002388, -0.548402726650238), (-0.6369971632957458, -0.43413046002388, -0.6369971632957458), (-0.6247754096984863, -0.4683069884777069, -0.6247754096984863), (-0.6247754096984863, -0.4683069884777069, -0.6247754096984863), (-0.6369971632957458, -0.43413046002388, -0.6369971632957458), (-0.548402726650238, -0.43413046002388, -0.7146923542022705), (-0.5378807783126831, -0.4683069884777069, -0.7009798884391785), (-0.5378807783126831, -0.4683069884777069, -0.7009798884391785), (-0.548402726650238, -0.43413046002388, -0.7146923542022705), (-0.45042499899864197, -0.43413046002388, -0.7801589965820313), (-0.4417829215526581, -0.4683069884777069, -0.7651904225349426), (-0.4417829215526581, -0.4683069884777069, -0.7651904225349426), (-0.45042499899864197, -0.43413046002388, -0.7801589965820313), (-0.3447403609752655, -0.43413046002388, -0.8322768807411194), (-0.338126003742218, -0.4683069884777069, -0.8163083791732788), (-0.338126003742218, -0.4683069884777069, -0.8163083791732788), (-0.3447403609752655, -0.43413046002388, -0.8322768807411194), (-0.23315714299678802, -0.43413046002388, -0.8701542615890503), (-0.22868366539478302, -0.4683069884777069, -0.8534590601921082), (-0.22868366539478302, -0.4683069884777069, -0.8534590601921082), (-0.23315714299678802, -0.43413046002388, -0.8701542615890503), (-0.11758451908826828, -0.43413046002388, -0.8931431174278259), (-0.11532848328351974, -0.4683069884777069, -0.8760067820549011), (-0.11532848328351974, -0.4683069884777069, -0.8760067820549011), (-0.11758451908826828, -0.43413046002388, -0.8931431174278259), (0.0, -0.43413046002388, -0.9008499979972839), (0.0, -0.4683069884777069, -0.8835658431053162), (0.0, -0.4683069884777069, -0.8835658431053162), (0.0, -0.43413046002388, -0.9008499979972839), (0.11758451908826828, -0.43413046002388, -0.8931431174278259), (0.11532848328351974, -0.4683069884777069, -0.8760067820549011), (0.11532848328351974, -0.4683069884777069, -0.8760067820549011), (0.11758451908826828, -0.43413046002388, -0.8931431174278259), (0.23315714299678802, -0.43413046002388, -0.8701542615890503), (0.22868366539478302, -0.4683069884777069, -0.8534590601921082), (0.22868366539478302, -0.4683069884777069, -0.8534590601921082), (0.23315714299678802, -0.43413046002388, -0.8701542615890503), (0.3447403609752655, -0.43413046002388, -0.8322768807411194), (0.338126003742218, -0.4683069884777069, -0.8163083791732788), (0.338126003742218, -0.4683069884777069, -0.8163083791732788), (0.3447403609752655, -0.43413046002388, -0.8322768807411194), (0.45042499899864197, -0.43413046002388, -0.7801589965820313), (0.4417829215526581, -0.4683069884777069, -0.7651904225349426), (0.4417829215526581, -0.4683069884777069, -0.7651904225349426), (0.45042499899864197, -0.43413046002388, -0.7801589965820313), (0.548402726650238, -0.43413046002388, -0.7146923542022705), (0.5378807783126831, -0.4683069884777069, -0.7009798884391785), (0.5378807783126831, -0.4683069884777069, -0.7009798884391785), (0.548402726650238, -0.43413046002388, -0.7146923542022705), (0.6369971632957458, -0.43413046002388, -0.6369971632957458), (0.6247754096984863, -0.4683069884777069, -0.6247754096984863), (0.6247754096984863, -0.4683069884777069, -0.6247754096984863), (0.6369971632957458, -0.43413046002388, -0.6369971632957458), (0.7146923542022705, -0.43413046002388, -0.548402726650238), (0.7009798884391785, -0.4683069884777069, -0.5378807783126831), (0.7009798884391785, -0.4683069884777069, -0.5378807783126831), (0.7146923542022705, -0.43413046002388, -0.548402726650238), (0.7801589965820313, -0.43413046002388, -0.45042499899864197), (0.7651904225349426, -0.4683069884777069, -0.4417829215526581), (0.7651904225349426, -0.4683069884777069, -0.4417829215526581), (0.7801589965820313, -0.43413046002388, -0.45042499899864197), (0.8322768807411194, -0.43413046002388, -0.3447403609752655), (0.8163083791732788, -0.4683069884777069, -0.338126003742218), (0.8163083791732788, -0.4683069884777069, -0.338126003742218), (0.8322768807411194, -0.43413046002388, -0.3447403609752655), (0.8701542615890503, -0.43413046002388, -0.23315714299678802), (0.8534590601921082, -0.4683069884777069, -0.22868366539478302), (0.8534590601921082, -0.4683069884777069, -0.22868366539478302), (0.8701542615890503, -0.43413046002388, -0.23315714299678802), (0.8931431174278259, -0.43413046002388, -0.11758451908826828), (0.8760067820549011, -0.4683069884777069, -0.11532848328351974), (0.8760067820549011, -0.4683069884777069, -0.11532848328351974), (0.8931431174278259, -0.43413046002388, -0.11758451908826828), (0.9008499979972839, -0.43413046002388, 0.0), (0.8835658431053162, -0.4683069884777069, 0.0), (0.8835658431053162, -0.4683069884777069, 0.0), (0.9008499979972839, -0.43413046002388, 0.0), (0.8931431174278259, -0.43413046002388, 0.11758451908826828), (0.8760067820549011, -0.4683069884777069, 0.11532848328351974), (0.8760067820549011, -0.4683069884777069, 0.11532848328351974), (0.8931431174278259, -0.43413046002388, 0.11758451908826828), (0.8701542615890503, -0.43413046002388, 0.23315714299678802), (0.8534590601921082, -0.4683069884777069, 0.22868366539478302), (0.8534590601921082, -0.4683069884777069, 0.22868366539478302), (0.8701542615890503, -0.43413046002388, 0.23315714299678802), (0.8322768807411194, -0.43413046002388, 0.3447403609752655), (0.8163083791732788, -0.4683069884777069, 0.338126003742218), (0.8163083791732788, -0.4683069884777069, 0.338126003742218), (0.8322768807411194, -0.43413046002388, 0.3447403609752655), (0.7801589965820313, -0.43413046002388, 0.45042499899864197), (0.7651904225349426, -0.4683069884777069, 0.4417829215526581), (0.7651904225349426, -0.4683069884777069, 0.4417829215526581), (0.7801589965820313, -0.43413046002388, 0.45042499899864197), (0.7146923542022705, -0.43413046002388, 0.548402726650238), (0.7009798884391785, -0.4683069884777069, 0.5378807783126831), (0.7009798884391785, -0.4683069884777069, 0.5378807783126831), (0.7146923542022705, -0.43413046002388, 0.548402726650238), (0.6369971632957458, -0.43413046002388, 0.6369971632957458), (0.6247754096984863, -0.4683069884777069, 0.6247754096984863), (0.6247754096984863, -0.4683069884777069, 0.6247754096984863), (0.6369971632957458, -0.43413046002388, 0.6369971632957458), (0.548402726650238, -0.43413046002388, 0.7146923542022705), (0.5378807783126831, -0.4683069884777069, 0.7009798884391785), (0.5378807783126831, -0.4683069884777069, 0.7009798884391785), (0.548402726650238, -0.43413046002388, 0.7146923542022705), (0.45042499899864197, -0.43413046002388, 0.7801589965820313), (0.4417829215526581, -0.4683069884777069, 0.7651904225349426), (0.4417829215526581, -0.4683069884777069, 0.7651904225349426), (0.45042499899864197, -0.43413046002388, 0.7801589965820313), (0.3447403609752655, -0.43413046002388, 0.8322768807411194), (0.338126003742218, -0.4683069884777069, 0.8163083791732788), (0.338126003742218, -0.4683069884777069, 0.8163083791732788), (0.3447403609752655, -0.43413046002388, 0.8322768807411194), (0.23315714299678802, -0.43413046002388, 0.8701542615890503), (0.22868366539478302, -0.4683069884777069, 0.8534590601921082), (0.22868366539478302, -0.4683069884777069, 0.8534590601921082), (0.23315714299678802, -0.43413046002388, 0.8701542615890503), (0.11758451908826828, -0.43413046002388, 0.8931431174278259), (0.11532848328351974, -0.4683069884777069, 0.8760067820549011), (0.11532848328351974, -0.4683069884777069, 0.8760067820549011), (0.11758451908826828, -0.43413046002388, 0.8931431174278259), (0.0, -0.43413046002388, 0.9008499979972839), (0.0, -0.4683069884777069, 0.8835658431053162), (0.0, -0.4683069884777069, 0.8835658431053162), (0.0, -0.43413046002388, 0.9008499979972839), (-0.11758451908826828, -0.43413046002388, 0.8931431174278259), (-0.11532848328351974, -0.4683069884777069, 0.8760067820549011), (-0.11532848328351974, -0.4683069884777069, 0.8760067820549011), (-0.11758451908826828, -0.43413046002388, 0.8931431174278259), (-0.23315714299678802, -0.43413046002388, 0.8701542615890503), (-0.22868366539478302, -0.4683069884777069, 0.8534590601921082), (-0.22868366539478302, -0.4683069884777069, 0.8534590601921082), (-0.23315714299678802, -0.43413046002388, 0.8701542615890503), (-0.3447403609752655, -0.43413046002388, 0.8322768807411194), (-0.338126003742218, -0.4683069884777069, 0.8163083791732788), (-0.338126003742218, -0.4683069884777069, 0.8163083791732788), (-0.3447403609752655, -0.43413046002388, 0.8322768807411194), (-0.45042499899864197, -0.43413046002388, 0.7801589965820313), (-0.4417829215526581, -0.4683069884777069, 0.7651904225349426), (-0.4417829215526581, -0.4683069884777069, 0.7651904225349426), (-0.45042499899864197, -0.43413046002388, 0.7801589965820313), (-0.548402726650238, -0.43413046002388, 0.7146923542022705), (-0.5378807783126831, -0.4683069884777069, 0.7009798884391785), (-0.5378807783126831, -0.4683069884777069, 0.7009798884391785), (-0.548402726650238, -0.43413046002388, 0.7146923542022705), (-0.6369971632957458, -0.43413046002388, 0.6369971632957458), (-0.6247754096984863, -0.4683069884777069, 0.6247754096984863), (-0.6247754096984863, -0.4683069884777069, 0.6247754096984863), (-0.6369971632957458, -0.43413046002388, 0.6369971632957458), (-0.7146923542022705, -0.43413046002388, 0.548402726650238), (-0.7009798884391785, -0.4683069884777069, 0.5378807783126831), (-0.7009798884391785, -0.4683069884777069, 0.5378807783126831), (-0.7146923542022705, -0.43413046002388, 0.548402726650238), (-0.7801589965820313, -0.43413046002388, 0.45042499899864197), (-0.7651904225349426, -0.4683069884777069, 0.4417829215526581), (-0.7651904225349426, -0.4683069884777069, 0.4417829215526581), (-0.7801589965820313, -0.43413046002388, 0.45042499899864197), (-0.8322768807411194, -0.43413046002388, 0.3447403609752655), (-0.8163083791732788, -0.4683069884777069, 0.338126003742218), (-0.8163083791732788, -0.4683069884777069, 0.338126003742218), (-0.8322768807411194, -0.43413046002388, 0.3447403609752655), (-0.8701542615890503, -0.43413046002388, 0.23315714299678802), (-0.8534590601921082, -0.4683069884777069, 0.22868366539478302), (-0.8534590601921082, -0.4683069884777069, 0.22868366539478302), (-0.8701542615890503, -0.43413046002388, 0.23315714299678802), (-0.8931431174278259, -0.43413046002388, 0.11758451908826828), (-0.8760067820549011, -0.4683069884777069, 0.11532848328351974), (-0.8760067820549011, -0.4683069884777069, 0.11532848328351974), (-0.8931431174278259, -0.43413046002388, 0.11758451908826828), (-0.9008499979972839, -0.43413046002388, 0.0), (-0.8835658431053162, -0.4683069884777069, 0.0), (-0.9008499979972839, -0.43413046002388, 0.0), (-0.9145773649215698, -0.4044110178947449, 0.0), (-0.9067530035972595, -0.4044110178947449, -0.1193763017654419), (-0.8931431174278259, -0.43413046002388, -0.11758451908826828), (-0.8931431174278259, -0.43413046002388, -0.11758451908826828), (-0.9067530035972595, -0.4044110178947449, -0.1193763017654419), (-0.8834138512611389, -0.4044110178947449, -0.23671004176139832), (-0.8701542615890503, -0.43413046002388, -0.23315714299678802), (-0.8701542615890503, -0.43413046002388, -0.23315714299678802), (-0.8834138512611389, -0.4044110178947449, -0.23671004176139832), (-0.8449593186378479, -0.4044110178947449, -0.34999358654022217), (-0.8322768807411194, -0.43413046002388, -0.3447403609752655), (-0.8322768807411194, -0.43413046002388, -0.3447403609752655), (-0.8449593186378479, -0.4044110178947449, -0.34999358654022217), (-0.7920472025871277, -0.4044110178947449, -0.4572886824607849), (-0.7801589965820313, -0.43413046002388, -0.45042499899864197), (-0.7801589965820313, -0.43413046002388, -0.45042499899864197), (-0.7920472025871277, -0.4044110178947449, -0.4572886824607849), (-0.725583016872406, -0.4044110178947449, -0.5567594170570374), (-0.7146923542022705, -0.43413046002388, -0.548402726650238), (-0.7146923542022705, -0.43413046002388, -0.548402726650238), (-0.725583016872406, -0.4044110178947449, -0.5567594170570374), (-0.646703839302063, -0.4044110178947449, -0.646703839302063), (-0.6369971632957458, -0.43413046002388, -0.6369971632957458), (-0.6369971632957458, -0.43413046002388, -0.6369971632957458), (-0.646703839302063, -0.4044110178947449, -0.646703839302063), (-0.5567594170570374, -0.4044110178947449, -0.725583016872406), (-0.548402726650238, -0.43413046002388, -0.7146923542022705), (-0.548402726650238, -0.43413046002388, -0.7146923542022705), (-0.5567594170570374, -0.4044110178947449, -0.725583016872406), (-0.4572886824607849, -0.4044110178947449, -0.7920472025871277), (-0.45042499899864197, -0.43413046002388, -0.7801589965820313), (-0.45042499899864197, -0.43413046002388, -0.7801589965820313), (-0.4572886824607849, -0.4044110178947449, -0.7920472025871277), (-0.34999358654022217, -0.4044110178947449, -0.8449593186378479), (-0.3447403609752655, -0.43413046002388, -0.8322768807411194), (-0.3447403609752655, -0.43413046002388, -0.8322768807411194), (-0.34999358654022217, -0.4044110178947449, -0.8449593186378479), (-0.23671004176139832, -0.4044110178947449, -0.8834138512611389), (-0.23315714299678802, -0.43413046002388, -0.8701542615890503), (-0.23315714299678802, -0.43413046002388, -0.8701542615890503), (-0.23671004176139832, -0.4044110178947449, -0.8834138512611389), (-0.1193763017654419, -0.4044110178947449, -0.9067530035972595), (-0.11758451908826828, -0.43413046002388, -0.8931431174278259), (-0.11758451908826828, -0.43413046002388, -0.8931431174278259), (-0.1193763017654419, -0.4044110178947449, -0.9067530035972595), (0.0, -0.4044110178947449, -0.9145773649215698), (0.0, -0.43413046002388, -0.9008499979972839), (0.0, -0.43413046002388, -0.9008499979972839), (0.0, -0.4044110178947449, -0.9145773649215698), (0.1193763017654419, -0.4044110178947449, -0.9067530035972595), (0.11758451908826828, -0.43413046002388, -0.8931431174278259), (0.11758451908826828, -0.43413046002388, -0.8931431174278259), (0.1193763017654419, -0.4044110178947449, -0.9067530035972595), (0.23671004176139832, -0.4044110178947449, -0.8834138512611389), (0.23315714299678802, -0.43413046002388, -0.8701542615890503), (0.23315714299678802, -0.43413046002388, -0.8701542615890503), (0.23671004176139832, -0.4044110178947449, -0.8834138512611389), (0.34999358654022217, -0.4044110178947449, -0.8449593186378479), (0.3447403609752655, -0.43413046002388, -0.8322768807411194), (0.3447403609752655, -0.43413046002388, -0.8322768807411194), (0.34999358654022217, -0.4044110178947449, -0.8449593186378479), (0.4572886824607849, -0.4044110178947449, -0.7920472025871277), (0.45042499899864197, -0.43413046002388, -0.7801589965820313), (0.45042499899864197, -0.43413046002388, -0.7801589965820313), (0.4572886824607849, -0.4044110178947449, -0.7920472025871277), (0.5567594170570374, -0.4044110178947449, -0.725583016872406), (0.548402726650238, -0.43413046002388, -0.7146923542022705), (0.548402726650238, -0.43413046002388, -0.7146923542022705), (0.5567594170570374, -0.4044110178947449, -0.725583016872406), (0.646703839302063, -0.4044110178947449, -0.646703839302063), (0.6369971632957458, -0.43413046002388, -0.6369971632957458), (0.6369971632957458, -0.43413046002388, -0.6369971632957458), (0.646703839302063, -0.4044110178947449, -0.646703839302063), (0.725583016872406, -0.4044110178947449, -0.5567594170570374), (0.7146923542022705, -0.43413046002388, -0.548402726650238), (0.7146923542022705, -0.43413046002388, -0.548402726650238), (0.725583016872406, -0.4044110178947449, -0.5567594170570374), (0.7920472025871277, -0.4044110178947449, -0.4572886824607849), (0.7801589965820313, -0.43413046002388, -0.45042499899864197), (0.7801589965820313, -0.43413046002388, -0.45042499899864197), (0.7920472025871277, -0.4044110178947449, -0.4572886824607849), (0.8449593186378479, -0.4044110178947449, -0.34999358654022217), (0.8322768807411194, -0.43413046002388, -0.3447403609752655), (0.8322768807411194, -0.43413046002388, -0.3447403609752655), (0.8449593186378479, -0.4044110178947449, -0.34999358654022217), (0.8834138512611389, -0.4044110178947449, -0.23671004176139832), (0.8701542615890503, -0.43413046002388, -0.23315714299678802), (0.8701542615890503, -0.43413046002388, -0.23315714299678802), (0.8834138512611389, -0.4044110178947449, -0.23671004176139832), (0.9067530035972595, -0.4044110178947449, -0.1193763017654419), (0.8931431174278259, -0.43413046002388, -0.11758451908826828), (0.8931431174278259, -0.43413046002388, -0.11758451908826828), (0.9067530035972595, -0.4044110178947449, -0.1193763017654419), (0.9145773649215698, -0.4044110178947449, 0.0), (0.9008499979972839, -0.43413046002388, 0.0), (0.9008499979972839, -0.43413046002388, 0.0), (0.9145773649215698, -0.4044110178947449, 0.0), (0.9067530035972595, -0.4044110178947449, 0.1193763017654419), (0.8931431174278259, -0.43413046002388, 0.11758451908826828), (0.8931431174278259, -0.43413046002388, 0.11758451908826828), (0.9067530035972595, -0.4044110178947449, 0.1193763017654419), (0.8834138512611389, -0.4044110178947449, 0.23671004176139832), (0.8701542615890503, -0.43413046002388, 0.23315714299678802), (0.8701542615890503, -0.43413046002388, 0.23315714299678802), (0.8834138512611389, -0.4044110178947449, 0.23671004176139832), (0.8449593186378479, -0.4044110178947449, 0.34999358654022217), (0.8322768807411194, -0.43413046002388, 0.3447403609752655), (0.8322768807411194, -0.43413046002388, 0.3447403609752655), (0.8449593186378479, -0.4044110178947449, 0.34999358654022217), (0.7920472025871277, -0.4044110178947449, 0.4572886824607849), (0.7801589965820313, -0.43413046002388, 0.45042499899864197), (0.7801589965820313, -0.43413046002388, 0.45042499899864197), (0.7920472025871277, -0.4044110178947449, 0.4572886824607849), (0.725583016872406, -0.4044110178947449, 0.5567594170570374), (0.7146923542022705, -0.43413046002388, 0.548402726650238), (0.7146923542022705, -0.43413046002388, 0.548402726650238), (0.725583016872406, -0.4044110178947449, 0.5567594170570374), (0.646703839302063, -0.4044110178947449, 0.646703839302063), (0.6369971632957458, -0.43413046002388, 0.6369971632957458), (0.6369971632957458, -0.43413046002388, 0.6369971632957458), (0.646703839302063, -0.4044110178947449, 0.646703839302063), (0.5567594170570374, -0.4044110178947449, 0.725583016872406), (0.548402726650238, -0.43413046002388, 0.7146923542022705), (0.548402726650238, -0.43413046002388, 0.7146923542022705), (0.5567594170570374, -0.4044110178947449, 0.725583016872406), (0.4572886824607849, -0.4044110178947449, 0.7920472025871277), (0.45042499899864197, -0.43413046002388, 0.7801589965820313), (0.45042499899864197, -0.43413046002388, 0.7801589965820313), (0.4572886824607849, -0.4044110178947449, 0.7920472025871277), (0.34999358654022217, -0.4044110178947449, 0.8449593186378479), (0.3447403609752655, -0.43413046002388, 0.8322768807411194), (0.3447403609752655, -0.43413046002388, 0.8322768807411194), (0.34999358654022217, -0.4044110178947449, 0.8449593186378479), (0.23671004176139832, -0.4044110178947449, 0.8834138512611389), (0.23315714299678802, -0.43413046002388, 0.8701542615890503), (0.23315714299678802, -0.43413046002388, 0.8701542615890503), (0.23671004176139832, -0.4044110178947449, 0.8834138512611389), (0.1193763017654419, -0.4044110178947449, 0.9067530035972595), (0.11758451908826828, -0.43413046002388, 0.8931431174278259), (0.11758451908826828, -0.43413046002388, 0.8931431174278259), (0.1193763017654419, -0.4044110178947449, 0.9067530035972595), (0.0, -0.4044110178947449, 0.9145773649215698), (0.0, -0.43413046002388, 0.9008499979972839), (0.0, -0.43413046002388, 0.9008499979972839), (0.0, -0.4044110178947449, 0.9145773649215698), (-0.1193763017654419, -0.4044110178947449, 0.9067530035972595), (-0.11758451908826828, -0.43413046002388, 0.8931431174278259), (-0.11758451908826828, -0.43413046002388, 0.8931431174278259), (-0.1193763017654419, -0.4044110178947449, 0.9067530035972595), (-0.23671004176139832, -0.4044110178947449, 0.8834138512611389), (-0.23315714299678802, -0.43413046002388, 0.8701542615890503), (-0.23315714299678802, -0.43413046002388, 0.8701542615890503), (-0.23671004176139832, -0.4044110178947449, 0.8834138512611389), (-0.34999358654022217, -0.4044110178947449, 0.8449593186378479), (-0.3447403609752655, -0.43413046002388, 0.8322768807411194), (-0.3447403609752655, -0.43413046002388, 0.8322768807411194), (-0.34999358654022217, -0.4044110178947449, 0.8449593186378479), (-0.4572886824607849, -0.4044110178947449, 0.7920472025871277), (-0.45042499899864197, -0.43413046002388, 0.7801589965820313), (-0.45042499899864197, -0.43413046002388, 0.7801589965820313), (-0.4572886824607849, -0.4044110178947449, 0.7920472025871277), (-0.5567594170570374, -0.4044110178947449, 0.725583016872406), (-0.548402726650238, -0.43413046002388, 0.7146923542022705), (-0.548402726650238, -0.43413046002388, 0.7146923542022705), (-0.5567594170570374, -0.4044110178947449, 0.725583016872406), (-0.646703839302063, -0.4044110178947449, 0.646703839302063), (-0.6369971632957458, -0.43413046002388, 0.6369971632957458), (-0.6369971632957458, -0.43413046002388, 0.6369971632957458), (-0.646703839302063, -0.4044110178947449, 0.646703839302063), (-0.725583016872406, -0.4044110178947449, 0.5567594170570374), (-0.7146923542022705, -0.43413046002388, 0.548402726650238), (-0.7146923542022705, -0.43413046002388, 0.548402726650238), (-0.725583016872406, -0.4044110178947449, 0.5567594170570374), (-0.7920472025871277, -0.4044110178947449, 0.4572886824607849), (-0.7801589965820313, -0.43413046002388, 0.45042499899864197), (-0.7801589965820313, -0.43413046002388, 0.45042499899864197), (-0.7920472025871277, -0.4044110178947449, 0.4572886824607849), (-0.8449593186378479, -0.4044110178947449, 0.34999358654022217), (-0.8322768807411194, -0.43413046002388, 0.3447403609752655), (-0.8322768807411194, -0.43413046002388, 0.3447403609752655), (-0.8449593186378479, -0.4044110178947449, 0.34999358654022217), (-0.8834138512611389, -0.4044110178947449, 0.23671004176139832), (-0.8701542615890503, -0.43413046002388, 0.23315714299678802), (-0.8701542615890503, -0.43413046002388, 0.23315714299678802), (-0.8834138512611389, -0.4044110178947449, 0.23671004176139832), (-0.9067530035972595, -0.4044110178947449, 0.1193763017654419), (-0.8931431174278259, -0.43413046002388, 0.11758451908826828), (-0.8931431174278259, -0.43413046002388, 0.11758451908826828), (-0.9067530035972595, -0.4044110178947449, 0.1193763017654419), (-0.9145773649215698, -0.4044110178947449, 0.0), (-0.9008499979972839, -0.43413046002388, 0.0), (-0.9145773649215698, -0.4044110178947449, 0.0), (-0.9256435036659241, -0.3783967196941376, 0.0), (-0.9177244901657104, -0.3783967196941376, -0.12082072347402573), (-0.9067530035972595, -0.4044110178947449, -0.1193763017654419), (-0.9067530035972595, -0.4044110178947449, -0.1193763017654419), (-0.9177244901657104, -0.3783967196941376, -0.12082072347402573), (-0.8941029906272888, -0.3783967196941376, -0.23957417905330658), (-0.8834138512611389, -0.4044110178947449, -0.23671004176139832), (-0.8834138512611389, -0.4044110178947449, -0.23671004176139832), (-0.8941029906272888, -0.3783967196941376, -0.23957417905330658), (-0.8551831245422363, -0.3783967196941376, -0.3542284369468689), (-0.8449593186378479, -0.4044110178947449, -0.34999358654022217), (-0.8449593186378479, -0.4044110178947449, -0.34999358654022217), (-0.8551831245422363, -0.3783967196941376, -0.3542284369468689), (-0.8016307950019836, -0.3783967196941376, -0.46282175183296204), (-0.7920472025871277, -0.4044110178947449, -0.4572886824607849), (-0.7920472025871277, -0.4044110178947449, -0.4572886824607849), (-0.8016307950019836, -0.3783967196941376, -0.46282175183296204), (-0.7343623638153076, -0.3783967196941376, -0.5634960532188416), (-0.725583016872406, -0.4044110178947449, -0.5567594170570374), (-0.725583016872406, -0.4044110178947449, -0.5567594170570374), (-0.7343623638153076, -0.3783967196941376, -0.5634960532188416), (-0.654528796672821, -0.3783967196941376, -0.654528796672821), (-0.646703839302063, -0.4044110178947449, -0.646703839302063), (-0.646703839302063, -0.4044110178947449, -0.646703839302063), (-0.654528796672821, -0.3783967196941376, -0.654528796672821), (-0.5634960532188416, -0.3783967196941376, -0.7343623638153076), (-0.5567594170570374, -0.4044110178947449, -0.725583016872406), (-0.5567594170570374, -0.4044110178947449, -0.725583016872406), (-0.5634960532188416, -0.3783967196941376, -0.7343623638153076), (-0.46282175183296204, -0.3783967196941376, -0.8016307950019836), (-0.4572886824607849, -0.4044110178947449, -0.7920472025871277), (-0.4572886824607849, -0.4044110178947449, -0.7920472025871277), (-0.46282175183296204, -0.3783967196941376, -0.8016307950019836), (-0.3542284369468689, -0.3783967196941376, -0.8551831245422363), (-0.34999358654022217, -0.4044110178947449, -0.8449593186378479), (-0.34999358654022217, -0.4044110178947449, -0.8449593186378479), (-0.3542284369468689, -0.3783967196941376, -0.8551831245422363), (-0.23957417905330658, -0.3783967196941376, -0.8941029906272888), (-0.23671004176139832, -0.4044110178947449, -0.8834138512611389), (-0.23671004176139832, -0.4044110178947449, -0.8834138512611389), (-0.23957417905330658, -0.3783967196941376, -0.8941029906272888), (-0.12082072347402573, -0.3783967196941376, -0.9177244901657104), (-0.1193763017654419, -0.4044110178947449, -0.9067530035972595), (-0.1193763017654419, -0.4044110178947449, -0.9067530035972595), (-0.12082072347402573, -0.3783967196941376, -0.9177244901657104), (0.0, -0.3783967196941376, -0.9256435036659241), (0.0, -0.4044110178947449, -0.9145773649215698), (0.0, -0.4044110178947449, -0.9145773649215698), (0.0, -0.3783967196941376, -0.9256435036659241), (0.12082072347402573, -0.3783967196941376, -0.9177244901657104), (0.1193763017654419, -0.4044110178947449, -0.9067530035972595), (0.1193763017654419, -0.4044110178947449, -0.9067530035972595), (0.12082072347402573, -0.3783967196941376, -0.9177244901657104), (0.23957417905330658, -0.3783967196941376, -0.8941029906272888), (0.23671004176139832, -0.4044110178947449, -0.8834138512611389), (0.23671004176139832, -0.4044110178947449, -0.8834138512611389), (0.23957417905330658, -0.3783967196941376, -0.8941029906272888), (0.3542284369468689, -0.3783967196941376, -0.8551831245422363), (0.34999358654022217, -0.4044110178947449, -0.8449593186378479), (0.34999358654022217, -0.4044110178947449, -0.8449593186378479), (0.3542284369468689, -0.3783967196941376, -0.8551831245422363), (0.46282175183296204, -0.3783967196941376, -0.8016307950019836), (0.4572886824607849, -0.4044110178947449, -0.7920472025871277), (0.4572886824607849, -0.4044110178947449, -0.7920472025871277), (0.46282175183296204, -0.3783967196941376, -0.8016307950019836), (0.5634960532188416, -0.3783967196941376, -0.7343623638153076), (0.5567594170570374, -0.4044110178947449, -0.725583016872406), (0.5567594170570374, -0.4044110178947449, -0.725583016872406), (0.5634960532188416, -0.3783967196941376, -0.7343623638153076), (0.654528796672821, -0.3783967196941376, -0.654528796672821), (0.646703839302063, -0.4044110178947449, -0.646703839302063), (0.646703839302063, -0.4044110178947449, -0.646703839302063), (0.654528796672821, -0.3783967196941376, -0.654528796672821), (0.7343623638153076, -0.3783967196941376, -0.5634960532188416), (0.725583016872406, -0.4044110178947449, -0.5567594170570374), (0.725583016872406, -0.4044110178947449, -0.5567594170570374), (0.7343623638153076, -0.3783967196941376, -0.5634960532188416), (0.8016307950019836, -0.3783967196941376, -0.46282175183296204), (0.7920472025871277, -0.4044110178947449, -0.4572886824607849), (0.7920472025871277, -0.4044110178947449, -0.4572886824607849), (0.8016307950019836, -0.3783967196941376, -0.46282175183296204), (0.8551831245422363, -0.3783967196941376, -0.3542284369468689), (0.8449593186378479, -0.4044110178947449, -0.34999358654022217), (0.8449593186378479, -0.4044110178947449, -0.34999358654022217), (0.8551831245422363, -0.3783967196941376, -0.3542284369468689), (0.8941029906272888, -0.3783967196941376, -0.23957417905330658), (0.8834138512611389, -0.4044110178947449, -0.23671004176139832), (0.8834138512611389, -0.4044110178947449, -0.23671004176139832), (0.8941029906272888, -0.3783967196941376, -0.23957417905330658), (0.9177244901657104, -0.3783967196941376, -0.12082072347402573), (0.9067530035972595, -0.4044110178947449, -0.1193763017654419), (0.9067530035972595, -0.4044110178947449, -0.1193763017654419), (0.9177244901657104, -0.3783967196941376, -0.12082072347402573), (0.9256435036659241, -0.3783967196941376, 0.0), (0.9145773649215698, -0.4044110178947449, 0.0), (0.9145773649215698, -0.4044110178947449, 0.0), (0.9256435036659241, -0.3783967196941376, 0.0), (0.9177244901657104, -0.3783967196941376, 0.12082072347402573), (0.9067530035972595, -0.4044110178947449, 0.1193763017654419), (0.9067530035972595, -0.4044110178947449, 0.1193763017654419), (0.9177244901657104, -0.3783967196941376, 0.12082072347402573), (0.8941029906272888, -0.3783967196941376, 0.23957417905330658), (0.8834138512611389, -0.4044110178947449, 0.23671004176139832), (0.8834138512611389, -0.4044110178947449, 0.23671004176139832), (0.8941029906272888, -0.3783967196941376, 0.23957417905330658), (0.8551831245422363, -0.3783967196941376, 0.3542284369468689), (0.8449593186378479, -0.4044110178947449, 0.34999358654022217), (0.8449593186378479, -0.4044110178947449, 0.34999358654022217), (0.8551831245422363, -0.3783967196941376, 0.3542284369468689), (0.8016307950019836, -0.3783967196941376, 0.46282175183296204), (0.7920472025871277, -0.4044110178947449, 0.4572886824607849), (0.7920472025871277, -0.4044110178947449, 0.4572886824607849), (0.8016307950019836, -0.3783967196941376, 0.46282175183296204), (0.7343623638153076, -0.3783967196941376, 0.5634960532188416), (0.725583016872406, -0.4044110178947449, 0.5567594170570374), (0.725583016872406, -0.4044110178947449, 0.5567594170570374), (0.7343623638153076, -0.3783967196941376, 0.5634960532188416), (0.654528796672821, -0.3783967196941376, 0.654528796672821), (0.646703839302063, -0.4044110178947449, 0.646703839302063), (0.646703839302063, -0.4044110178947449, 0.646703839302063), (0.654528796672821, -0.3783967196941376, 0.654528796672821), (0.5634960532188416, -0.3783967196941376, 0.7343623638153076), (0.5567594170570374, -0.4044110178947449, 0.725583016872406), (0.5567594170570374, -0.4044110178947449, 0.725583016872406), (0.5634960532188416, -0.3783967196941376, 0.7343623638153076), (0.46282175183296204, -0.3783967196941376, 0.8016307950019836), (0.4572886824607849, -0.4044110178947449, 0.7920472025871277), (0.4572886824607849, -0.4044110178947449, 0.7920472025871277), (0.46282175183296204, -0.3783967196941376, 0.8016307950019836), (0.3542284369468689, -0.3783967196941376, 0.8551831245422363), (0.34999358654022217, -0.4044110178947449, 0.8449593186378479), (0.34999358654022217, -0.4044110178947449, 0.8449593186378479), (0.3542284369468689, -0.3783967196941376, 0.8551831245422363), (0.23957417905330658, -0.3783967196941376, 0.8941029906272888), (0.23671004176139832, -0.4044110178947449, 0.8834138512611389), (0.23671004176139832, -0.4044110178947449, 0.8834138512611389), (0.23957417905330658, -0.3783967196941376, 0.8941029906272888), (0.12082072347402573, -0.3783967196941376, 0.9177244901657104), (0.1193763017654419, -0.4044110178947449, 0.9067530035972595), (0.1193763017654419, -0.4044110178947449, 0.9067530035972595), (0.12082072347402573, -0.3783967196941376, 0.9177244901657104), (0.0, -0.3783967196941376, 0.9256435036659241), (0.0, -0.4044110178947449, 0.9145773649215698), (0.0, -0.4044110178947449, 0.9145773649215698), (0.0, -0.3783967196941376, 0.9256435036659241), (-0.12082072347402573, -0.3783967196941376, 0.9177244901657104), (-0.1193763017654419, -0.4044110178947449, 0.9067530035972595), (-0.1193763017654419, -0.4044110178947449, 0.9067530035972595), (-0.12082072347402573, -0.3783967196941376, 0.9177244901657104), (-0.23957417905330658, -0.3783967196941376, 0.8941029906272888), (-0.23671004176139832, -0.4044110178947449, 0.8834138512611389), (-0.23671004176139832, -0.4044110178947449, 0.8834138512611389), (-0.23957417905330658, -0.3783967196941376, 0.8941029906272888), (-0.3542284369468689, -0.3783967196941376, 0.8551831245422363), (-0.34999358654022217, -0.4044110178947449, 0.8449593186378479), (-0.34999358654022217, -0.4044110178947449, 0.8449593186378479), (-0.3542284369468689, -0.3783967196941376, 0.8551831245422363), (-0.46282175183296204, -0.3783967196941376, 0.8016307950019836), (-0.4572886824607849, -0.4044110178947449, 0.7920472025871277), (-0.4572886824607849, -0.4044110178947449, 0.7920472025871277), (-0.46282175183296204, -0.3783967196941376, 0.8016307950019836), (-0.5634960532188416, -0.3783967196941376, 0.7343623638153076), (-0.5567594170570374, -0.4044110178947449, 0.725583016872406), (-0.5567594170570374, -0.4044110178947449, 0.725583016872406), (-0.5634960532188416, -0.3783967196941376, 0.7343623638153076), (-0.654528796672821, -0.3783967196941376, 0.654528796672821), (-0.646703839302063, -0.4044110178947449, 0.646703839302063), (-0.646703839302063, -0.4044110178947449, 0.646703839302063), (-0.654528796672821, -0.3783967196941376, 0.654528796672821), (-0.7343623638153076, -0.3783967196941376, 0.5634960532188416), (-0.725583016872406, -0.4044110178947449, 0.5567594170570374), (-0.725583016872406, -0.4044110178947449, 0.5567594170570374), (-0.7343623638153076, -0.3783967196941376, 0.5634960532188416), (-0.8016307950019836, -0.3783967196941376, 0.46282175183296204), (-0.7920472025871277, -0.4044110178947449, 0.4572886824607849), (-0.7920472025871277, -0.4044110178947449, 0.4572886824607849), (-0.8016307950019836, -0.3783967196941376, 0.46282175183296204), (-0.8551831245422363, -0.3783967196941376, 0.3542284369468689), (-0.8449593186378479, -0.4044110178947449, 0.34999358654022217), (-0.8449593186378479, -0.4044110178947449, 0.34999358654022217), (-0.8551831245422363, -0.3783967196941376, 0.3542284369468689), (-0.8941029906272888, -0.3783967196941376, 0.23957417905330658), (-0.8834138512611389, -0.4044110178947449, 0.23671004176139832), (-0.8834138512611389, -0.4044110178947449, 0.23671004176139832), (-0.8941029906272888, -0.3783967196941376, 0.23957417905330658), (-0.9177244901657104, -0.3783967196941376, 0.12082072347402573), (-0.9067530035972595, -0.4044110178947449, 0.1193763017654419), (-0.9067530035972595, -0.4044110178947449, 0.1193763017654419), (-0.9177244901657104, -0.3783967196941376, 0.12082072347402573), (-0.9256435036659241, -0.3783967196941376, 0.0), (-0.9145773649215698, -0.4044110178947449, 0.0), (-0.9256435036659241, -0.3783967196941376, 0.0), (-0.934685230255127, -0.3554764986038208, 0.0), (-0.9266888499259949, -0.3554764986038208, -0.12200090289115906), (-0.9177244901657104, -0.3783967196941376, -0.12082072347402573), (-0.9177244901657104, -0.3783967196941376, -0.12082072347402573), (-0.9266888499259949, -0.3554764986038208, -0.12200090289115906), (-0.9028366208076477, -0.3554764986038208, -0.24191433191299438), (-0.8941029906272888, -0.3783967196941376, -0.23957417905330658), (-0.8941029906272888, -0.3783967196941376, -0.23957417905330658), (-0.9028366208076477, -0.3554764986038208, -0.24191433191299438), (-0.863536536693573, -0.3554764986038208, -0.3576885461807251), (-0.8551831245422363, -0.3783967196941376, -0.3542284369468689), (-0.8551831245422363, -0.3783967196941376, -0.3542284369468689), (-0.863536536693573, -0.3554764986038208, -0.3576885461807251), (-0.8094611763954163, -0.3554764986038208, -0.4673426151275635), (-0.8016307950019836, -0.3783967196941376, -0.46282175183296204), (-0.8016307950019836, -0.3783967196941376, -0.46282175183296204), (-0.8094611763954163, -0.3554764986038208, -0.4673426151275635), (-0.7415356636047363, -0.3554764986038208, -0.5690003037452698), (-0.7343623638153076, -0.3783967196941376, -0.5634960532188416), (-0.7343623638153076, -0.3783967196941376, -0.5634960532188416), (-0.7415356636047363, -0.3554764986038208, -0.5690003037452698), (-0.6609222292900085, -0.3554764986038208, -0.6609222292900085), (-0.654528796672821, -0.3783967196941376, -0.654528796672821), (-0.654528796672821, -0.3783967196941376, -0.654528796672821), (-0.6609222292900085, -0.3554764986038208, -0.6609222292900085), (-0.5690003037452698, -0.3554764986038208, -0.7415356636047363), (-0.5634960532188416, -0.3783967196941376, -0.7343623638153076), (-0.5634960532188416, -0.3783967196941376, -0.7343623638153076), (-0.5690003037452698, -0.3554764986038208, -0.7415356636047363), (-0.4673426151275635, -0.3554764986038208, -0.8094611763954163), (-0.46282175183296204, -0.3783967196941376, -0.8016307950019836), (-0.46282175183296204, -0.3783967196941376, -0.8016307950019836), (-0.4673426151275635, -0.3554764986038208, -0.8094611763954163), (-0.3576885461807251, -0.3554764986038208, -0.863536536693573), (-0.3542284369468689, -0.3783967196941376, -0.8551831245422363), (-0.3542284369468689, -0.3783967196941376, -0.8551831245422363), (-0.3576885461807251, -0.3554764986038208, -0.863536536693573), (-0.24191433191299438, -0.3554764986038208, -0.9028366208076477), (-0.23957417905330658, -0.3783967196941376, -0.8941029906272888), (-0.23957417905330658, -0.3783967196941376, -0.8941029906272888), (-0.24191433191299438, -0.3554764986038208, -0.9028366208076477), (-0.12200090289115906, -0.3554764986038208, -0.9266888499259949), (-0.12082072347402573, -0.3783967196941376, -0.9177244901657104), (-0.12082072347402573, -0.3783967196941376, -0.9177244901657104), (-0.12200090289115906, -0.3554764986038208, -0.9266888499259949), (0.0, -0.3554764986038208, -0.934685230255127), (0.0, -0.3783967196941376, -0.9256435036659241), (0.0, -0.3783967196941376, -0.9256435036659241), (0.0, -0.3554764986038208, -0.934685230255127), (0.12200090289115906, -0.3554764986038208, -0.9266888499259949), (0.12082072347402573, -0.3783967196941376, -0.9177244901657104), (0.12082072347402573, -0.3783967196941376, -0.9177244901657104), (0.12200090289115906, -0.3554764986038208, -0.9266888499259949), (0.24191433191299438, -0.3554764986038208, -0.9028366208076477), (0.23957417905330658, -0.3783967196941376, -0.8941029906272888), (0.23957417905330658, -0.3783967196941376, -0.8941029906272888), (0.24191433191299438, -0.3554764986038208, -0.9028366208076477), (0.3576885461807251, -0.3554764986038208, -0.863536536693573), (0.3542284369468689, -0.3783967196941376, -0.8551831245422363), (0.3542284369468689, -0.3783967196941376, -0.8551831245422363), (0.3576885461807251, -0.3554764986038208, -0.863536536693573), (0.4673426151275635, -0.3554764986038208, -0.8094611763954163), (0.46282175183296204, -0.3783967196941376, -0.8016307950019836), (0.46282175183296204, -0.3783967196941376, -0.8016307950019836), (0.4673426151275635, -0.3554764986038208, -0.8094611763954163), (0.5690003037452698, -0.3554764986038208, -0.7415356636047363), (0.5634960532188416, -0.3783967196941376, -0.7343623638153076), (0.5634960532188416, -0.3783967196941376, -0.7343623638153076), (0.5690003037452698, -0.3554764986038208, -0.7415356636047363), (0.6609222292900085, -0.3554764986038208, -0.6609222292900085), (0.654528796672821, -0.3783967196941376, -0.654528796672821), (0.654528796672821, -0.3783967196941376, -0.654528796672821), (0.6609222292900085, -0.3554764986038208, -0.6609222292900085), (0.7415356636047363, -0.3554764986038208, -0.5690003037452698), (0.7343623638153076, -0.3783967196941376, -0.5634960532188416), (0.7343623638153076, -0.3783967196941376, -0.5634960532188416), (0.7415356636047363, -0.3554764986038208, -0.5690003037452698), (0.8094611763954163, -0.3554764986038208, -0.4673426151275635), (0.8016307950019836, -0.3783967196941376, -0.46282175183296204), (0.8016307950019836, -0.3783967196941376, -0.46282175183296204), (0.8094611763954163, -0.3554764986038208, -0.4673426151275635), (0.863536536693573, -0.3554764986038208, -0.3576885461807251), (0.8551831245422363, -0.3783967196941376, -0.3542284369468689), (0.8551831245422363, -0.3783967196941376, -0.3542284369468689), (0.863536536693573, -0.3554764986038208, -0.3576885461807251), (0.9028366208076477, -0.3554764986038208, -0.24191433191299438), (0.8941029906272888, -0.3783967196941376, -0.23957417905330658), (0.8941029906272888, -0.3783967196941376, -0.23957417905330658), (0.9028366208076477, -0.3554764986038208, -0.24191433191299438), (0.9266888499259949, -0.3554764986038208, -0.12200090289115906), (0.9177244901657104, -0.3783967196941376, -0.12082072347402573), (0.9177244901657104, -0.3783967196941376, -0.12082072347402573), (0.9266888499259949, -0.3554764986038208, -0.12200090289115906), (0.934685230255127, -0.3554764986038208, 0.0), (0.9256435036659241, -0.3783967196941376, 0.0), (0.9256435036659241, -0.3783967196941376, 0.0), (0.934685230255127, -0.3554764986038208, 0.0), (0.9266888499259949, -0.3554764986038208, 0.12200090289115906), (0.9177244901657104, -0.3783967196941376, 0.12082072347402573), (0.9177244901657104, -0.3783967196941376, 0.12082072347402573), (0.9266888499259949, -0.3554764986038208, 0.12200090289115906), (0.9028366208076477, -0.3554764986038208, 0.24191433191299438), (0.8941029906272888, -0.3783967196941376, 0.23957417905330658), (0.8941029906272888, -0.3783967196941376, 0.23957417905330658), (0.9028366208076477, -0.3554764986038208, 0.24191433191299438), (0.863536536693573, -0.3554764986038208, 0.3576885461807251), (0.8551831245422363, -0.3783967196941376, 0.3542284369468689), (0.8551831245422363, -0.3783967196941376, 0.3542284369468689), (0.863536536693573, -0.3554764986038208, 0.3576885461807251), (0.8094611763954163, -0.3554764986038208, 0.4673426151275635), (0.8016307950019836, -0.3783967196941376, 0.46282175183296204), (0.8016307950019836, -0.3783967196941376, 0.46282175183296204), (0.8094611763954163, -0.3554764986038208, 0.4673426151275635), (0.7415356636047363, -0.3554764986038208, 0.5690003037452698), (0.7343623638153076, -0.3783967196941376, 0.5634960532188416), (0.7343623638153076, -0.3783967196941376, 0.5634960532188416), (0.7415356636047363, -0.3554764986038208, 0.5690003037452698), (0.6609222292900085, -0.3554764986038208, 0.6609222292900085), (0.654528796672821, -0.3783967196941376, 0.654528796672821), (0.654528796672821, -0.3783967196941376, 0.654528796672821), (0.6609222292900085, -0.3554764986038208, 0.6609222292900085), (0.5690003037452698, -0.3554764986038208, 0.7415356636047363), (0.5634960532188416, -0.3783967196941376, 0.7343623638153076), (0.5634960532188416, -0.3783967196941376, 0.7343623638153076), (0.5690003037452698, -0.3554764986038208, 0.7415356636047363), (0.4673426151275635, -0.3554764986038208, 0.8094611763954163), (0.46282175183296204, -0.3783967196941376, 0.8016307950019836), (0.46282175183296204, -0.3783967196941376, 0.8016307950019836), (0.4673426151275635, -0.3554764986038208, 0.8094611763954163), (0.3576885461807251, -0.3554764986038208, 0.863536536693573), (0.3542284369468689, -0.3783967196941376, 0.8551831245422363), (0.3542284369468689, -0.3783967196941376, 0.8551831245422363), (0.3576885461807251, -0.3554764986038208, 0.863536536693573), (0.24191433191299438, -0.3554764986038208, 0.9028366208076477), (0.23957417905330658, -0.3783967196941376, 0.8941029906272888), (0.23957417905330658, -0.3783967196941376, 0.8941029906272888), (0.24191433191299438, -0.3554764986038208, 0.9028366208076477), (0.12200090289115906, -0.3554764986038208, 0.9266888499259949), (0.12082072347402573, -0.3783967196941376, 0.9177244901657104), (0.12082072347402573, -0.3783967196941376, 0.9177244901657104), (0.12200090289115906, -0.3554764986038208, 0.9266888499259949), (0.0, -0.3554764986038208, 0.934685230255127), (0.0, -0.3783967196941376, 0.9256435036659241), (0.0, -0.3783967196941376, 0.9256435036659241), (0.0, -0.3554764986038208, 0.934685230255127), (-0.12200090289115906, -0.3554764986038208, 0.9266888499259949), (-0.12082072347402573, -0.3783967196941376, 0.9177244901657104), (-0.12082072347402573, -0.3783967196941376, 0.9177244901657104), (-0.12200090289115906, -0.3554764986038208, 0.9266888499259949), (-0.24191433191299438, -0.3554764986038208, 0.9028366208076477), (-0.23957417905330658, -0.3783967196941376, 0.8941029906272888), (-0.23957417905330658, -0.3783967196941376, 0.8941029906272888), (-0.24191433191299438, -0.3554764986038208, 0.9028366208076477), (-0.3576885461807251, -0.3554764986038208, 0.863536536693573), (-0.3542284369468689, -0.3783967196941376, 0.8551831245422363), (-0.3542284369468689, -0.3783967196941376, 0.8551831245422363), (-0.3576885461807251, -0.3554764986038208, 0.863536536693573), (-0.4673426151275635, -0.3554764986038208, 0.8094611763954163), (-0.46282175183296204, -0.3783967196941376, 0.8016307950019836), (-0.46282175183296204, -0.3783967196941376, 0.8016307950019836), (-0.4673426151275635, -0.3554764986038208, 0.8094611763954163), (-0.5690003037452698, -0.3554764986038208, 0.7415356636047363), (-0.5634960532188416, -0.3783967196941376, 0.7343623638153076), (-0.5634960532188416, -0.3783967196941376, 0.7343623638153076), (-0.5690003037452698, -0.3554764986038208, 0.7415356636047363), (-0.6609222292900085, -0.3554764986038208, 0.6609222292900085), (-0.654528796672821, -0.3783967196941376, 0.654528796672821), (-0.654528796672821, -0.3783967196941376, 0.654528796672821), (-0.6609222292900085, -0.3554764986038208, 0.6609222292900085), (-0.7415356636047363, -0.3554764986038208, 0.5690003037452698), (-0.7343623638153076, -0.3783967196941376, 0.5634960532188416), (-0.7343623638153076, -0.3783967196941376, 0.5634960532188416), (-0.7415356636047363, -0.3554764986038208, 0.5690003037452698), (-0.8094611763954163, -0.3554764986038208, 0.4673426151275635), (-0.8016307950019836, -0.3783967196941376, 0.46282175183296204), (-0.8016307950019836, -0.3783967196941376, 0.46282175183296204), (-0.8094611763954163, -0.3554764986038208, 0.4673426151275635), (-0.863536536693573, -0.3554764986038208, 0.3576885461807251), (-0.8551831245422363, -0.3783967196941376, 0.3542284369468689), (-0.8551831245422363, -0.3783967196941376, 0.3542284369468689), (-0.863536536693573, -0.3554764986038208, 0.3576885461807251), (-0.9028366208076477, -0.3554764986038208, 0.24191433191299438), (-0.8941029906272888, -0.3783967196941376, 0.23957417905330658), (-0.8941029906272888, -0.3783967196941376, 0.23957417905330658), (-0.9028366208076477, -0.3554764986038208, 0.24191433191299438), (-0.9266888499259949, -0.3554764986038208, 0.12200090289115906), (-0.9177244901657104, -0.3783967196941376, 0.12082072347402573), (-0.9177244901657104, -0.3783967196941376, 0.12082072347402573), (-0.9266888499259949, -0.3554764986038208, 0.12200090289115906), (-0.934685230255127, -0.3554764986038208, 0.0), (-0.9256435036659241, -0.3783967196941376, 0.0), (-0.934685230255127, -0.3554764986038208, 0.0), (-0.9421628713607788, -0.3351553678512573, 0.0), (-0.9341025352478027, -0.3351553678512573, -0.12297693639993668), (-0.9266888499259949, -0.3554764986038208, -0.12200090289115906), (-0.9266888499259949, -0.3554764986038208, -0.12200090289115906), (-0.9341025352478027, -0.3351553678512573, -0.12297693639993668), (-0.9100594520568848, -0.3351553678512573, -0.24384969472885132), (-0.9028366208076477, -0.3554764986038208, -0.24191433191299438), (-0.9028366208076477, -0.3554764986038208, -0.24191433191299438), (-0.9100594520568848, -0.3351553678512573, -0.24384969472885132), (-0.8704450130462646, -0.3351553678512573, -0.3605501353740692), (-0.863536536693573, -0.3554764986038208, -0.3576885461807251), (-0.863536536693573, -0.3554764986038208, -0.3576885461807251), (-0.8704450130462646, -0.3351553678512573, -0.3605501353740692), (-0.8159369826316833, -0.3351553678512573, -0.4710814356803894), (-0.8094611763954163, -0.3554764986038208, -0.4673426151275635), (-0.8094611763954163, -0.3554764986038208, -0.4673426151275635), (-0.8159369826316833, -0.3351553678512573, -0.4710814356803894), (-0.7474680542945862, -0.3351553678512573, -0.5735524296760559), (-0.7415356636047363, -0.3554764986038208, -0.5690003037452698), (-0.7415356636047363, -0.3554764986038208, -0.5690003037452698), (-0.7474680542945862, -0.3351553678512573, -0.5735524296760559), (-0.6662097573280334, -0.3351553678512573, -0.6662097573280334), (-0.6609222292900085, -0.3554764986038208, -0.6609222292900085), (-0.6609222292900085, -0.3554764986038208, -0.6609222292900085), (-0.6662097573280334, -0.3351553678512573, -0.6662097573280334), (-0.5735524296760559, -0.3351553678512573, -0.7474680542945862), (-0.5690003037452698, -0.3554764986038208, -0.7415356636047363), (-0.5690003037452698, -0.3554764986038208, -0.7415356636047363), (-0.5735524296760559, -0.3351553678512573, -0.7474680542945862), (-0.4710814356803894, -0.3351553678512573, -0.8159369826316833), (-0.4673426151275635, -0.3554764986038208, -0.8094611763954163), (-0.4673426151275635, -0.3554764986038208, -0.8094611763954163), (-0.4710814356803894, -0.3351553678512573, -0.8159369826316833), (-0.3605501353740692, -0.3351553678512573, -0.8704450130462646), (-0.3576885461807251, -0.3554764986038208, -0.863536536693573), (-0.3576885461807251, -0.3554764986038208, -0.863536536693573), (-0.3605501353740692, -0.3351553678512573, -0.8704450130462646), (-0.24384969472885132, -0.3351553678512573, -0.9100594520568848), (-0.24191433191299438, -0.3554764986038208, -0.9028366208076477), (-0.24191433191299438, -0.3554764986038208, -0.9028366208076477), (-0.24384969472885132, -0.3351553678512573, -0.9100594520568848), (-0.12297693639993668, -0.3351553678512573, -0.9341025352478027), (-0.12200090289115906, -0.3554764986038208, -0.9266888499259949), (-0.12200090289115906, -0.3554764986038208, -0.9266888499259949), (-0.12297693639993668, -0.3351553678512573, -0.9341025352478027), (0.0, -0.3351553678512573, -0.9421628713607788), (0.0, -0.3554764986038208, -0.934685230255127), (0.0, -0.3554764986038208, -0.934685230255127), (0.0, -0.3351553678512573, -0.9421628713607788), (0.12297693639993668, -0.3351553678512573, -0.9341025352478027), (0.12200090289115906, -0.3554764986038208, -0.9266888499259949), (0.12200090289115906, -0.3554764986038208, -0.9266888499259949), (0.12297693639993668, -0.3351553678512573, -0.9341025352478027), (0.24384969472885132, -0.3351553678512573, -0.9100594520568848), (0.24191433191299438, -0.3554764986038208, -0.9028366208076477), (0.24191433191299438, -0.3554764986038208, -0.9028366208076477), (0.24384969472885132, -0.3351553678512573, -0.9100594520568848), (0.3605501353740692, -0.3351553678512573, -0.8704450130462646), (0.3576885461807251, -0.3554764986038208, -0.863536536693573), (0.3576885461807251, -0.3554764986038208, -0.863536536693573), (0.3605501353740692, -0.3351553678512573, -0.8704450130462646), (0.4710814356803894, -0.3351553678512573, -0.8159369826316833), (0.4673426151275635, -0.3554764986038208, -0.8094611763954163), (0.4673426151275635, -0.3554764986038208, -0.8094611763954163), (0.4710814356803894, -0.3351553678512573, -0.8159369826316833), (0.5735524296760559, -0.3351553678512573, -0.7474680542945862), (0.5690003037452698, -0.3554764986038208, -0.7415356636047363), (0.5690003037452698, -0.3554764986038208, -0.7415356636047363), (0.5735524296760559, -0.3351553678512573, -0.7474680542945862), (0.6662097573280334, -0.3351553678512573, -0.6662097573280334), (0.6609222292900085, -0.3554764986038208, -0.6609222292900085), (0.6609222292900085, -0.3554764986038208, -0.6609222292900085), (0.6662097573280334, -0.3351553678512573, -0.6662097573280334), (0.7474680542945862, -0.3351553678512573, -0.5735524296760559), (0.7415356636047363, -0.3554764986038208, -0.5690003037452698), (0.7415356636047363, -0.3554764986038208, -0.5690003037452698), (0.7474680542945862, -0.3351553678512573, -0.5735524296760559), (0.8159369826316833, -0.3351553678512573, -0.4710814356803894), (0.8094611763954163, -0.3554764986038208, -0.4673426151275635), (0.8094611763954163, -0.3554764986038208, -0.4673426151275635), (0.8159369826316833, -0.3351553678512573, -0.4710814356803894), (0.8704450130462646, -0.3351553678512573, -0.3605501353740692), (0.863536536693573, -0.3554764986038208, -0.3576885461807251), (0.863536536693573, -0.3554764986038208, -0.3576885461807251), (0.8704450130462646, -0.3351553678512573, -0.3605501353740692), (0.9100594520568848, -0.3351553678512573, -0.24384969472885132), (0.9028366208076477, -0.3554764986038208, -0.24191433191299438), (0.9028366208076477, -0.3554764986038208, -0.24191433191299438), (0.9100594520568848, -0.3351553678512573, -0.24384969472885132), (0.9341025352478027, -0.3351553678512573, -0.12297693639993668), (0.9266888499259949, -0.3554764986038208, -0.12200090289115906), (0.9266888499259949, -0.3554764986038208, -0.12200090289115906), (0.9341025352478027, -0.3351553678512573, -0.12297693639993668), (0.9421628713607788, -0.3351553678512573, 0.0), (0.934685230255127, -0.3554764986038208, 0.0), (0.934685230255127, -0.3554764986038208, 0.0), (0.9421628713607788, -0.3351553678512573, 0.0), (0.9341025352478027, -0.3351553678512573, 0.12297693639993668), (0.9266888499259949, -0.3554764986038208, 0.12200090289115906), (0.9266888499259949, -0.3554764986038208, 0.12200090289115906), (0.9341025352478027, -0.3351553678512573, 0.12297693639993668), (0.9100594520568848, -0.3351553678512573, 0.24384969472885132), (0.9028366208076477, -0.3554764986038208, 0.24191433191299438), (0.9028366208076477, -0.3554764986038208, 0.24191433191299438), (0.9100594520568848, -0.3351553678512573, 0.24384969472885132), (0.8704450130462646, -0.3351553678512573, 0.3605501353740692), (0.863536536693573, -0.3554764986038208, 0.3576885461807251), (0.863536536693573, -0.3554764986038208, 0.3576885461807251), (0.8704450130462646, -0.3351553678512573, 0.3605501353740692), (0.8159369826316833, -0.3351553678512573, 0.4710814356803894), (0.8094611763954163, -0.3554764986038208, 0.4673426151275635), (0.8094611763954163, -0.3554764986038208, 0.4673426151275635), (0.8159369826316833, -0.3351553678512573, 0.4710814356803894), (0.7474680542945862, -0.3351553678512573, 0.5735524296760559), (0.7415356636047363, -0.3554764986038208, 0.5690003037452698), (0.7415356636047363, -0.3554764986038208, 0.5690003037452698), (0.7474680542945862, -0.3351553678512573, 0.5735524296760559), (0.6662097573280334, -0.3351553678512573, 0.6662097573280334), (0.6609222292900085, -0.3554764986038208, 0.6609222292900085), (0.6609222292900085, -0.3554764986038208, 0.6609222292900085), (0.6662097573280334, -0.3351553678512573, 0.6662097573280334), (0.5735524296760559, -0.3351553678512573, 0.7474680542945862), (0.5690003037452698, -0.3554764986038208, 0.7415356636047363), (0.5690003037452698, -0.3554764986038208, 0.7415356636047363), (0.5735524296760559, -0.3351553678512573, 0.7474680542945862), (0.4710814356803894, -0.3351553678512573, 0.8159369826316833), (0.4673426151275635, -0.3554764986038208, 0.8094611763954163), (0.4673426151275635, -0.3554764986038208, 0.8094611763954163), (0.4710814356803894, -0.3351553678512573, 0.8159369826316833), (0.3605501353740692, -0.3351553678512573, 0.8704450130462646), (0.3576885461807251, -0.3554764986038208, 0.863536536693573), (0.3576885461807251, -0.3554764986038208, 0.863536536693573), (0.3605501353740692, -0.3351553678512573, 0.8704450130462646), (0.24384969472885132, -0.3351553678512573, 0.9100594520568848), (0.24191433191299438, -0.3554764986038208, 0.9028366208076477), (0.24191433191299438, -0.3554764986038208, 0.9028366208076477), (0.24384969472885132, -0.3351553678512573, 0.9100594520568848), (0.12297693639993668, -0.3351553678512573, 0.9341025352478027), (0.12200090289115906, -0.3554764986038208, 0.9266888499259949), (0.12200090289115906, -0.3554764986038208, 0.9266888499259949), (0.12297693639993668, -0.3351553678512573, 0.9341025352478027), (0.0, -0.3351553678512573, 0.9421628713607788), (0.0, -0.3554764986038208, 0.934685230255127), (0.0, -0.3554764986038208, 0.934685230255127), (0.0, -0.3351553678512573, 0.9421628713607788), (-0.12297693639993668, -0.3351553678512573, 0.9341025352478027), (-0.12200090289115906, -0.3554764986038208, 0.9266888499259949), (-0.12200090289115906, -0.3554764986038208, 0.9266888499259949), (-0.12297693639993668, -0.3351553678512573, 0.9341025352478027), (-0.24384969472885132, -0.3351553678512573, 0.9100594520568848), (-0.24191433191299438, -0.3554764986038208, 0.9028366208076477), (-0.24191433191299438, -0.3554764986038208, 0.9028366208076477), (-0.24384969472885132, -0.3351553678512573, 0.9100594520568848), (-0.3605501353740692, -0.3351553678512573, 0.8704450130462646), (-0.3576885461807251, -0.3554764986038208, 0.863536536693573), (-0.3576885461807251, -0.3554764986038208, 0.863536536693573), (-0.3605501353740692, -0.3351553678512573, 0.8704450130462646), (-0.4710814356803894, -0.3351553678512573, 0.8159369826316833), (-0.4673426151275635, -0.3554764986038208, 0.8094611763954163), (-0.4673426151275635, -0.3554764986038208, 0.8094611763954163), (-0.4710814356803894, -0.3351553678512573, 0.8159369826316833), (-0.5735524296760559, -0.3351553678512573, 0.7474680542945862), (-0.5690003037452698, -0.3554764986038208, 0.7415356636047363), (-0.5690003037452698, -0.3554764986038208, 0.7415356636047363), (-0.5735524296760559, -0.3351553678512573, 0.7474680542945862), (-0.6662097573280334, -0.3351553678512573, 0.6662097573280334), (-0.6609222292900085, -0.3554764986038208, 0.6609222292900085), (-0.6609222292900085, -0.3554764986038208, 0.6609222292900085), (-0.6662097573280334, -0.3351553678512573, 0.6662097573280334), (-0.7474680542945862, -0.3351553678512573, 0.5735524296760559), (-0.7415356636047363, -0.3554764986038208, 0.5690003037452698), (-0.7415356636047363, -0.3554764986038208, 0.5690003037452698), (-0.7474680542945862, -0.3351553678512573, 0.5735524296760559), (-0.8159369826316833, -0.3351553678512573, 0.4710814356803894), (-0.8094611763954163, -0.3554764986038208, 0.4673426151275635), (-0.8094611763954163, -0.3554764986038208, 0.4673426151275635), (-0.8159369826316833, -0.3351553678512573, 0.4710814356803894), (-0.8704450130462646, -0.3351553678512573, 0.3605501353740692), (-0.863536536693573, -0.3554764986038208, 0.3576885461807251), (-0.863536536693573, -0.3554764986038208, 0.3576885461807251), (-0.8704450130462646, -0.3351553678512573, 0.3605501353740692), (-0.9100594520568848, -0.3351553678512573, 0.24384969472885132), (-0.9028366208076477, -0.3554764986038208, 0.24191433191299438), (-0.9028366208076477, -0.3554764986038208, 0.24191433191299438), (-0.9100594520568848, -0.3351553678512573, 0.24384969472885132), (-0.9341025352478027, -0.3351553678512573, 0.12297693639993668), (-0.9266888499259949, -0.3554764986038208, 0.12200090289115906), (-0.9266888499259949, -0.3554764986038208, 0.12200090289115906), (-0.9341025352478027, -0.3351553678512573, 0.12297693639993668), (-0.9421628713607788, -0.3351553678512573, 0.0), (-0.934685230255127, -0.3554764986038208, 0.0), (-0.9421628713607788, -0.3351553678512573, 0.0), (-0.9484149217605591, -0.31703171133995056, 0.0), (-0.9403011202812195, -0.31703171133995056, -0.12379299104213715), (-0.9341025352478027, -0.3351553678512573, -0.12297693639993668), (-0.9341025352478027, -0.3351553678512573, -0.12297693639993668), (-0.9403011202812195, -0.31703171133995056, -0.12379299104213715), (-0.9160984754562378, -0.31703171133995056, -0.24546784162521362), (-0.9100594520568848, -0.3351553678512573, -0.24384969472885132), (-0.9100594520568848, -0.3351553678512573, -0.24384969472885132), (-0.9160984754562378, -0.31703171133995056, -0.24546784162521362), (-0.8762211203575134, -0.31703171133995056, -0.3629426956176758), (-0.8704450130462646, -0.3351553678512573, -0.3605501353740692), (-0.8704450130462646, -0.3351553678512573, -0.3605501353740692), (-0.8762211203575134, -0.31703171133995056, -0.3629426956176758), (-0.8213514089584351, -0.31703171133995056, -0.47420746088027954), (-0.8159369826316833, -0.3351553678512573, -0.4710814356803894), (-0.8159369826316833, -0.3351553678512573, -0.4710814356803894), (-0.8213514089584351, -0.31703171133995056, -0.47420746088027954), (-0.7524281740188599, -0.31703171133995056, -0.5773584246635437), (-0.7474680542945862, -0.3351553678512573, -0.5735524296760559), (-0.7474680542945862, -0.3351553678512573, -0.5735524296760559), (-0.7524281740188599, -0.31703171133995056, -0.5773584246635437), (-0.6706306338310242, -0.31703171133995056, -0.6706306338310242), (-0.6662097573280334, -0.3351553678512573, -0.6662097573280334), (-0.6662097573280334, -0.3351553678512573, -0.6662097573280334), (-0.6706306338310242, -0.31703171133995056, -0.6706306338310242), (-0.5773584246635437, -0.31703171133995056, -0.7524281740188599), (-0.5735524296760559, -0.3351553678512573, -0.7474680542945862), (-0.5735524296760559, -0.3351553678512573, -0.7474680542945862), (-0.5773584246635437, -0.31703171133995056, -0.7524281740188599), (-0.47420746088027954, -0.31703171133995056, -0.8213514089584351), (-0.4710814356803894, -0.3351553678512573, -0.8159369826316833), (-0.4710814356803894, -0.3351553678512573, -0.8159369826316833), (-0.47420746088027954, -0.31703171133995056, -0.8213514089584351), (-0.3629426956176758, -0.31703171133995056, -0.8762211203575134), (-0.3605501353740692, -0.3351553678512573, -0.8704450130462646), (-0.3605501353740692, -0.3351553678512573, -0.8704450130462646), (-0.3629426956176758, -0.31703171133995056, -0.8762211203575134), (-0.24546784162521362, -0.31703171133995056, -0.9160984754562378), (-0.24384969472885132, -0.3351553678512573, -0.9100594520568848), (-0.24384969472885132, -0.3351553678512573, -0.9100594520568848), (-0.24546784162521362, -0.31703171133995056, -0.9160984754562378), (-0.12379299104213715, -0.31703171133995056, -0.9403011202812195), (-0.12297693639993668, -0.3351553678512573, -0.9341025352478027), (-0.12297693639993668, -0.3351553678512573, -0.9341025352478027), (-0.12379299104213715, -0.31703171133995056, -0.9403011202812195), (0.0, -0.31703171133995056, -0.9484149217605591), (0.0, -0.3351553678512573, -0.9421628713607788), (0.0, -0.3351553678512573, -0.9421628713607788), (0.0, -0.31703171133995056, -0.9484149217605591), (0.12379299104213715, -0.31703171133995056, -0.9403011202812195), (0.12297693639993668, -0.3351553678512573, -0.9341025352478027), (0.12297693639993668, -0.3351553678512573, -0.9341025352478027), (0.12379299104213715, -0.31703171133995056, -0.9403011202812195), (0.24546784162521362, -0.31703171133995056, -0.9160984754562378), (0.24384969472885132, -0.3351553678512573, -0.9100594520568848), (0.24384969472885132, -0.3351553678512573, -0.9100594520568848), (0.24546784162521362, -0.31703171133995056, -0.9160984754562378), (0.3629426956176758, -0.31703171133995056, -0.8762211203575134), (0.3605501353740692, -0.3351553678512573, -0.8704450130462646), (0.3605501353740692, -0.3351553678512573, -0.8704450130462646), (0.3629426956176758, -0.31703171133995056, -0.8762211203575134), (0.47420746088027954, -0.31703171133995056, -0.8213514089584351), (0.4710814356803894, -0.3351553678512573, -0.8159369826316833), (0.4710814356803894, -0.3351553678512573, -0.8159369826316833), (0.47420746088027954, -0.31703171133995056, -0.8213514089584351), (0.5773584246635437, -0.31703171133995056, -0.7524281740188599), (0.5735524296760559, -0.3351553678512573, -0.7474680542945862), (0.5735524296760559, -0.3351553678512573, -0.7474680542945862), (0.5773584246635437, -0.31703171133995056, -0.7524281740188599), (0.6706306338310242, -0.31703171133995056, -0.6706306338310242), (0.6662097573280334, -0.3351553678512573, -0.6662097573280334), (0.6662097573280334, -0.3351553678512573, -0.6662097573280334), (0.6706306338310242, -0.31703171133995056, -0.6706306338310242), (0.7524281740188599, -0.31703171133995056, -0.5773584246635437), (0.7474680542945862, -0.3351553678512573, -0.5735524296760559), (0.7474680542945862, -0.3351553678512573, -0.5735524296760559), (0.7524281740188599, -0.31703171133995056, -0.5773584246635437), (0.8213514089584351, -0.31703171133995056, -0.47420746088027954), (0.8159369826316833, -0.3351553678512573, -0.4710814356803894), (0.8159369826316833, -0.3351553678512573, -0.4710814356803894), (0.8213514089584351, -0.31703171133995056, -0.47420746088027954), (0.8762211203575134, -0.31703171133995056, -0.3629426956176758), (0.8704450130462646, -0.3351553678512573, -0.3605501353740692), (0.8704450130462646, -0.3351553678512573, -0.3605501353740692), (0.8762211203575134, -0.31703171133995056, -0.3629426956176758), (0.9160984754562378, -0.31703171133995056, -0.24546784162521362), (0.9100594520568848, -0.3351553678512573, -0.24384969472885132), (0.9100594520568848, -0.3351553678512573, -0.24384969472885132), (0.9160984754562378, -0.31703171133995056, -0.24546784162521362), (0.9403011202812195, -0.31703171133995056, -0.12379299104213715), (0.9341025352478027, -0.3351553678512573, -0.12297693639993668), (0.9341025352478027, -0.3351553678512573, -0.12297693639993668), (0.9403011202812195, -0.31703171133995056, -0.12379299104213715), (0.9484149217605591, -0.31703171133995056, 0.0), (0.9421628713607788, -0.3351553678512573, 0.0), (0.9421628713607788, -0.3351553678512573, 0.0), (0.9484149217605591, -0.31703171133995056, 0.0), (0.9403011202812195, -0.31703171133995056, 0.12379299104213715), (0.9341025352478027, -0.3351553678512573, 0.12297693639993668), (0.9341025352478027, -0.3351553678512573, 0.12297693639993668), (0.9403011202812195, -0.31703171133995056, 0.12379299104213715), (0.9160984754562378, -0.31703171133995056, 0.24546784162521362), (0.9100594520568848, -0.3351553678512573, 0.24384969472885132), (0.9100594520568848, -0.3351553678512573, 0.24384969472885132), (0.9160984754562378, -0.31703171133995056, 0.24546784162521362), (0.8762211203575134, -0.31703171133995056, 0.3629426956176758), (0.8704450130462646, -0.3351553678512573, 0.3605501353740692), (0.8704450130462646, -0.3351553678512573, 0.3605501353740692), (0.8762211203575134, -0.31703171133995056, 0.3629426956176758), (0.8213514089584351, -0.31703171133995056, 0.47420746088027954), (0.8159369826316833, -0.3351553678512573, 0.4710814356803894), (0.8159369826316833, -0.3351553678512573, 0.4710814356803894), (0.8213514089584351, -0.31703171133995056, 0.47420746088027954), (0.7524281740188599, -0.31703171133995056, 0.5773584246635437), (0.7474680542945862, -0.3351553678512573, 0.5735524296760559), (0.7474680542945862, -0.3351553678512573, 0.5735524296760559), (0.7524281740188599, -0.31703171133995056, 0.5773584246635437), (0.6706306338310242, -0.31703171133995056, 0.6706306338310242), (0.6662097573280334, -0.3351553678512573, 0.6662097573280334), (0.6662097573280334, -0.3351553678512573, 0.6662097573280334), (0.6706306338310242, -0.31703171133995056, 0.6706306338310242), (0.5773584246635437, -0.31703171133995056, 0.7524281740188599), (0.5735524296760559, -0.3351553678512573, 0.7474680542945862), (0.5735524296760559, -0.3351553678512573, 0.7474680542945862), (0.5773584246635437, -0.31703171133995056, 0.7524281740188599), (0.47420746088027954, -0.31703171133995056, 0.8213514089584351), (0.4710814356803894, -0.3351553678512573, 0.8159369826316833), (0.4710814356803894, -0.3351553678512573, 0.8159369826316833), (0.47420746088027954, -0.31703171133995056, 0.8213514089584351), (0.3629426956176758, -0.31703171133995056, 0.8762211203575134), (0.3605501353740692, -0.3351553678512573, 0.8704450130462646), (0.3605501353740692, -0.3351553678512573, 0.8704450130462646), (0.3629426956176758, -0.31703171133995056, 0.8762211203575134), (0.24546784162521362, -0.31703171133995056, 0.9160984754562378), (0.24384969472885132, -0.3351553678512573, 0.9100594520568848), (0.24384969472885132, -0.3351553678512573, 0.9100594520568848), (0.24546784162521362, -0.31703171133995056, 0.9160984754562378), (0.12379299104213715, -0.31703171133995056, 0.9403011202812195), (0.12297693639993668, -0.3351553678512573, 0.9341025352478027), (0.12297693639993668, -0.3351553678512573, 0.9341025352478027), (0.12379299104213715, -0.31703171133995056, 0.9403011202812195), (0.0, -0.31703171133995056, 0.9484149217605591), (0.0, -0.3351553678512573, 0.9421628713607788), (0.0, -0.3351553678512573, 0.9421628713607788), (0.0, -0.31703171133995056, 0.9484149217605591), (-0.12379299104213715, -0.31703171133995056, 0.9403011202812195), (-0.12297693639993668, -0.3351553678512573, 0.9341025352478027), (-0.12297693639993668, -0.3351553678512573, 0.9341025352478027), (-0.12379299104213715, -0.31703171133995056, 0.9403011202812195), (-0.24546784162521362, -0.31703171133995056, 0.9160984754562378), (-0.24384969472885132, -0.3351553678512573, 0.9100594520568848), (-0.24384969472885132, -0.3351553678512573, 0.9100594520568848), (-0.24546784162521362, -0.31703171133995056, 0.9160984754562378), (-0.3629426956176758, -0.31703171133995056, 0.8762211203575134), (-0.3605501353740692, -0.3351553678512573, 0.8704450130462646), (-0.3605501353740692, -0.3351553678512573, 0.8704450130462646), (-0.3629426956176758, -0.31703171133995056, 0.8762211203575134), (-0.47420746088027954, -0.31703171133995056, 0.8213514089584351), (-0.4710814356803894, -0.3351553678512573, 0.8159369826316833), (-0.4710814356803894, -0.3351553678512573, 0.8159369826316833), (-0.47420746088027954, -0.31703171133995056, 0.8213514089584351), (-0.5773584246635437, -0.31703171133995056, 0.7524281740188599), (-0.5735524296760559, -0.3351553678512573, 0.7474680542945862), (-0.5735524296760559, -0.3351553678512573, 0.7474680542945862), (-0.5773584246635437, -0.31703171133995056, 0.7524281740188599), (-0.6706306338310242, -0.31703171133995056, 0.6706306338310242), (-0.6662097573280334, -0.3351553678512573, 0.6662097573280334), (-0.6662097573280334, -0.3351553678512573, 0.6662097573280334), (-0.6706306338310242, -0.31703171133995056, 0.6706306338310242), (-0.7524281740188599, -0.31703171133995056, 0.5773584246635437), (-0.7474680542945862, -0.3351553678512573, 0.5735524296760559), (-0.7474680542945862, -0.3351553678512573, 0.5735524296760559), (-0.7524281740188599, -0.31703171133995056, 0.5773584246635437), (-0.8213514089584351, -0.31703171133995056, 0.47420746088027954), (-0.8159369826316833, -0.3351553678512573, 0.4710814356803894), (-0.8159369826316833, -0.3351553678512573, 0.4710814356803894), (-0.8213514089584351, -0.31703171133995056, 0.47420746088027954), (-0.8762211203575134, -0.31703171133995056, 0.3629426956176758), (-0.8704450130462646, -0.3351553678512573, 0.3605501353740692), (-0.8704450130462646, -0.3351553678512573, 0.3605501353740692), (-0.8762211203575134, -0.31703171133995056, 0.3629426956176758), (-0.9160984754562378, -0.31703171133995056, 0.24546784162521362), (-0.9100594520568848, -0.3351553678512573, 0.24384969472885132), (-0.9100594520568848, -0.3351553678512573, 0.24384969472885132), (-0.9160984754562378, -0.31703171133995056, 0.24546784162521362), (-0.9403011202812195, -0.31703171133995056, 0.12379299104213715), (-0.9341025352478027, -0.3351553678512573, 0.12297693639993668), (-0.9341025352478027, -0.3351553678512573, 0.12297693639993668), (-0.9403011202812195, -0.31703171133995056, 0.12379299104213715), (-0.9484149217605591, -0.31703171133995056, 0.0), (-0.9421628713607788, -0.3351553678512573, 0.0), (-0.9484149217605591, -0.31703171133995056, 0.0), (-0.9512363076210022, -0.30846306681632996, 0.0), (-0.9430983662605286, -0.30846306681632996, -0.1241612583398819), (-0.9403011202812195, -0.31703171133995056, -0.12379299104213715), (-0.9403011202812195, -0.31703171133995056, -0.12379299104213715), (-0.9430983662605286, -0.30846306681632996, -0.1241612583398819), (-0.9188237190246582, -0.30846306681632996, -0.24619807302951813), (-0.9160984754562378, -0.31703171133995056, -0.24546784162521362), (-0.9160984754562378, -0.31703171133995056, -0.24546784162521362), (-0.9188237190246582, -0.30846306681632996, -0.24619807302951813), (-0.8788277506828308, -0.30846306681632996, -0.3640223741531372), (-0.8762211203575134, -0.31703171133995056, -0.3629426956176758), (-0.8762211203575134, -0.31703171133995056, -0.3629426956176758), (-0.8788277506828308, -0.30846306681632996, -0.3640223741531372), (-0.8237948417663574, -0.30846306681632996, -0.4756181538105011), (-0.8213514089584351, -0.31703171133995056, -0.47420746088027954), (-0.8213514089584351, -0.31703171133995056, -0.47420746088027954), (-0.8237948417663574, -0.30846306681632996, -0.4756181538105011), (-0.7546665072441101, -0.30846306681632996, -0.5790759921073914), (-0.7524281740188599, -0.31703171133995056, -0.5773584246635437), (-0.7524281740188599, -0.31703171133995056, -0.5773584246635437), (-0.7546665072441101, -0.30846306681632996, -0.5790759921073914), (-0.6726256608963013, -0.30846306681632996, -0.6726256608963013), (-0.6706306338310242, -0.31703171133995056, -0.6706306338310242), (-0.6706306338310242, -0.31703171133995056, -0.6706306338310242), (-0.6726256608963013, -0.30846306681632996, -0.6726256608963013), (-0.5790759921073914, -0.30846306681632996, -0.7546665072441101), (-0.5773584246635437, -0.31703171133995056, -0.7524281740188599), (-0.5773584246635437, -0.31703171133995056, -0.7524281740188599), (-0.5790759921073914, -0.30846306681632996, -0.7546665072441101), (-0.4756181538105011, -0.30846306681632996, -0.8237948417663574), (-0.47420746088027954, -0.31703171133995056, -0.8213514089584351), (-0.47420746088027954, -0.31703171133995056, -0.8213514089584351), (-0.4756181538105011, -0.30846306681632996, -0.8237948417663574), (-0.3640223741531372, -0.30846306681632996, -0.8788277506828308), (-0.3629426956176758, -0.31703171133995056, -0.8762211203575134), (-0.3629426956176758, -0.31703171133995056, -0.8762211203575134), (-0.3640223741531372, -0.30846306681632996, -0.8788277506828308), (-0.24619807302951813, -0.30846306681632996, -0.9188237190246582), (-0.24546784162521362, -0.31703171133995056, -0.9160984754562378), (-0.24546784162521362, -0.31703171133995056, -0.9160984754562378), (-0.24619807302951813, -0.30846306681632996, -0.9188237190246582), (-0.1241612583398819, -0.30846306681632996, -0.9430983662605286), (-0.12379299104213715, -0.31703171133995056, -0.9403011202812195), (-0.12379299104213715, -0.31703171133995056, -0.9403011202812195), (-0.1241612583398819, -0.30846306681632996, -0.9430983662605286), (0.0, -0.30846306681632996, -0.9512363076210022), (0.0, -0.31703171133995056, -0.9484149217605591), (0.0, -0.31703171133995056, -0.9484149217605591), (0.0, -0.30846306681632996, -0.9512363076210022), (0.1241612583398819, -0.30846306681632996, -0.9430983662605286), (0.12379299104213715, -0.31703171133995056, -0.9403011202812195), (0.12379299104213715, -0.31703171133995056, -0.9403011202812195), (0.1241612583398819, -0.30846306681632996, -0.9430983662605286), (0.24619807302951813, -0.30846306681632996, -0.9188237190246582), (0.24546784162521362, -0.31703171133995056, -0.9160984754562378), (0.24546784162521362, -0.31703171133995056, -0.9160984754562378), (0.24619807302951813, -0.30846306681632996, -0.9188237190246582), (0.3640223741531372, -0.30846306681632996, -0.8788277506828308), (0.3629426956176758, -0.31703171133995056, -0.8762211203575134), (0.3629426956176758, -0.31703171133995056, -0.8762211203575134), (0.3640223741531372, -0.30846306681632996, -0.8788277506828308), (0.4756181538105011, -0.30846306681632996, -0.8237948417663574), (0.47420746088027954, -0.31703171133995056, -0.8213514089584351), (0.47420746088027954, -0.31703171133995056, -0.8213514089584351), (0.4756181538105011, -0.30846306681632996, -0.8237948417663574), (0.5790759921073914, -0.30846306681632996, -0.7546665072441101), (0.5773584246635437, -0.31703171133995056, -0.7524281740188599), (0.5773584246635437, -0.31703171133995056, -0.7524281740188599), (0.5790759921073914, -0.30846306681632996, -0.7546665072441101), (0.6726256608963013, -0.30846306681632996, -0.6726256608963013), (0.6706306338310242, -0.31703171133995056, -0.6706306338310242), (0.6706306338310242, -0.31703171133995056, -0.6706306338310242), (0.6726256608963013, -0.30846306681632996, -0.6726256608963013), (0.7546665072441101, -0.30846306681632996, -0.5790759921073914), (0.7524281740188599, -0.31703171133995056, -0.5773584246635437), (0.7524281740188599, -0.31703171133995056, -0.5773584246635437), (0.7546665072441101, -0.30846306681632996, -0.5790759921073914), (0.8237948417663574, -0.30846306681632996, -0.4756181538105011), (0.8213514089584351, -0.31703171133995056, -0.47420746088027954), (0.8213514089584351, -0.31703171133995056, -0.47420746088027954), (0.8237948417663574, -0.30846306681632996, -0.4756181538105011), (0.8788277506828308, -0.30846306681632996, -0.3640223741531372), (0.8762211203575134, -0.31703171133995056, -0.3629426956176758), (0.8762211203575134, -0.31703171133995056, -0.3629426956176758), (0.8788277506828308, -0.30846306681632996, -0.3640223741531372), (0.9188237190246582, -0.30846306681632996, -0.24619807302951813), (0.9160984754562378, -0.31703171133995056, -0.24546784162521362), (0.9160984754562378, -0.31703171133995056, -0.24546784162521362), (0.9188237190246582, -0.30846306681632996, -0.24619807302951813), (0.9430983662605286, -0.30846306681632996, -0.1241612583398819), (0.9403011202812195, -0.31703171133995056, -0.12379299104213715), (0.9403011202812195, -0.31703171133995056, -0.12379299104213715), (0.9430983662605286, -0.30846306681632996, -0.1241612583398819), (0.9512363076210022, -0.30846306681632996, 0.0), (0.9484149217605591, -0.31703171133995056, 0.0), (0.9484149217605591, -0.31703171133995056, 0.0), (0.9512363076210022, -0.30846306681632996, 0.0), (0.9430983662605286, -0.30846306681632996, 0.1241612583398819), (0.9403011202812195, -0.31703171133995056, 0.12379299104213715), (0.9403011202812195, -0.31703171133995056, 0.12379299104213715), (0.9430983662605286, -0.30846306681632996, 0.1241612583398819), (0.9188237190246582, -0.30846306681632996, 0.24619807302951813), (0.9160984754562378, -0.31703171133995056, 0.24546784162521362), (0.9160984754562378, -0.31703171133995056, 0.24546784162521362), (0.9188237190246582, -0.30846306681632996, 0.24619807302951813), (0.8788277506828308, -0.30846306681632996, 0.3640223741531372), (0.8762211203575134, -0.31703171133995056, 0.3629426956176758), (0.8762211203575134, -0.31703171133995056, 0.3629426956176758), (0.8788277506828308, -0.30846306681632996, 0.3640223741531372), (0.8237948417663574, -0.30846306681632996, 0.4756181538105011), (0.8213514089584351, -0.31703171133995056, 0.47420746088027954), (0.8213514089584351, -0.31703171133995056, 0.47420746088027954), (0.8237948417663574, -0.30846306681632996, 0.4756181538105011), (0.7546665072441101, -0.30846306681632996, 0.5790759921073914), (0.7524281740188599, -0.31703171133995056, 0.5773584246635437), (0.7524281740188599, -0.31703171133995056, 0.5773584246635437), (0.7546665072441101, -0.30846306681632996, 0.5790759921073914), (0.6726256608963013, -0.30846306681632996, 0.6726256608963013), (0.6706306338310242, -0.31703171133995056, 0.6706306338310242), (0.6706306338310242, -0.31703171133995056, 0.6706306338310242), (0.6726256608963013, -0.30846306681632996, 0.6726256608963013), (0.5790759921073914, -0.30846306681632996, 0.7546665072441101), (0.5773584246635437, -0.31703171133995056, 0.7524281740188599), (0.5773584246635437, -0.31703171133995056, 0.7524281740188599), (0.5790759921073914, -0.30846306681632996, 0.7546665072441101), (0.4756181538105011, -0.30846306681632996, 0.8237948417663574), (0.47420746088027954, -0.31703171133995056, 0.8213514089584351), (0.47420746088027954, -0.31703171133995056, 0.8213514089584351), (0.4756181538105011, -0.30846306681632996, 0.8237948417663574), (0.3640223741531372, -0.30846306681632996, 0.8788277506828308), (0.3629426956176758, -0.31703171133995056, 0.8762211203575134), (0.3629426956176758, -0.31703171133995056, 0.8762211203575134), (0.3640223741531372, -0.30846306681632996, 0.8788277506828308), (0.24619807302951813, -0.30846306681632996, 0.9188237190246582), (0.24546784162521362, -0.31703171133995056, 0.9160984754562378), (0.24546784162521362, -0.31703171133995056, 0.9160984754562378), (0.24619807302951813, -0.30846306681632996, 0.9188237190246582), (0.1241612583398819, -0.30846306681632996, 0.9430983662605286), (0.12379299104213715, -0.31703171133995056, 0.9403011202812195), (0.12379299104213715, -0.31703171133995056, 0.9403011202812195), (0.1241612583398819, -0.30846306681632996, 0.9430983662605286), (0.0, -0.30846306681632996, 0.9512363076210022), (0.0, -0.31703171133995056, 0.9484149217605591), (0.0, -0.31703171133995056, 0.9484149217605591), (0.0, -0.30846306681632996, 0.9512363076210022), (-0.1241612583398819, -0.30846306681632996, 0.9430983662605286), (-0.12379299104213715, -0.31703171133995056, 0.9403011202812195), (-0.12379299104213715, -0.31703171133995056, 0.9403011202812195), (-0.1241612583398819, -0.30846306681632996, 0.9430983662605286), (-0.24619807302951813, -0.30846306681632996, 0.9188237190246582), (-0.24546784162521362, -0.31703171133995056, 0.9160984754562378), (-0.24546784162521362, -0.31703171133995056, 0.9160984754562378), (-0.24619807302951813, -0.30846306681632996, 0.9188237190246582), (-0.3640223741531372, -0.30846306681632996, 0.8788277506828308), (-0.3629426956176758, -0.31703171133995056, 0.8762211203575134), (-0.3629426956176758, -0.31703171133995056, 0.8762211203575134), (-0.3640223741531372, -0.30846306681632996, 0.8788277506828308), (-0.4756181538105011, -0.30846306681632996, 0.8237948417663574), (-0.47420746088027954, -0.31703171133995056, 0.8213514089584351), (-0.47420746088027954, -0.31703171133995056, 0.8213514089584351), (-0.4756181538105011, -0.30846306681632996, 0.8237948417663574), (-0.5790759921073914, -0.30846306681632996, 0.7546665072441101), (-0.5773584246635437, -0.31703171133995056, 0.7524281740188599), (-0.5773584246635437, -0.31703171133995056, 0.7524281740188599), (-0.5790759921073914, -0.30846306681632996, 0.7546665072441101), (-0.6726256608963013, -0.30846306681632996, 0.6726256608963013), (-0.6706306338310242, -0.31703171133995056, 0.6706306338310242), (-0.6706306338310242, -0.31703171133995056, 0.6706306338310242), (-0.6726256608963013, -0.30846306681632996, 0.6726256608963013), (-0.7546665072441101, -0.30846306681632996, 0.5790759921073914), (-0.7524281740188599, -0.31703171133995056, 0.5773584246635437), (-0.7524281740188599, -0.31703171133995056, 0.5773584246635437), (-0.7546665072441101, -0.30846306681632996, 0.5790759921073914), (-0.8237948417663574, -0.30846306681632996, 0.4756181538105011), (-0.8213514089584351, -0.31703171133995056, 0.47420746088027954), (-0.8213514089584351, -0.31703171133995056, 0.47420746088027954), (-0.8237948417663574, -0.30846306681632996, 0.4756181538105011), (-0.8788277506828308, -0.30846306681632996, 0.3640223741531372), (-0.8762211203575134, -0.31703171133995056, 0.3629426956176758), (-0.8762211203575134, -0.31703171133995056, 0.3629426956176758), (-0.8788277506828308, -0.30846306681632996, 0.3640223741531372), (-0.9188237190246582, -0.30846306681632996, 0.24619807302951813), (-0.9160984754562378, -0.31703171133995056, 0.24546784162521362), (-0.9160984754562378, -0.31703171133995056, 0.24546784162521362), (-0.9188237190246582, -0.30846306681632996, 0.24619807302951813), (-0.9430983662605286, -0.30846306681632996, 0.1241612583398819), (-0.9403011202812195, -0.31703171133995056, 0.12379299104213715), (-0.9403011202812195, -0.31703171133995056, 0.12379299104213715), (-0.9430983662605286, -0.30846306681632996, 0.1241612583398819), (-0.9512363076210022, -0.30846306681632996, 0.0), (-0.9484149217605591, -0.31703171133995056, 0.0), (0.0, -1.0, 0.0), (0.0, -1.0, 0.0), (0.0, -1.0, 0.0), (0.0, -1.0, 0.0), (0.0, -1.0, 0.0), (0.0, -1.0, 0.0), (0.0, -1.0, 0.0), (0.0, -1.0, 0.0), (0.0, -1.0, 0.0), (0.0, -1.0, 0.0), (0.0, -1.0, 0.0), (0.0, -1.0, 0.0), (0.0, -1.0, 0.0), (0.0, -1.0, 0.0), (0.0, -1.0, 0.0), (0.0, -1.0, 0.0), (0.0, -1.0, 0.0), (0.0, -1.0, 0.0), (0.0, -1.0, 0.0), (0.0, -1.0, 0.0), (0.0, -1.0, 0.0), (0.0, -1.0, 0.0), (0.0, -1.0, 0.0), (0.0, -1.0, 0.0), (0.0, -1.0, 0.0), (0.0, -1.0, 0.0), (0.0, -1.0, 0.0), (0.0, -1.0, 0.0), (0.0, -1.0, 0.0), (0.0, -1.0, 0.0), (0.0, -1.0, 0.0), (0.0, -1.0, 0.0), (0.0, -1.0, 0.0), (0.0, -1.0, 0.0), (0.0, -1.0, 0.0), (0.0, -1.0, 0.0), (0.0, -1.0, 0.0), (0.0, -1.0, 0.0), (0.0, -1.0, 0.0), (0.0, -1.0, 0.0), (0.0, -1.0, 0.0), (0.0, -1.0, 0.0), (0.0, -1.0, 0.0), (0.0, -1.0, 0.0), (0.0, -1.0, 0.0), (0.0, -1.0, 0.0), (0.0, -1.0, 0.0), (0.0, -1.0, 0.0), (0.0, -1.0, 0.0), (0.0, -1.0, 0.0), (0.0, -1.0, 0.0), (0.0, -1.0, 0.0), (0.0, -1.0, 0.0), (0.0, -1.0, 0.0), (0.0, -1.0, 0.0), (0.0, -1.0, 0.0), (0.0, -1.0, 0.0), (0.0, -1.0, 0.0), (0.0, -1.0, 0.0), (0.0, -1.0, 0.0), (0.0, -1.0, 0.0), (0.0, -1.0, 0.0), (0.0, -1.0, 0.0), (0.0, -1.0, 0.0), (0.0, -1.0, 0.0), (0.0, -1.0, 0.0), (0.0, -1.0, 0.0), (0.0, -1.0, 0.0), (0.0, -1.0, 0.0), (0.0, -1.0, 0.0), (0.0, -1.0, 0.0), (0.0, -1.0, 0.0), (0.0, -1.0, 0.0), (0.0, -1.0, 0.0), (0.0, -1.0, 0.0), (0.0, -1.0, 0.0), (0.0, -1.0, 0.0), (0.0, -1.0, 0.0), (0.0, -1.0, 0.0), (0.0, -1.0, 0.0), (0.0, -1.0, 0.0), (0.0, -1.0, 0.0), (0.0, -1.0, 0.0), (0.0, -1.0, 0.0), (0.0, -1.0, 0.0), (0.0, -1.0, 0.0), (0.0, -1.0, 0.0), (0.0, -1.0, 0.0), (0.0, -1.0, 0.0), (0.0, -1.0, 0.0), (0.0, -1.0, 0.0), (0.0, -1.0, 0.0), (0.0, -1.0, 0.0), (0.0, -1.0, 0.0), (0.0, -1.0, 0.0), (0.0, -1.0, 0.0), (0.0, -1.0, 0.0), (0.0, -1.0, 0.0), (0.0, -1.0, 0.0), (0.0, -1.0, 0.0), (0.0, -1.0, 0.0), (0.0, -1.0, 0.0), (0.0, -1.0, 0.0), (0.0, -1.0, 0.0), (0.0, -1.0, 0.0), (0.0, -1.0, 0.0), (0.0, -1.0, 0.0), (0.0, -1.0, 0.0), (0.0, -1.0, 0.0), (0.0, -1.0, 0.0), (0.0, -1.0, 0.0), (0.0, -1.0, 0.0), (0.0, -1.0, 0.0), (0.0, -1.0, 0.0), (0.0, -1.0, 0.0), (0.0, -1.0, 0.0), (0.0, -1.0, 0.0), (0.0, -1.0, 0.0), (0.0, -1.0, 0.0), (0.0, -1.0, 0.0), (0.0, -1.0, 0.0), (0.0, -1.0, 0.0), (0.0, -1.0, 0.0), (0.0, -1.0, 0.0), (0.0, -1.0, 0.0), (0.0, -1.0, 0.0), (0.0, -1.0, 0.0), (0.0, -1.0, 0.0), (0.0, -1.0, 0.0), (0.0, -1.0, 0.0), (0.0, -1.0, 0.0), (0.0, -1.0, 0.0), (0.0, -1.0, 0.0), (0.0, -1.0, 0.0), (0.0, -1.0, 0.0), (0.0, -1.0, 0.0), (0.0, -1.0, 0.0), (0.0, -1.0, 0.0), (0.0, -1.0, 0.0), (0.0, -1.0, 0.0), (0.0, -1.0, 0.0), (0.0, -1.0, 0.0), (0.0, -1.0, 0.0), (0.0, -1.0, 0.0), (0.0, -1.0, 0.0), (0.0, -1.0, 0.0), (0.0, -1.0, 0.0), (0.0, -1.0, 0.0), (0.0, -1.0, 0.0), (0.0, -1.0, 0.0), (0.0, -1.0, 0.0), (0.0, -1.0, 0.0), (0.0, -1.0, 0.0), (0.0, -1.0, 0.0), (0.0, -1.0, 0.0), (0.0, -1.0, 0.0), (0.0, -1.0, 0.0), (0.0, -1.0, 0.0), (0.0, -1.0, 0.0), (0.0, -1.0, 0.0), (0.0, -1.0, 0.0), (0.0, -1.0, 0.0), (0.0, -1.0, 0.0), (0.0, -1.0, 0.0), (0.0, -1.0, 0.0), (0.0, -1.0, 0.0), (0.0, -1.0, 0.0), (0.0, -1.0, 0.0), (0.0, -1.0, 0.0), (0.0, -1.0, 0.0), (0.0, -1.0, 0.0), (0.0, -1.0, 0.0), (0.0, -1.0, 0.0), (0.0, -1.0, 0.0), (0.0, -1.0, 0.0), (0.0, -1.0, 0.0), (0.0, -1.0, 0.0), (0.0, -1.0, 0.0), (0.0, -1.0, 0.0), (0.0, -1.0, 0.0), (0.0, -1.0, 0.0), (0.0, -1.0, 0.0), (0.0, -1.0, 0.0), (0.0, -1.0, 0.0), (0.0, -1.0, 0.0), (0.0, -1.0, 0.0), (0.0, -1.0, 0.0), (0.0, -1.0, 0.0), (0.0, -1.0, 0.0), (0.0, -1.0, 0.0), (0.0, -1.0, 0.0), (0.0, -1.0, 0.0), (0.9512363076210022, 0.30846306681632996, 0.0), (0.9484149217605591, 0.31703171133995056, 0.0), (0.9403011202812195, 0.31703171133995056, 0.12379299104213715), (0.9430983662605286, 0.30846306681632996, 0.1241612583398819), (0.9430983662605286, 0.30846306681632996, 0.1241612583398819), (0.9403011202812195, 0.31703171133995056, 0.12379299104213715), (0.9160984754562378, 0.31703171133995056, 0.24546784162521362), (0.9188237190246582, 0.30846306681632996, 0.24619807302951813), (0.9188237190246582, 0.30846306681632996, 0.24619807302951813), (0.9160984754562378, 0.31703171133995056, 0.24546784162521362), (0.8762211203575134, 0.31703171133995056, 0.3629426956176758), (0.8788277506828308, 0.30846306681632996, 0.3640223741531372), (0.8788277506828308, 0.30846306681632996, 0.3640223741531372), (0.8762211203575134, 0.31703171133995056, 0.3629426956176758), (0.8213514089584351, 0.31703171133995056, 0.47420746088027954), (0.8237948417663574, 0.30846306681632996, 0.4756181538105011), (0.8237948417663574, 0.30846306681632996, 0.4756181538105011), (0.8213514089584351, 0.31703171133995056, 0.47420746088027954), (0.7524281740188599, 0.31703171133995056, 0.5773584246635437), (0.7546665072441101, 0.30846306681632996, 0.5790759921073914), (0.7546665072441101, 0.30846306681632996, 0.5790759921073914), (0.7524281740188599, 0.31703171133995056, 0.5773584246635437), (0.6706306338310242, 0.31703171133995056, 0.6706306338310242), (0.6726256608963013, 0.30846306681632996, 0.6726256608963013), (0.6726256608963013, 0.30846306681632996, 0.6726256608963013), (0.6706306338310242, 0.31703171133995056, 0.6706306338310242), (0.5773584246635437, 0.31703171133995056, 0.7524281740188599), (0.5790759921073914, 0.30846306681632996, 0.7546665072441101), (0.5790759921073914, 0.30846306681632996, 0.7546665072441101), (0.5773584246635437, 0.31703171133995056, 0.7524281740188599), (0.47420746088027954, 0.31703171133995056, 0.8213514089584351), (0.4756181538105011, 0.30846306681632996, 0.8237948417663574), (0.4756181538105011, 0.30846306681632996, 0.8237948417663574), (0.47420746088027954, 0.31703171133995056, 0.8213514089584351), (0.3629426956176758, 0.31703171133995056, 0.8762211203575134), (0.3640223741531372, 0.30846306681632996, 0.8788277506828308), (0.3640223741531372, 0.30846306681632996, 0.8788277506828308), (0.3629426956176758, 0.31703171133995056, 0.8762211203575134), (0.24546784162521362, 0.31703171133995056, 0.9160984754562378), (0.24619807302951813, 0.30846306681632996, 0.9188237190246582), (0.24619807302951813, 0.30846306681632996, 0.9188237190246582), (0.24546784162521362, 0.31703171133995056, 0.9160984754562378), (0.12379299104213715, 0.31703171133995056, 0.9403011202812195), (0.1241612583398819, 0.30846306681632996, 0.9430983662605286), (0.1241612583398819, 0.30846306681632996, 0.9430983662605286), (0.12379299104213715, 0.31703171133995056, 0.9403011202812195), (0.0, 0.31703171133995056, 0.9484149217605591), (0.0, 0.30846306681632996, 0.9512363076210022), (0.0, 0.30846306681632996, 0.9512363076210022), (0.0, 0.31703171133995056, 0.9484149217605591), (-0.12379299104213715, 0.31703171133995056, 0.9403011202812195), (-0.1241612583398819, 0.30846306681632996, 0.9430983662605286), (-0.1241612583398819, 0.30846306681632996, 0.9430983662605286), (-0.12379299104213715, 0.31703171133995056, 0.9403011202812195), (-0.24546784162521362, 0.31703171133995056, 0.9160984754562378), (-0.24619807302951813, 0.30846306681632996, 0.9188237190246582), (-0.24619807302951813, 0.30846306681632996, 0.9188237190246582), (-0.24546784162521362, 0.31703171133995056, 0.9160984754562378), (-0.3629426956176758, 0.31703171133995056, 0.8762211203575134), (-0.3640223741531372, 0.30846306681632996, 0.8788277506828308), (-0.3640223741531372, 0.30846306681632996, 0.8788277506828308), (-0.3629426956176758, 0.31703171133995056, 0.8762211203575134), (-0.47420746088027954, 0.31703171133995056, 0.8213514089584351), (-0.4756181538105011, 0.30846306681632996, 0.8237948417663574), (-0.4756181538105011, 0.30846306681632996, 0.8237948417663574), (-0.47420746088027954, 0.31703171133995056, 0.8213514089584351), (-0.5773584246635437, 0.31703171133995056, 0.7524281740188599), (-0.5790759921073914, 0.30846306681632996, 0.7546665072441101), (-0.5790759921073914, 0.30846306681632996, 0.7546665072441101), (-0.5773584246635437, 0.31703171133995056, 0.7524281740188599), (-0.6706306338310242, 0.31703171133995056, 0.6706306338310242), (-0.6726256608963013, 0.30846306681632996, 0.6726256608963013), (-0.6726256608963013, 0.30846306681632996, 0.6726256608963013), (-0.6706306338310242, 0.31703171133995056, 0.6706306338310242), (-0.7524281740188599, 0.31703171133995056, 0.5773584246635437), (-0.7546665072441101, 0.30846306681632996, 0.5790759921073914), (-0.7546665072441101, 0.30846306681632996, 0.5790759921073914), (-0.7524281740188599, 0.31703171133995056, 0.5773584246635437), (-0.8213514089584351, 0.31703171133995056, 0.47420746088027954), (-0.8237948417663574, 0.30846306681632996, 0.4756181538105011), (-0.8237948417663574, 0.30846306681632996, 0.4756181538105011), (-0.8213514089584351, 0.31703171133995056, 0.47420746088027954), (-0.8762211203575134, 0.31703171133995056, 0.3629426956176758), (-0.8788277506828308, 0.30846306681632996, 0.3640223741531372), (-0.8788277506828308, 0.30846306681632996, 0.3640223741531372), (-0.8762211203575134, 0.31703171133995056, 0.3629426956176758), (-0.9160984754562378, 0.31703171133995056, 0.24546784162521362), (-0.9188237190246582, 0.30846306681632996, 0.24619807302951813), (-0.9188237190246582, 0.30846306681632996, 0.24619807302951813), (-0.9160984754562378, 0.31703171133995056, 0.24546784162521362), (-0.9403011202812195, 0.31703171133995056, 0.12379299104213715), (-0.9430983662605286, 0.30846306681632996, 0.1241612583398819), (-0.9430983662605286, 0.30846306681632996, 0.1241612583398819), (-0.9403011202812195, 0.31703171133995056, 0.12379299104213715), (-0.9484149217605591, 0.31703171133995056, 0.0), (-0.9512363076210022, 0.30846306681632996, 0.0), (-0.9512363076210022, 0.30846306681632996, 0.0), (-0.9484149217605591, 0.31703171133995056, 0.0), (-0.9403011202812195, 0.31703171133995056, -0.12379299104213715), (-0.9430983662605286, 0.30846306681632996, -0.1241612583398819), (-0.9430983662605286, 0.30846306681632996, -0.1241612583398819), (-0.9403011202812195, 0.31703171133995056, -0.12379299104213715), (-0.9160984754562378, 0.31703171133995056, -0.24546784162521362), (-0.9188237190246582, 0.30846306681632996, -0.24619807302951813), (-0.9188237190246582, 0.30846306681632996, -0.24619807302951813), (-0.9160984754562378, 0.31703171133995056, -0.24546784162521362), (-0.8762211203575134, 0.31703171133995056, -0.3629426956176758), (-0.8788277506828308, 0.30846306681632996, -0.3640223741531372), (-0.8788277506828308, 0.30846306681632996, -0.3640223741531372), (-0.8762211203575134, 0.31703171133995056, -0.3629426956176758), (-0.8213514089584351, 0.31703171133995056, -0.47420746088027954), (-0.8237948417663574, 0.30846306681632996, -0.4756181538105011), (-0.8237948417663574, 0.30846306681632996, -0.4756181538105011), (-0.8213514089584351, 0.31703171133995056, -0.47420746088027954), (-0.7524281740188599, 0.31703171133995056, -0.5773584246635437), (-0.7546665072441101, 0.30846306681632996, -0.5790759921073914), (-0.7546665072441101, 0.30846306681632996, -0.5790759921073914), (-0.7524281740188599, 0.31703171133995056, -0.5773584246635437), (-0.6706306338310242, 0.31703171133995056, -0.6706306338310242), (-0.6726256608963013, 0.30846306681632996, -0.6726256608963013), (-0.6726256608963013, 0.30846306681632996, -0.6726256608963013), (-0.6706306338310242, 0.31703171133995056, -0.6706306338310242), (-0.5773584246635437, 0.31703171133995056, -0.7524281740188599), (-0.5790759921073914, 0.30846306681632996, -0.7546665072441101), (-0.5790759921073914, 0.30846306681632996, -0.7546665072441101), (-0.5773584246635437, 0.31703171133995056, -0.7524281740188599), (-0.47420746088027954, 0.31703171133995056, -0.8213514089584351), (-0.4756181538105011, 0.30846306681632996, -0.8237948417663574), (-0.4756181538105011, 0.30846306681632996, -0.8237948417663574), (-0.47420746088027954, 0.31703171133995056, -0.8213514089584351), (-0.3629426956176758, 0.31703171133995056, -0.8762211203575134), (-0.3640223741531372, 0.30846306681632996, -0.8788277506828308), (-0.3640223741531372, 0.30846306681632996, -0.8788277506828308), (-0.3629426956176758, 0.31703171133995056, -0.8762211203575134), (-0.24546784162521362, 0.31703171133995056, -0.9160984754562378), (-0.24619807302951813, 0.30846306681632996, -0.9188237190246582), (-0.24619807302951813, 0.30846306681632996, -0.9188237190246582), (-0.24546784162521362, 0.31703171133995056, -0.9160984754562378), (-0.12379299104213715, 0.31703171133995056, -0.9403011202812195), (-0.1241612583398819, 0.30846306681632996, -0.9430983662605286), (-0.1241612583398819, 0.30846306681632996, -0.9430983662605286), (-0.12379299104213715, 0.31703171133995056, -0.9403011202812195), (0.0, 0.31703171133995056, -0.9484149217605591), (0.0, 0.30846306681632996, -0.9512363076210022), (0.0, 0.30846306681632996, -0.9512363076210022), (0.0, 0.31703171133995056, -0.9484149217605591), (0.12379299104213715, 0.31703171133995056, -0.9403011202812195), (0.1241612583398819, 0.30846306681632996, -0.9430983662605286), (0.1241612583398819, 0.30846306681632996, -0.9430983662605286), (0.12379299104213715, 0.31703171133995056, -0.9403011202812195), (0.24546784162521362, 0.31703171133995056, -0.9160984754562378), (0.24619807302951813, 0.30846306681632996, -0.9188237190246582), (0.24619807302951813, 0.30846306681632996, -0.9188237190246582), (0.24546784162521362, 0.31703171133995056, -0.9160984754562378), (0.3629426956176758, 0.31703171133995056, -0.8762211203575134), (0.3640223741531372, 0.30846306681632996, -0.8788277506828308), (0.3640223741531372, 0.30846306681632996, -0.8788277506828308), (0.3629426956176758, 0.31703171133995056, -0.8762211203575134), (0.47420746088027954, 0.31703171133995056, -0.8213514089584351), (0.4756181538105011, 0.30846306681632996, -0.8237948417663574), (0.4756181538105011, 0.30846306681632996, -0.8237948417663574), (0.47420746088027954, 0.31703171133995056, -0.8213514089584351), (0.5773584246635437, 0.31703171133995056, -0.7524281740188599), (0.5790759921073914, 0.30846306681632996, -0.7546665072441101), (0.5790759921073914, 0.30846306681632996, -0.7546665072441101), (0.5773584246635437, 0.31703171133995056, -0.7524281740188599), (0.6706306338310242, 0.31703171133995056, -0.6706306338310242), (0.6726256608963013, 0.30846306681632996, -0.6726256608963013), (0.6726256608963013, 0.30846306681632996, -0.6726256608963013), (0.6706306338310242, 0.31703171133995056, -0.6706306338310242), (0.7524281740188599, 0.31703171133995056, -0.5773584246635437), (0.7546665072441101, 0.30846306681632996, -0.5790759921073914), (0.7546665072441101, 0.30846306681632996, -0.5790759921073914), (0.7524281740188599, 0.31703171133995056, -0.5773584246635437), (0.8213514089584351, 0.31703171133995056, -0.47420746088027954), (0.8237948417663574, 0.30846306681632996, -0.4756181538105011), (0.8237948417663574, 0.30846306681632996, -0.4756181538105011), (0.8213514089584351, 0.31703171133995056, -0.47420746088027954), (0.8762211203575134, 0.31703171133995056, -0.3629426956176758), (0.8788277506828308, 0.30846306681632996, -0.3640223741531372), (0.8788277506828308, 0.30846306681632996, -0.3640223741531372), (0.8762211203575134, 0.31703171133995056, -0.3629426956176758), (0.9160984754562378, 0.31703171133995056, -0.24546784162521362), (0.9188237190246582, 0.30846306681632996, -0.24619807302951813), (0.9188237190246582, 0.30846306681632996, -0.24619807302951813), (0.9160984754562378, 0.31703171133995056, -0.24546784162521362), (0.9403011202812195, 0.31703171133995056, -0.12379299104213715), (0.9430983662605286, 0.30846306681632996, -0.1241612583398819), (0.9430983662605286, 0.30846306681632996, -0.1241612583398819), (0.9403011202812195, 0.31703171133995056, -0.12379299104213715), (0.9484149217605591, 0.31703171133995056, 0.0), (0.9512363076210022, 0.30846306681632996, 0.0), (0.9484149217605591, 0.31703171133995056, 0.0), (0.9421628713607788, 0.3351553678512573, 0.0), (0.9341025352478027, 0.3351553678512573, 0.12297693639993668), (0.9403011202812195, 0.31703171133995056, 0.12379299104213715), (0.9403011202812195, 0.31703171133995056, 0.12379299104213715), (0.9341025352478027, 0.3351553678512573, 0.12297693639993668), (0.9100594520568848, 0.3351553678512573, 0.24384969472885132), (0.9160984754562378, 0.31703171133995056, 0.24546784162521362), (0.9160984754562378, 0.31703171133995056, 0.24546784162521362), (0.9100594520568848, 0.3351553678512573, 0.24384969472885132), (0.8704450130462646, 0.3351553678512573, 0.3605501353740692), (0.8762211203575134, 0.31703171133995056, 0.3629426956176758), (0.8762211203575134, 0.31703171133995056, 0.3629426956176758), (0.8704450130462646, 0.3351553678512573, 0.3605501353740692), (0.8159369826316833, 0.3351553678512573, 0.4710814356803894), (0.8213514089584351, 0.31703171133995056, 0.47420746088027954), (0.8213514089584351, 0.31703171133995056, 0.47420746088027954), (0.8159369826316833, 0.3351553678512573, 0.4710814356803894), (0.7474680542945862, 0.3351553678512573, 0.5735524296760559), (0.7524281740188599, 0.31703171133995056, 0.5773584246635437), (0.7524281740188599, 0.31703171133995056, 0.5773584246635437), (0.7474680542945862, 0.3351553678512573, 0.5735524296760559), (0.6662097573280334, 0.3351553678512573, 0.6662097573280334), (0.6706306338310242, 0.31703171133995056, 0.6706306338310242), (0.6706306338310242, 0.31703171133995056, 0.6706306338310242), (0.6662097573280334, 0.3351553678512573, 0.6662097573280334), (0.5735524296760559, 0.3351553678512573, 0.7474680542945862), (0.5773584246635437, 0.31703171133995056, 0.7524281740188599), (0.5773584246635437, 0.31703171133995056, 0.7524281740188599), (0.5735524296760559, 0.3351553678512573, 0.7474680542945862), (0.4710814356803894, 0.3351553678512573, 0.8159369826316833), (0.47420746088027954, 0.31703171133995056, 0.8213514089584351), (0.47420746088027954, 0.31703171133995056, 0.8213514089584351), (0.4710814356803894, 0.3351553678512573, 0.8159369826316833), (0.3605501353740692, 0.3351553678512573, 0.8704450130462646), (0.3629426956176758, 0.31703171133995056, 0.8762211203575134), (0.3629426956176758, 0.31703171133995056, 0.8762211203575134), (0.3605501353740692, 0.3351553678512573, 0.8704450130462646), (0.24384969472885132, 0.3351553678512573, 0.9100594520568848), (0.24546784162521362, 0.31703171133995056, 0.9160984754562378), (0.24546784162521362, 0.31703171133995056, 0.9160984754562378), (0.24384969472885132, 0.3351553678512573, 0.9100594520568848), (0.12297693639993668, 0.3351553678512573, 0.9341025352478027), (0.12379299104213715, 0.31703171133995056, 0.9403011202812195), (0.12379299104213715, 0.31703171133995056, 0.9403011202812195), (0.12297693639993668, 0.3351553678512573, 0.9341025352478027), (0.0, 0.3351553678512573, 0.9421628713607788), (0.0, 0.31703171133995056, 0.9484149217605591), (0.0, 0.31703171133995056, 0.9484149217605591), (0.0, 0.3351553678512573, 0.9421628713607788), (-0.12297693639993668, 0.3351553678512573, 0.9341025352478027), (-0.12379299104213715, 0.31703171133995056, 0.9403011202812195), (-0.12379299104213715, 0.31703171133995056, 0.9403011202812195), (-0.12297693639993668, 0.3351553678512573, 0.9341025352478027), (-0.24384969472885132, 0.3351553678512573, 0.9100594520568848), (-0.24546784162521362, 0.31703171133995056, 0.9160984754562378), (-0.24546784162521362, 0.31703171133995056, 0.9160984754562378), (-0.24384969472885132, 0.3351553678512573, 0.9100594520568848), (-0.3605501353740692, 0.3351553678512573, 0.8704450130462646), (-0.3629426956176758, 0.31703171133995056, 0.8762211203575134), (-0.3629426956176758, 0.31703171133995056, 0.8762211203575134), (-0.3605501353740692, 0.3351553678512573, 0.8704450130462646), (-0.4710814356803894, 0.3351553678512573, 0.8159369826316833), (-0.47420746088027954, 0.31703171133995056, 0.8213514089584351), (-0.47420746088027954, 0.31703171133995056, 0.8213514089584351), (-0.4710814356803894, 0.3351553678512573, 0.8159369826316833), (-0.5735524296760559, 0.3351553678512573, 0.7474680542945862), (-0.5773584246635437, 0.31703171133995056, 0.7524281740188599), (-0.5773584246635437, 0.31703171133995056, 0.7524281740188599), (-0.5735524296760559, 0.3351553678512573, 0.7474680542945862), (-0.6662097573280334, 0.3351553678512573, 0.6662097573280334), (-0.6706306338310242, 0.31703171133995056, 0.6706306338310242), (-0.6706306338310242, 0.31703171133995056, 0.6706306338310242), (-0.6662097573280334, 0.3351553678512573, 0.6662097573280334), (-0.7474680542945862, 0.3351553678512573, 0.5735524296760559), (-0.7524281740188599, 0.31703171133995056, 0.5773584246635437), (-0.7524281740188599, 0.31703171133995056, 0.5773584246635437), (-0.7474680542945862, 0.3351553678512573, 0.5735524296760559), (-0.8159369826316833, 0.3351553678512573, 0.4710814356803894), (-0.8213514089584351, 0.31703171133995056, 0.47420746088027954), (-0.8213514089584351, 0.31703171133995056, 0.47420746088027954), (-0.8159369826316833, 0.3351553678512573, 0.4710814356803894), (-0.8704450130462646, 0.3351553678512573, 0.3605501353740692), (-0.8762211203575134, 0.31703171133995056, 0.3629426956176758), (-0.8762211203575134, 0.31703171133995056, 0.3629426956176758), (-0.8704450130462646, 0.3351553678512573, 0.3605501353740692), (-0.9100594520568848, 0.3351553678512573, 0.24384969472885132), (-0.9160984754562378, 0.31703171133995056, 0.24546784162521362), (-0.9160984754562378, 0.31703171133995056, 0.24546784162521362), (-0.9100594520568848, 0.3351553678512573, 0.24384969472885132), (-0.9341025352478027, 0.3351553678512573, 0.12297693639993668), (-0.9403011202812195, 0.31703171133995056, 0.12379299104213715), (-0.9403011202812195, 0.31703171133995056, 0.12379299104213715), (-0.9341025352478027, 0.3351553678512573, 0.12297693639993668), (-0.9421628713607788, 0.3351553678512573, 0.0), (-0.9484149217605591, 0.31703171133995056, 0.0), (-0.9484149217605591, 0.31703171133995056, 0.0), (-0.9421628713607788, 0.3351553678512573, 0.0), (-0.9341025352478027, 0.3351553678512573, -0.12297693639993668), (-0.9403011202812195, 0.31703171133995056, -0.12379299104213715), (-0.9403011202812195, 0.31703171133995056, -0.12379299104213715), (-0.9341025352478027, 0.3351553678512573, -0.12297693639993668), (-0.9100594520568848, 0.3351553678512573, -0.24384969472885132), (-0.9160984754562378, 0.31703171133995056, -0.24546784162521362), (-0.9160984754562378, 0.31703171133995056, -0.24546784162521362), (-0.9100594520568848, 0.3351553678512573, -0.24384969472885132), (-0.8704450130462646, 0.3351553678512573, -0.3605501353740692), (-0.8762211203575134, 0.31703171133995056, -0.3629426956176758), (-0.8762211203575134, 0.31703171133995056, -0.3629426956176758), (-0.8704450130462646, 0.3351553678512573, -0.3605501353740692), (-0.8159369826316833, 0.3351553678512573, -0.4710814356803894), (-0.8213514089584351, 0.31703171133995056, -0.47420746088027954), (-0.8213514089584351, 0.31703171133995056, -0.47420746088027954), (-0.8159369826316833, 0.3351553678512573, -0.4710814356803894), (-0.7474680542945862, 0.3351553678512573, -0.5735524296760559), (-0.7524281740188599, 0.31703171133995056, -0.5773584246635437), (-0.7524281740188599, 0.31703171133995056, -0.5773584246635437), (-0.7474680542945862, 0.3351553678512573, -0.5735524296760559), (-0.6662097573280334, 0.3351553678512573, -0.6662097573280334), (-0.6706306338310242, 0.31703171133995056, -0.6706306338310242), (-0.6706306338310242, 0.31703171133995056, -0.6706306338310242), (-0.6662097573280334, 0.3351553678512573, -0.6662097573280334), (-0.5735524296760559, 0.3351553678512573, -0.7474680542945862), (-0.5773584246635437, 0.31703171133995056, -0.7524281740188599), (-0.5773584246635437, 0.31703171133995056, -0.7524281740188599), (-0.5735524296760559, 0.3351553678512573, -0.7474680542945862), (-0.4710814356803894, 0.3351553678512573, -0.8159369826316833), (-0.47420746088027954, 0.31703171133995056, -0.8213514089584351), (-0.47420746088027954, 0.31703171133995056, -0.8213514089584351), (-0.4710814356803894, 0.3351553678512573, -0.8159369826316833), (-0.3605501353740692, 0.3351553678512573, -0.8704450130462646), (-0.3629426956176758, 0.31703171133995056, -0.8762211203575134), (-0.3629426956176758, 0.31703171133995056, -0.8762211203575134), (-0.3605501353740692, 0.3351553678512573, -0.8704450130462646), (-0.24384969472885132, 0.3351553678512573, -0.9100594520568848), (-0.24546784162521362, 0.31703171133995056, -0.9160984754562378), (-0.24546784162521362, 0.31703171133995056, -0.9160984754562378), (-0.24384969472885132, 0.3351553678512573, -0.9100594520568848), (-0.12297693639993668, 0.3351553678512573, -0.9341025352478027), (-0.12379299104213715, 0.31703171133995056, -0.9403011202812195), (-0.12379299104213715, 0.31703171133995056, -0.9403011202812195), (-0.12297693639993668, 0.3351553678512573, -0.9341025352478027), (0.0, 0.3351553678512573, -0.9421628713607788), (0.0, 0.31703171133995056, -0.9484149217605591), (0.0, 0.31703171133995056, -0.9484149217605591), (0.0, 0.3351553678512573, -0.9421628713607788), (0.12297693639993668, 0.3351553678512573, -0.9341025352478027), (0.12379299104213715, 0.31703171133995056, -0.9403011202812195), (0.12379299104213715, 0.31703171133995056, -0.9403011202812195), (0.12297693639993668, 0.3351553678512573, -0.9341025352478027), (0.24384969472885132, 0.3351553678512573, -0.9100594520568848), (0.24546784162521362, 0.31703171133995056, -0.9160984754562378), (0.24546784162521362, 0.31703171133995056, -0.9160984754562378), (0.24384969472885132, 0.3351553678512573, -0.9100594520568848), (0.3605501353740692, 0.3351553678512573, -0.8704450130462646), (0.3629426956176758, 0.31703171133995056, -0.8762211203575134), (0.3629426956176758, 0.31703171133995056, -0.8762211203575134), (0.3605501353740692, 0.3351553678512573, -0.8704450130462646), (0.4710814356803894, 0.3351553678512573, -0.8159369826316833), (0.47420746088027954, 0.31703171133995056, -0.8213514089584351), (0.47420746088027954, 0.31703171133995056, -0.8213514089584351), (0.4710814356803894, 0.3351553678512573, -0.8159369826316833), (0.5735524296760559, 0.3351553678512573, -0.7474680542945862), (0.5773584246635437, 0.31703171133995056, -0.7524281740188599), (0.5773584246635437, 0.31703171133995056, -0.7524281740188599), (0.5735524296760559, 0.3351553678512573, -0.7474680542945862), (0.6662097573280334, 0.3351553678512573, -0.6662097573280334), (0.6706306338310242, 0.31703171133995056, -0.6706306338310242), (0.6706306338310242, 0.31703171133995056, -0.6706306338310242), (0.6662097573280334, 0.3351553678512573, -0.6662097573280334), (0.7474680542945862, 0.3351553678512573, -0.5735524296760559), (0.7524281740188599, 0.31703171133995056, -0.5773584246635437), (0.7524281740188599, 0.31703171133995056, -0.5773584246635437), (0.7474680542945862, 0.3351553678512573, -0.5735524296760559), (0.8159369826316833, 0.3351553678512573, -0.4710814356803894), (0.8213514089584351, 0.31703171133995056, -0.47420746088027954), (0.8213514089584351, 0.31703171133995056, -0.47420746088027954), (0.8159369826316833, 0.3351553678512573, -0.4710814356803894), (0.8704450130462646, 0.3351553678512573, -0.3605501353740692), (0.8762211203575134, 0.31703171133995056, -0.3629426956176758), (0.8762211203575134, 0.31703171133995056, -0.3629426956176758), (0.8704450130462646, 0.3351553678512573, -0.3605501353740692), (0.9100594520568848, 0.3351553678512573, -0.24384969472885132), (0.9160984754562378, 0.31703171133995056, -0.24546784162521362), (0.9160984754562378, 0.31703171133995056, -0.24546784162521362), (0.9100594520568848, 0.3351553678512573, -0.24384969472885132), (0.9341025352478027, 0.3351553678512573, -0.12297693639993668), (0.9403011202812195, 0.31703171133995056, -0.12379299104213715), (0.9403011202812195, 0.31703171133995056, -0.12379299104213715), (0.9341025352478027, 0.3351553678512573, -0.12297693639993668), (0.9421628713607788, 0.3351553678512573, 0.0), (0.9484149217605591, 0.31703171133995056, 0.0), (0.9421628713607788, 0.3351553678512573, 0.0), (0.934685230255127, 0.3554764986038208, 0.0), (0.9266888499259949, 0.3554764986038208, 0.12200090289115906), (0.9341025352478027, 0.3351553678512573, 0.12297693639993668), (0.9341025352478027, 0.3351553678512573, 0.12297693639993668), (0.9266888499259949, 0.3554764986038208, 0.12200090289115906), (0.9028366208076477, 0.3554764986038208, 0.24191433191299438), (0.9100594520568848, 0.3351553678512573, 0.24384969472885132), (0.9100594520568848, 0.3351553678512573, 0.24384969472885132), (0.9028366208076477, 0.3554764986038208, 0.24191433191299438), (0.863536536693573, 0.3554764986038208, 0.3576885461807251), (0.8704450130462646, 0.3351553678512573, 0.3605501353740692), (0.8704450130462646, 0.3351553678512573, 0.3605501353740692), (0.863536536693573, 0.3554764986038208, 0.3576885461807251), (0.8094611763954163, 0.3554764986038208, 0.4673426151275635), (0.8159369826316833, 0.3351553678512573, 0.4710814356803894), (0.8159369826316833, 0.3351553678512573, 0.4710814356803894), (0.8094611763954163, 0.3554764986038208, 0.4673426151275635), (0.7415356636047363, 0.3554764986038208, 0.5690003037452698), (0.7474680542945862, 0.3351553678512573, 0.5735524296760559), (0.7474680542945862, 0.3351553678512573, 0.5735524296760559), (0.7415356636047363, 0.3554764986038208, 0.5690003037452698), (0.6609222292900085, 0.3554764986038208, 0.6609222292900085), (0.6662097573280334, 0.3351553678512573, 0.6662097573280334), (0.6662097573280334, 0.3351553678512573, 0.6662097573280334), (0.6609222292900085, 0.3554764986038208, 0.6609222292900085), (0.5690003037452698, 0.3554764986038208, 0.7415356636047363), (0.5735524296760559, 0.3351553678512573, 0.7474680542945862), (0.5735524296760559, 0.3351553678512573, 0.7474680542945862), (0.5690003037452698, 0.3554764986038208, 0.7415356636047363), (0.4673426151275635, 0.3554764986038208, 0.8094611763954163), (0.4710814356803894, 0.3351553678512573, 0.8159369826316833), (0.4710814356803894, 0.3351553678512573, 0.8159369826316833), (0.4673426151275635, 0.3554764986038208, 0.8094611763954163), (0.3576885461807251, 0.3554764986038208, 0.863536536693573), (0.3605501353740692, 0.3351553678512573, 0.8704450130462646), (0.3605501353740692, 0.3351553678512573, 0.8704450130462646), (0.3576885461807251, 0.3554764986038208, 0.863536536693573), (0.24191433191299438, 0.3554764986038208, 0.9028366208076477), (0.24384969472885132, 0.3351553678512573, 0.9100594520568848), (0.24384969472885132, 0.3351553678512573, 0.9100594520568848), (0.24191433191299438, 0.3554764986038208, 0.9028366208076477), (0.12200090289115906, 0.3554764986038208, 0.9266888499259949), (0.12297693639993668, 0.3351553678512573, 0.9341025352478027), (0.12297693639993668, 0.3351553678512573, 0.9341025352478027), (0.12200090289115906, 0.3554764986038208, 0.9266888499259949), (0.0, 0.3554764986038208, 0.934685230255127), (0.0, 0.3351553678512573, 0.9421628713607788), (0.0, 0.3351553678512573, 0.9421628713607788), (0.0, 0.3554764986038208, 0.934685230255127), (-0.12200090289115906, 0.3554764986038208, 0.9266888499259949), (-0.12297693639993668, 0.3351553678512573, 0.9341025352478027), (-0.12297693639993668, 0.3351553678512573, 0.9341025352478027), (-0.12200090289115906, 0.3554764986038208, 0.9266888499259949), (-0.24191433191299438, 0.3554764986038208, 0.9028366208076477), (-0.24384969472885132, 0.3351553678512573, 0.9100594520568848), (-0.24384969472885132, 0.3351553678512573, 0.9100594520568848), (-0.24191433191299438, 0.3554764986038208, 0.9028366208076477), (-0.3576885461807251, 0.3554764986038208, 0.863536536693573), (-0.3605501353740692, 0.3351553678512573, 0.8704450130462646), (-0.3605501353740692, 0.3351553678512573, 0.8704450130462646), (-0.3576885461807251, 0.3554764986038208, 0.863536536693573), (-0.4673426151275635, 0.3554764986038208, 0.8094611763954163), (-0.4710814356803894, 0.3351553678512573, 0.8159369826316833), (-0.4710814356803894, 0.3351553678512573, 0.8159369826316833), (-0.4673426151275635, 0.3554764986038208, 0.8094611763954163), (-0.5690003037452698, 0.3554764986038208, 0.7415356636047363), (-0.5735524296760559, 0.3351553678512573, 0.7474680542945862), (-0.5735524296760559, 0.3351553678512573, 0.7474680542945862), (-0.5690003037452698, 0.3554764986038208, 0.7415356636047363), (-0.6609222292900085, 0.3554764986038208, 0.6609222292900085), (-0.6662097573280334, 0.3351553678512573, 0.6662097573280334), (-0.6662097573280334, 0.3351553678512573, 0.6662097573280334), (-0.6609222292900085, 0.3554764986038208, 0.6609222292900085), (-0.7415356636047363, 0.3554764986038208, 0.5690003037452698), (-0.7474680542945862, 0.3351553678512573, 0.5735524296760559), (-0.7474680542945862, 0.3351553678512573, 0.5735524296760559), (-0.7415356636047363, 0.3554764986038208, 0.5690003037452698), (-0.8094611763954163, 0.3554764986038208, 0.4673426151275635), (-0.8159369826316833, 0.3351553678512573, 0.4710814356803894), (-0.8159369826316833, 0.3351553678512573, 0.4710814356803894), (-0.8094611763954163, 0.3554764986038208, 0.4673426151275635), (-0.863536536693573, 0.3554764986038208, 0.3576885461807251), (-0.8704450130462646, 0.3351553678512573, 0.3605501353740692), (-0.8704450130462646, 0.3351553678512573, 0.3605501353740692), (-0.863536536693573, 0.3554764986038208, 0.3576885461807251), (-0.9028366208076477, 0.3554764986038208, 0.24191433191299438), (-0.9100594520568848, 0.3351553678512573, 0.24384969472885132), (-0.9100594520568848, 0.3351553678512573, 0.24384969472885132), (-0.9028366208076477, 0.3554764986038208, 0.24191433191299438), (-0.9266888499259949, 0.3554764986038208, 0.12200090289115906), (-0.9341025352478027, 0.3351553678512573, 0.12297693639993668), (-0.9341025352478027, 0.3351553678512573, 0.12297693639993668), (-0.9266888499259949, 0.3554764986038208, 0.12200090289115906), (-0.934685230255127, 0.3554764986038208, 0.0), (-0.9421628713607788, 0.3351553678512573, 0.0), (-0.9421628713607788, 0.3351553678512573, 0.0), (-0.934685230255127, 0.3554764986038208, 0.0), (-0.9266888499259949, 0.3554764986038208, -0.12200090289115906), (-0.9341025352478027, 0.3351553678512573, -0.12297693639993668), (-0.9341025352478027, 0.3351553678512573, -0.12297693639993668), (-0.9266888499259949, 0.3554764986038208, -0.12200090289115906), (-0.9028366208076477, 0.3554764986038208, -0.24191433191299438), (-0.9100594520568848, 0.3351553678512573, -0.24384969472885132), (-0.9100594520568848, 0.3351553678512573, -0.24384969472885132), (-0.9028366208076477, 0.3554764986038208, -0.24191433191299438), (-0.863536536693573, 0.3554764986038208, -0.3576885461807251), (-0.8704450130462646, 0.3351553678512573, -0.3605501353740692), (-0.8704450130462646, 0.3351553678512573, -0.3605501353740692), (-0.863536536693573, 0.3554764986038208, -0.3576885461807251), (-0.8094611763954163, 0.3554764986038208, -0.4673426151275635), (-0.8159369826316833, 0.3351553678512573, -0.4710814356803894), (-0.8159369826316833, 0.3351553678512573, -0.4710814356803894), (-0.8094611763954163, 0.3554764986038208, -0.4673426151275635), (-0.7415356636047363, 0.3554764986038208, -0.5690003037452698), (-0.7474680542945862, 0.3351553678512573, -0.5735524296760559), (-0.7474680542945862, 0.3351553678512573, -0.5735524296760559), (-0.7415356636047363, 0.3554764986038208, -0.5690003037452698), (-0.6609222292900085, 0.3554764986038208, -0.6609222292900085), (-0.6662097573280334, 0.3351553678512573, -0.6662097573280334), (-0.6662097573280334, 0.3351553678512573, -0.6662097573280334), (-0.6609222292900085, 0.3554764986038208, -0.6609222292900085), (-0.5690003037452698, 0.3554764986038208, -0.7415356636047363), (-0.5735524296760559, 0.3351553678512573, -0.7474680542945862), (-0.5735524296760559, 0.3351553678512573, -0.7474680542945862), (-0.5690003037452698, 0.3554764986038208, -0.7415356636047363), (-0.4673426151275635, 0.3554764986038208, -0.8094611763954163), (-0.4710814356803894, 0.3351553678512573, -0.8159369826316833), (-0.4710814356803894, 0.3351553678512573, -0.8159369826316833), (-0.4673426151275635, 0.3554764986038208, -0.8094611763954163), (-0.3576885461807251, 0.3554764986038208, -0.863536536693573), (-0.3605501353740692, 0.3351553678512573, -0.8704450130462646), (-0.3605501353740692, 0.3351553678512573, -0.8704450130462646), (-0.3576885461807251, 0.3554764986038208, -0.863536536693573), (-0.24191433191299438, 0.3554764986038208, -0.9028366208076477), (-0.24384969472885132, 0.3351553678512573, -0.9100594520568848), (-0.24384969472885132, 0.3351553678512573, -0.9100594520568848), (-0.24191433191299438, 0.3554764986038208, -0.9028366208076477), (-0.12200090289115906, 0.3554764986038208, -0.9266888499259949), (-0.12297693639993668, 0.3351553678512573, -0.9341025352478027), (-0.12297693639993668, 0.3351553678512573, -0.9341025352478027), (-0.12200090289115906, 0.3554764986038208, -0.9266888499259949), (0.0, 0.3554764986038208, -0.934685230255127), (0.0, 0.3351553678512573, -0.9421628713607788), (0.0, 0.3351553678512573, -0.9421628713607788), (0.0, 0.3554764986038208, -0.934685230255127), (0.12200090289115906, 0.3554764986038208, -0.9266888499259949), (0.12297693639993668, 0.3351553678512573, -0.9341025352478027), (0.12297693639993668, 0.3351553678512573, -0.9341025352478027), (0.12200090289115906, 0.3554764986038208, -0.9266888499259949), (0.24191433191299438, 0.3554764986038208, -0.9028366208076477), (0.24384969472885132, 0.3351553678512573, -0.9100594520568848), (0.24384969472885132, 0.3351553678512573, -0.9100594520568848), (0.24191433191299438, 0.3554764986038208, -0.9028366208076477), (0.3576885461807251, 0.3554764986038208, -0.863536536693573), (0.3605501353740692, 0.3351553678512573, -0.8704450130462646), (0.3605501353740692, 0.3351553678512573, -0.8704450130462646), (0.3576885461807251, 0.3554764986038208, -0.863536536693573), (0.4673426151275635, 0.3554764986038208, -0.8094611763954163), (0.4710814356803894, 0.3351553678512573, -0.8159369826316833), (0.4710814356803894, 0.3351553678512573, -0.8159369826316833), (0.4673426151275635, 0.3554764986038208, -0.8094611763954163), (0.5690003037452698, 0.3554764986038208, -0.7415356636047363), (0.5735524296760559, 0.3351553678512573, -0.7474680542945862), (0.5735524296760559, 0.3351553678512573, -0.7474680542945862), (0.5690003037452698, 0.3554764986038208, -0.7415356636047363), (0.6609222292900085, 0.3554764986038208, -0.6609222292900085), (0.6662097573280334, 0.3351553678512573, -0.6662097573280334), (0.6662097573280334, 0.3351553678512573, -0.6662097573280334), (0.6609222292900085, 0.3554764986038208, -0.6609222292900085), (0.7415356636047363, 0.3554764986038208, -0.5690003037452698), (0.7474680542945862, 0.3351553678512573, -0.5735524296760559), (0.7474680542945862, 0.3351553678512573, -0.5735524296760559), (0.7415356636047363, 0.3554764986038208, -0.5690003037452698), (0.8094611763954163, 0.3554764986038208, -0.4673426151275635), (0.8159369826316833, 0.3351553678512573, -0.4710814356803894), (0.8159369826316833, 0.3351553678512573, -0.4710814356803894), (0.8094611763954163, 0.3554764986038208, -0.4673426151275635), (0.863536536693573, 0.3554764986038208, -0.3576885461807251), (0.8704450130462646, 0.3351553678512573, -0.3605501353740692), (0.8704450130462646, 0.3351553678512573, -0.3605501353740692), (0.863536536693573, 0.3554764986038208, -0.3576885461807251), (0.9028366208076477, 0.3554764986038208, -0.24191433191299438), (0.9100594520568848, 0.3351553678512573, -0.24384969472885132), (0.9100594520568848, 0.3351553678512573, -0.24384969472885132), (0.9028366208076477, 0.3554764986038208, -0.24191433191299438), (0.9266888499259949, 0.3554764986038208, -0.12200090289115906), (0.9341025352478027, 0.3351553678512573, -0.12297693639993668), (0.9341025352478027, 0.3351553678512573, -0.12297693639993668), (0.9266888499259949, 0.3554764986038208, -0.12200090289115906), (0.934685230255127, 0.3554764986038208, 0.0), (0.9421628713607788, 0.3351553678512573, 0.0), (0.934685230255127, 0.3554764986038208, 0.0), (0.9256435036659241, 0.3783967196941376, 0.0), (0.9177244901657104, 0.3783967196941376, 0.12082072347402573), (0.9266888499259949, 0.3554764986038208, 0.12200090289115906), (0.9266888499259949, 0.3554764986038208, 0.12200090289115906), (0.9177244901657104, 0.3783967196941376, 0.12082072347402573), (0.8941029906272888, 0.3783967196941376, 0.23957417905330658), (0.9028366208076477, 0.3554764986038208, 0.24191433191299438), (0.9028366208076477, 0.3554764986038208, 0.24191433191299438), (0.8941029906272888, 0.3783967196941376, 0.23957417905330658), (0.8551831245422363, 0.3783967196941376, 0.3542284369468689), (0.863536536693573, 0.3554764986038208, 0.3576885461807251), (0.863536536693573, 0.3554764986038208, 0.3576885461807251), (0.8551831245422363, 0.3783967196941376, 0.3542284369468689), (0.8016307950019836, 0.3783967196941376, 0.46282175183296204), (0.8094611763954163, 0.3554764986038208, 0.4673426151275635), (0.8094611763954163, 0.3554764986038208, 0.4673426151275635), (0.8016307950019836, 0.3783967196941376, 0.46282175183296204), (0.7343623638153076, 0.3783967196941376, 0.5634960532188416), (0.7415356636047363, 0.3554764986038208, 0.5690003037452698), (0.7415356636047363, 0.3554764986038208, 0.5690003037452698), (0.7343623638153076, 0.3783967196941376, 0.5634960532188416), (0.654528796672821, 0.3783967196941376, 0.654528796672821), (0.6609222292900085, 0.3554764986038208, 0.6609222292900085), (0.6609222292900085, 0.3554764986038208, 0.6609222292900085), (0.654528796672821, 0.3783967196941376, 0.654528796672821), (0.5634960532188416, 0.3783967196941376, 0.7343623638153076), (0.5690003037452698, 0.3554764986038208, 0.7415356636047363), (0.5690003037452698, 0.3554764986038208, 0.7415356636047363), (0.5634960532188416, 0.3783967196941376, 0.7343623638153076), (0.46282175183296204, 0.3783967196941376, 0.8016307950019836), (0.4673426151275635, 0.3554764986038208, 0.8094611763954163), (0.4673426151275635, 0.3554764986038208, 0.8094611763954163), (0.46282175183296204, 0.3783967196941376, 0.8016307950019836), (0.3542284369468689, 0.3783967196941376, 0.8551831245422363), (0.3576885461807251, 0.3554764986038208, 0.863536536693573), (0.3576885461807251, 0.3554764986038208, 0.863536536693573), (0.3542284369468689, 0.3783967196941376, 0.8551831245422363), (0.23957417905330658, 0.3783967196941376, 0.8941029906272888), (0.24191433191299438, 0.3554764986038208, 0.9028366208076477), (0.24191433191299438, 0.3554764986038208, 0.9028366208076477), (0.23957417905330658, 0.3783967196941376, 0.8941029906272888), (0.12082072347402573, 0.3783967196941376, 0.9177244901657104), (0.12200090289115906, 0.3554764986038208, 0.9266888499259949), (0.12200090289115906, 0.3554764986038208, 0.9266888499259949), (0.12082072347402573, 0.3783967196941376, 0.9177244901657104), (0.0, 0.3783967196941376, 0.9256435036659241), (0.0, 0.3554764986038208, 0.934685230255127), (0.0, 0.3554764986038208, 0.934685230255127), (0.0, 0.3783967196941376, 0.9256435036659241), (-0.12082072347402573, 0.3783967196941376, 0.9177244901657104), (-0.12200090289115906, 0.3554764986038208, 0.9266888499259949), (-0.12200090289115906, 0.3554764986038208, 0.9266888499259949), (-0.12082072347402573, 0.3783967196941376, 0.9177244901657104), (-0.23957417905330658, 0.3783967196941376, 0.8941029906272888), (-0.24191433191299438, 0.3554764986038208, 0.9028366208076477), (-0.24191433191299438, 0.3554764986038208, 0.9028366208076477), (-0.23957417905330658, 0.3783967196941376, 0.8941029906272888), (-0.3542284369468689, 0.3783967196941376, 0.8551831245422363), (-0.3576885461807251, 0.3554764986038208, 0.863536536693573), (-0.3576885461807251, 0.3554764986038208, 0.863536536693573), (-0.3542284369468689, 0.3783967196941376, 0.8551831245422363), (-0.46282175183296204, 0.3783967196941376, 0.8016307950019836), (-0.4673426151275635, 0.3554764986038208, 0.8094611763954163), (-0.4673426151275635, 0.3554764986038208, 0.8094611763954163), (-0.46282175183296204, 0.3783967196941376, 0.8016307950019836), (-0.5634960532188416, 0.3783967196941376, 0.7343623638153076), (-0.5690003037452698, 0.3554764986038208, 0.7415356636047363), (-0.5690003037452698, 0.3554764986038208, 0.7415356636047363), (-0.5634960532188416, 0.3783967196941376, 0.7343623638153076), (-0.654528796672821, 0.3783967196941376, 0.654528796672821), (-0.6609222292900085, 0.3554764986038208, 0.6609222292900085), (-0.6609222292900085, 0.3554764986038208, 0.6609222292900085), (-0.654528796672821, 0.3783967196941376, 0.654528796672821), (-0.7343623638153076, 0.3783967196941376, 0.5634960532188416), (-0.7415356636047363, 0.3554764986038208, 0.5690003037452698), (-0.7415356636047363, 0.3554764986038208, 0.5690003037452698), (-0.7343623638153076, 0.3783967196941376, 0.5634960532188416), (-0.8016307950019836, 0.3783967196941376, 0.46282175183296204), (-0.8094611763954163, 0.3554764986038208, 0.4673426151275635), (-0.8094611763954163, 0.3554764986038208, 0.4673426151275635), (-0.8016307950019836, 0.3783967196941376, 0.46282175183296204), (-0.8551831245422363, 0.3783967196941376, 0.3542284369468689), (-0.863536536693573, 0.3554764986038208, 0.3576885461807251), (-0.863536536693573, 0.3554764986038208, 0.3576885461807251), (-0.8551831245422363, 0.3783967196941376, 0.3542284369468689), (-0.8941029906272888, 0.3783967196941376, 0.23957417905330658), (-0.9028366208076477, 0.3554764986038208, 0.24191433191299438), (-0.9028366208076477, 0.3554764986038208, 0.24191433191299438), (-0.8941029906272888, 0.3783967196941376, 0.23957417905330658), (-0.9177244901657104, 0.3783967196941376, 0.12082072347402573), (-0.9266888499259949, 0.3554764986038208, 0.12200090289115906), (-0.9266888499259949, 0.3554764986038208, 0.12200090289115906), (-0.9177244901657104, 0.3783967196941376, 0.12082072347402573), (-0.9256435036659241, 0.3783967196941376, 0.0), (-0.934685230255127, 0.3554764986038208, 0.0), (-0.934685230255127, 0.3554764986038208, 0.0), (-0.9256435036659241, 0.3783967196941376, 0.0), (-0.9177244901657104, 0.3783967196941376, -0.12082072347402573), (-0.9266888499259949, 0.3554764986038208, -0.12200090289115906), (-0.9266888499259949, 0.3554764986038208, -0.12200090289115906), (-0.9177244901657104, 0.3783967196941376, -0.12082072347402573), (-0.8941029906272888, 0.3783967196941376, -0.23957417905330658), (-0.9028366208076477, 0.3554764986038208, -0.24191433191299438), (-0.9028366208076477, 0.3554764986038208, -0.24191433191299438), (-0.8941029906272888, 0.3783967196941376, -0.23957417905330658), (-0.8551831245422363, 0.3783967196941376, -0.3542284369468689), (-0.863536536693573, 0.3554764986038208, -0.3576885461807251), (-0.863536536693573, 0.3554764986038208, -0.3576885461807251), (-0.8551831245422363, 0.3783967196941376, -0.3542284369468689), (-0.8016307950019836, 0.3783967196941376, -0.46282175183296204), (-0.8094611763954163, 0.3554764986038208, -0.4673426151275635), (-0.8094611763954163, 0.3554764986038208, -0.4673426151275635), (-0.8016307950019836, 0.3783967196941376, -0.46282175183296204), (-0.7343623638153076, 0.3783967196941376, -0.5634960532188416), (-0.7415356636047363, 0.3554764986038208, -0.5690003037452698), (-0.7415356636047363, 0.3554764986038208, -0.5690003037452698), (-0.7343623638153076, 0.3783967196941376, -0.5634960532188416), (-0.654528796672821, 0.3783967196941376, -0.654528796672821), (-0.6609222292900085, 0.3554764986038208, -0.6609222292900085), (-0.6609222292900085, 0.3554764986038208, -0.6609222292900085), (-0.654528796672821, 0.3783967196941376, -0.654528796672821), (-0.5634960532188416, 0.3783967196941376, -0.7343623638153076), (-0.5690003037452698, 0.3554764986038208, -0.7415356636047363), (-0.5690003037452698, 0.3554764986038208, -0.7415356636047363), (-0.5634960532188416, 0.3783967196941376, -0.7343623638153076), (-0.46282175183296204, 0.3783967196941376, -0.8016307950019836), (-0.4673426151275635, 0.3554764986038208, -0.8094611763954163), (-0.4673426151275635, 0.3554764986038208, -0.8094611763954163), (-0.46282175183296204, 0.3783967196941376, -0.8016307950019836), (-0.3542284369468689, 0.3783967196941376, -0.8551831245422363), (-0.3576885461807251, 0.3554764986038208, -0.863536536693573), (-0.3576885461807251, 0.3554764986038208, -0.863536536693573), (-0.3542284369468689, 0.3783967196941376, -0.8551831245422363), (-0.23957417905330658, 0.3783967196941376, -0.8941029906272888), (-0.24191433191299438, 0.3554764986038208, -0.9028366208076477), (-0.24191433191299438, 0.3554764986038208, -0.9028366208076477), (-0.23957417905330658, 0.3783967196941376, -0.8941029906272888), (-0.12082072347402573, 0.3783967196941376, -0.9177244901657104), (-0.12200090289115906, 0.3554764986038208, -0.9266888499259949), (-0.12200090289115906, 0.3554764986038208, -0.9266888499259949), (-0.12082072347402573, 0.3783967196941376, -0.9177244901657104), (0.0, 0.3783967196941376, -0.9256435036659241), (0.0, 0.3554764986038208, -0.934685230255127), (0.0, 0.3554764986038208, -0.934685230255127), (0.0, 0.3783967196941376, -0.9256435036659241), (0.12082072347402573, 0.3783967196941376, -0.9177244901657104), (0.12200090289115906, 0.3554764986038208, -0.9266888499259949), (0.12200090289115906, 0.3554764986038208, -0.9266888499259949), (0.12082072347402573, 0.3783967196941376, -0.9177244901657104), (0.23957417905330658, 0.3783967196941376, -0.8941029906272888), (0.24191433191299438, 0.3554764986038208, -0.9028366208076477), (0.24191433191299438, 0.3554764986038208, -0.9028366208076477), (0.23957417905330658, 0.3783967196941376, -0.8941029906272888), (0.3542284369468689, 0.3783967196941376, -0.8551831245422363), (0.3576885461807251, 0.3554764986038208, -0.863536536693573), (0.3576885461807251, 0.3554764986038208, -0.863536536693573), (0.3542284369468689, 0.3783967196941376, -0.8551831245422363), (0.46282175183296204, 0.3783967196941376, -0.8016307950019836), (0.4673426151275635, 0.3554764986038208, -0.8094611763954163), (0.4673426151275635, 0.3554764986038208, -0.8094611763954163), (0.46282175183296204, 0.3783967196941376, -0.8016307950019836), (0.5634960532188416, 0.3783967196941376, -0.7343623638153076), (0.5690003037452698, 0.3554764986038208, -0.7415356636047363), (0.5690003037452698, 0.3554764986038208, -0.7415356636047363), (0.5634960532188416, 0.3783967196941376, -0.7343623638153076), (0.654528796672821, 0.3783967196941376, -0.654528796672821), (0.6609222292900085, 0.3554764986038208, -0.6609222292900085), (0.6609222292900085, 0.3554764986038208, -0.6609222292900085), (0.654528796672821, 0.3783967196941376, -0.654528796672821), (0.7343623638153076, 0.3783967196941376, -0.5634960532188416), (0.7415356636047363, 0.3554764986038208, -0.5690003037452698), (0.7415356636047363, 0.3554764986038208, -0.5690003037452698), (0.7343623638153076, 0.3783967196941376, -0.5634960532188416), (0.8016307950019836, 0.3783967196941376, -0.46282175183296204), (0.8094611763954163, 0.3554764986038208, -0.4673426151275635), (0.8094611763954163, 0.3554764986038208, -0.4673426151275635), (0.8016307950019836, 0.3783967196941376, -0.46282175183296204), (0.8551831245422363, 0.3783967196941376, -0.3542284369468689), (0.863536536693573, 0.3554764986038208, -0.3576885461807251), (0.863536536693573, 0.3554764986038208, -0.3576885461807251), (0.8551831245422363, 0.3783967196941376, -0.3542284369468689), (0.8941029906272888, 0.3783967196941376, -0.23957417905330658), (0.9028366208076477, 0.3554764986038208, -0.24191433191299438), (0.9028366208076477, 0.3554764986038208, -0.24191433191299438), (0.8941029906272888, 0.3783967196941376, -0.23957417905330658), (0.9177244901657104, 0.3783967196941376, -0.12082072347402573), (0.9266888499259949, 0.3554764986038208, -0.12200090289115906), (0.9266888499259949, 0.3554764986038208, -0.12200090289115906), (0.9177244901657104, 0.3783967196941376, -0.12082072347402573), (0.9256435036659241, 0.3783967196941376, 0.0), (0.934685230255127, 0.3554764986038208, 0.0), (0.9256435036659241, 0.3783967196941376, 0.0), (0.9145773649215698, 0.4044110178947449, 0.0), (0.9067530035972595, 0.4044110178947449, 0.1193763017654419), (0.9177244901657104, 0.3783967196941376, 0.12082072347402573), (0.9177244901657104, 0.3783967196941376, 0.12082072347402573), (0.9067530035972595, 0.4044110178947449, 0.1193763017654419), (0.8834138512611389, 0.4044110178947449, 0.23671004176139832), (0.8941029906272888, 0.3783967196941376, 0.23957417905330658), (0.8941029906272888, 0.3783967196941376, 0.23957417905330658), (0.8834138512611389, 0.4044110178947449, 0.23671004176139832), (0.8449593186378479, 0.4044110178947449, 0.34999358654022217), (0.8551831245422363, 0.3783967196941376, 0.3542284369468689), (0.8551831245422363, 0.3783967196941376, 0.3542284369468689), (0.8449593186378479, 0.4044110178947449, 0.34999358654022217), (0.7920472025871277, 0.4044110178947449, 0.4572886824607849), (0.8016307950019836, 0.3783967196941376, 0.46282175183296204), (0.8016307950019836, 0.3783967196941376, 0.46282175183296204), (0.7920472025871277, 0.4044110178947449, 0.4572886824607849), (0.725583016872406, 0.4044110178947449, 0.5567594170570374), (0.7343623638153076, 0.3783967196941376, 0.5634960532188416), (0.7343623638153076, 0.3783967196941376, 0.5634960532188416), (0.725583016872406, 0.4044110178947449, 0.5567594170570374), (0.646703839302063, 0.4044110178947449, 0.646703839302063), (0.654528796672821, 0.3783967196941376, 0.654528796672821), (0.654528796672821, 0.3783967196941376, 0.654528796672821), (0.646703839302063, 0.4044110178947449, 0.646703839302063), (0.5567594170570374, 0.4044110178947449, 0.725583016872406), (0.5634960532188416, 0.3783967196941376, 0.7343623638153076), (0.5634960532188416, 0.3783967196941376, 0.7343623638153076), (0.5567594170570374, 0.4044110178947449, 0.725583016872406), (0.4572886824607849, 0.4044110178947449, 0.7920472025871277), (0.46282175183296204, 0.3783967196941376, 0.8016307950019836), (0.46282175183296204, 0.3783967196941376, 0.8016307950019836), (0.4572886824607849, 0.4044110178947449, 0.7920472025871277), (0.34999358654022217, 0.4044110178947449, 0.8449593186378479), (0.3542284369468689, 0.3783967196941376, 0.8551831245422363), (0.3542284369468689, 0.3783967196941376, 0.8551831245422363), (0.34999358654022217, 0.4044110178947449, 0.8449593186378479), (0.23671004176139832, 0.4044110178947449, 0.8834138512611389), (0.23957417905330658, 0.3783967196941376, 0.8941029906272888), (0.23957417905330658, 0.3783967196941376, 0.8941029906272888), (0.23671004176139832, 0.4044110178947449, 0.8834138512611389), (0.1193763017654419, 0.4044110178947449, 0.9067530035972595), (0.12082072347402573, 0.3783967196941376, 0.9177244901657104), (0.12082072347402573, 0.3783967196941376, 0.9177244901657104), (0.1193763017654419, 0.4044110178947449, 0.9067530035972595), (0.0, 0.4044110178947449, 0.9145773649215698), (0.0, 0.3783967196941376, 0.9256435036659241), (0.0, 0.3783967196941376, 0.9256435036659241), (0.0, 0.4044110178947449, 0.9145773649215698), (-0.1193763017654419, 0.4044110178947449, 0.9067530035972595), (-0.12082072347402573, 0.3783967196941376, 0.9177244901657104), (-0.12082072347402573, 0.3783967196941376, 0.9177244901657104), (-0.1193763017654419, 0.4044110178947449, 0.9067530035972595), (-0.23671004176139832, 0.4044110178947449, 0.8834138512611389), (-0.23957417905330658, 0.3783967196941376, 0.8941029906272888), (-0.23957417905330658, 0.3783967196941376, 0.8941029906272888), (-0.23671004176139832, 0.4044110178947449, 0.8834138512611389), (-0.34999358654022217, 0.4044110178947449, 0.8449593186378479), (-0.3542284369468689, 0.3783967196941376, 0.8551831245422363), (-0.3542284369468689, 0.3783967196941376, 0.8551831245422363), (-0.34999358654022217, 0.4044110178947449, 0.8449593186378479), (-0.4572886824607849, 0.4044110178947449, 0.7920472025871277), (-0.46282175183296204, 0.3783967196941376, 0.8016307950019836), (-0.46282175183296204, 0.3783967196941376, 0.8016307950019836), (-0.4572886824607849, 0.4044110178947449, 0.7920472025871277), (-0.5567594170570374, 0.4044110178947449, 0.725583016872406), (-0.5634960532188416, 0.3783967196941376, 0.7343623638153076), (-0.5634960532188416, 0.3783967196941376, 0.7343623638153076), (-0.5567594170570374, 0.4044110178947449, 0.725583016872406), (-0.646703839302063, 0.4044110178947449, 0.646703839302063), (-0.654528796672821, 0.3783967196941376, 0.654528796672821), (-0.654528796672821, 0.3783967196941376, 0.654528796672821), (-0.646703839302063, 0.4044110178947449, 0.646703839302063), (-0.725583016872406, 0.4044110178947449, 0.5567594170570374), (-0.7343623638153076, 0.3783967196941376, 0.5634960532188416), (-0.7343623638153076, 0.3783967196941376, 0.5634960532188416), (-0.725583016872406, 0.4044110178947449, 0.5567594170570374), (-0.7920472025871277, 0.4044110178947449, 0.4572886824607849), (-0.8016307950019836, 0.3783967196941376, 0.46282175183296204), (-0.8016307950019836, 0.3783967196941376, 0.46282175183296204), (-0.7920472025871277, 0.4044110178947449, 0.4572886824607849), (-0.8449593186378479, 0.4044110178947449, 0.34999358654022217), (-0.8551831245422363, 0.3783967196941376, 0.3542284369468689), (-0.8551831245422363, 0.3783967196941376, 0.3542284369468689), (-0.8449593186378479, 0.4044110178947449, 0.34999358654022217), (-0.8834138512611389, 0.4044110178947449, 0.23671004176139832), (-0.8941029906272888, 0.3783967196941376, 0.23957417905330658), (-0.8941029906272888, 0.3783967196941376, 0.23957417905330658), (-0.8834138512611389, 0.4044110178947449, 0.23671004176139832), (-0.9067530035972595, 0.4044110178947449, 0.1193763017654419), (-0.9177244901657104, 0.3783967196941376, 0.12082072347402573), (-0.9177244901657104, 0.3783967196941376, 0.12082072347402573), (-0.9067530035972595, 0.4044110178947449, 0.1193763017654419), (-0.9145773649215698, 0.4044110178947449, 0.0), (-0.9256435036659241, 0.3783967196941376, 0.0), (-0.9256435036659241, 0.3783967196941376, 0.0), (-0.9145773649215698, 0.4044110178947449, 0.0), (-0.9067530035972595, 0.4044110178947449, -0.1193763017654419), (-0.9177244901657104, 0.3783967196941376, -0.12082072347402573), (-0.9177244901657104, 0.3783967196941376, -0.12082072347402573), (-0.9067530035972595, 0.4044110178947449, -0.1193763017654419), (-0.8834138512611389, 0.4044110178947449, -0.23671004176139832), (-0.8941029906272888, 0.3783967196941376, -0.23957417905330658), (-0.8941029906272888, 0.3783967196941376, -0.23957417905330658), (-0.8834138512611389, 0.4044110178947449, -0.23671004176139832), (-0.8449593186378479, 0.4044110178947449, -0.34999358654022217), (-0.8551831245422363, 0.3783967196941376, -0.3542284369468689), (-0.8551831245422363, 0.3783967196941376, -0.3542284369468689), (-0.8449593186378479, 0.4044110178947449, -0.34999358654022217), (-0.7920472025871277, 0.4044110178947449, -0.4572886824607849), (-0.8016307950019836, 0.3783967196941376, -0.46282175183296204), (-0.8016307950019836, 0.3783967196941376, -0.46282175183296204), (-0.7920472025871277, 0.4044110178947449, -0.4572886824607849), (-0.725583016872406, 0.4044110178947449, -0.5567594170570374), (-0.7343623638153076, 0.3783967196941376, -0.5634960532188416), (-0.7343623638153076, 0.3783967196941376, -0.5634960532188416), (-0.725583016872406, 0.4044110178947449, -0.5567594170570374), (-0.646703839302063, 0.4044110178947449, -0.646703839302063), (-0.654528796672821, 0.3783967196941376, -0.654528796672821), (-0.654528796672821, 0.3783967196941376, -0.654528796672821), (-0.646703839302063, 0.4044110178947449, -0.646703839302063), (-0.5567594170570374, 0.4044110178947449, -0.725583016872406), (-0.5634960532188416, 0.3783967196941376, -0.7343623638153076), (-0.5634960532188416, 0.3783967196941376, -0.7343623638153076), (-0.5567594170570374, 0.4044110178947449, -0.725583016872406), (-0.4572886824607849, 0.4044110178947449, -0.7920472025871277), (-0.46282175183296204, 0.3783967196941376, -0.8016307950019836), (-0.46282175183296204, 0.3783967196941376, -0.8016307950019836), (-0.4572886824607849, 0.4044110178947449, -0.7920472025871277), (-0.34999358654022217, 0.4044110178947449, -0.8449593186378479), (-0.3542284369468689, 0.3783967196941376, -0.8551831245422363), (-0.3542284369468689, 0.3783967196941376, -0.8551831245422363), (-0.34999358654022217, 0.4044110178947449, -0.8449593186378479), (-0.23671004176139832, 0.4044110178947449, -0.8834138512611389), (-0.23957417905330658, 0.3783967196941376, -0.8941029906272888), (-0.23957417905330658, 0.3783967196941376, -0.8941029906272888), (-0.23671004176139832, 0.4044110178947449, -0.8834138512611389), (-0.1193763017654419, 0.4044110178947449, -0.9067530035972595), (-0.12082072347402573, 0.3783967196941376, -0.9177244901657104), (-0.12082072347402573, 0.3783967196941376, -0.9177244901657104), (-0.1193763017654419, 0.4044110178947449, -0.9067530035972595), (0.0, 0.4044110178947449, -0.9145773649215698), (0.0, 0.3783967196941376, -0.9256435036659241), (0.0, 0.3783967196941376, -0.9256435036659241), (0.0, 0.4044110178947449, -0.9145773649215698), (0.1193763017654419, 0.4044110178947449, -0.9067530035972595), (0.12082072347402573, 0.3783967196941376, -0.9177244901657104), (0.12082072347402573, 0.3783967196941376, -0.9177244901657104), (0.1193763017654419, 0.4044110178947449, -0.9067530035972595), (0.23671004176139832, 0.4044110178947449, -0.8834138512611389), (0.23957417905330658, 0.3783967196941376, -0.8941029906272888), (0.23957417905330658, 0.3783967196941376, -0.8941029906272888), (0.23671004176139832, 0.4044110178947449, -0.8834138512611389), (0.34999358654022217, 0.4044110178947449, -0.8449593186378479), (0.3542284369468689, 0.3783967196941376, -0.8551831245422363), (0.3542284369468689, 0.3783967196941376, -0.8551831245422363), (0.34999358654022217, 0.4044110178947449, -0.8449593186378479), (0.4572886824607849, 0.4044110178947449, -0.7920472025871277), (0.46282175183296204, 0.3783967196941376, -0.8016307950019836), (0.46282175183296204, 0.3783967196941376, -0.8016307950019836), (0.4572886824607849, 0.4044110178947449, -0.7920472025871277), (0.5567594170570374, 0.4044110178947449, -0.725583016872406), (0.5634960532188416, 0.3783967196941376, -0.7343623638153076), (0.5634960532188416, 0.3783967196941376, -0.7343623638153076), (0.5567594170570374, 0.4044110178947449, -0.725583016872406), (0.646703839302063, 0.4044110178947449, -0.646703839302063), (0.654528796672821, 0.3783967196941376, -0.654528796672821), (0.654528796672821, 0.3783967196941376, -0.654528796672821), (0.646703839302063, 0.4044110178947449, -0.646703839302063), (0.725583016872406, 0.4044110178947449, -0.5567594170570374), (0.7343623638153076, 0.3783967196941376, -0.5634960532188416), (0.7343623638153076, 0.3783967196941376, -0.5634960532188416), (0.725583016872406, 0.4044110178947449, -0.5567594170570374), (0.7920472025871277, 0.4044110178947449, -0.4572886824607849), (0.8016307950019836, 0.3783967196941376, -0.46282175183296204), (0.8016307950019836, 0.3783967196941376, -0.46282175183296204), (0.7920472025871277, 0.4044110178947449, -0.4572886824607849), (0.8449593186378479, 0.4044110178947449, -0.34999358654022217), (0.8551831245422363, 0.3783967196941376, -0.3542284369468689), (0.8551831245422363, 0.3783967196941376, -0.3542284369468689), (0.8449593186378479, 0.4044110178947449, -0.34999358654022217), (0.8834138512611389, 0.4044110178947449, -0.23671004176139832), (0.8941029906272888, 0.3783967196941376, -0.23957417905330658), (0.8941029906272888, 0.3783967196941376, -0.23957417905330658), (0.8834138512611389, 0.4044110178947449, -0.23671004176139832), (0.9067530035972595, 0.4044110178947449, -0.1193763017654419), (0.9177244901657104, 0.3783967196941376, -0.12082072347402573), (0.9177244901657104, 0.3783967196941376, -0.12082072347402573), (0.9067530035972595, 0.4044110178947449, -0.1193763017654419), (0.9145773649215698, 0.4044110178947449, 0.0), (0.9256435036659241, 0.3783967196941376, 0.0), (0.9145773649215698, 0.4044110178947449, 0.0), (0.9008499979972839, 0.43413046002388, 0.0), (0.8931431174278259, 0.43413046002388, 0.11758451908826828), (0.9067530035972595, 0.4044110178947449, 0.1193763017654419), (0.9067530035972595, 0.4044110178947449, 0.1193763017654419), (0.8931431174278259, 0.43413046002388, 0.11758451908826828), (0.8701542615890503, 0.43413046002388, 0.23315714299678802), (0.8834138512611389, 0.4044110178947449, 0.23671004176139832), (0.8834138512611389, 0.4044110178947449, 0.23671004176139832), (0.8701542615890503, 0.43413046002388, 0.23315714299678802), (0.8322768807411194, 0.43413046002388, 0.3447403609752655), (0.8449593186378479, 0.4044110178947449, 0.34999358654022217), (0.8449593186378479, 0.4044110178947449, 0.34999358654022217), (0.8322768807411194, 0.43413046002388, 0.3447403609752655), (0.7801589965820313, 0.43413046002388, 0.45042499899864197), (0.7920472025871277, 0.4044110178947449, 0.4572886824607849), (0.7920472025871277, 0.4044110178947449, 0.4572886824607849), (0.7801589965820313, 0.43413046002388, 0.45042499899864197), (0.7146923542022705, 0.43413046002388, 0.548402726650238), (0.725583016872406, 0.4044110178947449, 0.5567594170570374), (0.725583016872406, 0.4044110178947449, 0.5567594170570374), (0.7146923542022705, 0.43413046002388, 0.548402726650238), (0.6369971632957458, 0.43413046002388, 0.6369971632957458), (0.646703839302063, 0.4044110178947449, 0.646703839302063), (0.646703839302063, 0.4044110178947449, 0.646703839302063), (0.6369971632957458, 0.43413046002388, 0.6369971632957458), (0.548402726650238, 0.43413046002388, 0.7146923542022705), (0.5567594170570374, 0.4044110178947449, 0.725583016872406), (0.5567594170570374, 0.4044110178947449, 0.725583016872406), (0.548402726650238, 0.43413046002388, 0.7146923542022705), (0.45042499899864197, 0.43413046002388, 0.7801589965820313), (0.4572886824607849, 0.4044110178947449, 0.7920472025871277), (0.4572886824607849, 0.4044110178947449, 0.7920472025871277), (0.45042499899864197, 0.43413046002388, 0.7801589965820313), (0.3447403609752655, 0.43413046002388, 0.8322768807411194), (0.34999358654022217, 0.4044110178947449, 0.8449593186378479), (0.34999358654022217, 0.4044110178947449, 0.8449593186378479), (0.3447403609752655, 0.43413046002388, 0.8322768807411194), (0.23315714299678802, 0.43413046002388, 0.8701542615890503), (0.23671004176139832, 0.4044110178947449, 0.8834138512611389), (0.23671004176139832, 0.4044110178947449, 0.8834138512611389), (0.23315714299678802, 0.43413046002388, 0.8701542615890503), (0.11758451908826828, 0.43413046002388, 0.8931431174278259), (0.1193763017654419, 0.4044110178947449, 0.9067530035972595), (0.1193763017654419, 0.4044110178947449, 0.9067530035972595), (0.11758451908826828, 0.43413046002388, 0.8931431174278259), (0.0, 0.43413046002388, 0.9008499979972839), (0.0, 0.4044110178947449, 0.9145773649215698), (0.0, 0.4044110178947449, 0.9145773649215698), (0.0, 0.43413046002388, 0.9008499979972839), (-0.11758451908826828, 0.43413046002388, 0.8931431174278259), (-0.1193763017654419, 0.4044110178947449, 0.9067530035972595), (-0.1193763017654419, 0.4044110178947449, 0.9067530035972595), (-0.11758451908826828, 0.43413046002388, 0.8931431174278259), (-0.23315714299678802, 0.43413046002388, 0.8701542615890503), (-0.23671004176139832, 0.4044110178947449, 0.8834138512611389), (-0.23671004176139832, 0.4044110178947449, 0.8834138512611389), (-0.23315714299678802, 0.43413046002388, 0.8701542615890503), (-0.3447403609752655, 0.43413046002388, 0.8322768807411194), (-0.34999358654022217, 0.4044110178947449, 0.8449593186378479), (-0.34999358654022217, 0.4044110178947449, 0.8449593186378479), (-0.3447403609752655, 0.43413046002388, 0.8322768807411194), (-0.45042499899864197, 0.43413046002388, 0.7801589965820313), (-0.4572886824607849, 0.4044110178947449, 0.7920472025871277), (-0.4572886824607849, 0.4044110178947449, 0.7920472025871277), (-0.45042499899864197, 0.43413046002388, 0.7801589965820313), (-0.548402726650238, 0.43413046002388, 0.7146923542022705), (-0.5567594170570374, 0.4044110178947449, 0.725583016872406), (-0.5567594170570374, 0.4044110178947449, 0.725583016872406), (-0.548402726650238, 0.43413046002388, 0.7146923542022705), (-0.6369971632957458, 0.43413046002388, 0.6369971632957458), (-0.646703839302063, 0.4044110178947449, 0.646703839302063), (-0.646703839302063, 0.4044110178947449, 0.646703839302063), (-0.6369971632957458, 0.43413046002388, 0.6369971632957458), (-0.7146923542022705, 0.43413046002388, 0.548402726650238), (-0.725583016872406, 0.4044110178947449, 0.5567594170570374), (-0.725583016872406, 0.4044110178947449, 0.5567594170570374), (-0.7146923542022705, 0.43413046002388, 0.548402726650238), (-0.7801589965820313, 0.43413046002388, 0.45042499899864197), (-0.7920472025871277, 0.4044110178947449, 0.4572886824607849), (-0.7920472025871277, 0.4044110178947449, 0.4572886824607849), (-0.7801589965820313, 0.43413046002388, 0.45042499899864197), (-0.8322768807411194, 0.43413046002388, 0.3447403609752655), (-0.8449593186378479, 0.4044110178947449, 0.34999358654022217), (-0.8449593186378479, 0.4044110178947449, 0.34999358654022217), (-0.8322768807411194, 0.43413046002388, 0.3447403609752655), (-0.8701542615890503, 0.43413046002388, 0.23315714299678802), (-0.8834138512611389, 0.4044110178947449, 0.23671004176139832), (-0.8834138512611389, 0.4044110178947449, 0.23671004176139832), (-0.8701542615890503, 0.43413046002388, 0.23315714299678802), (-0.8931431174278259, 0.43413046002388, 0.11758451908826828), (-0.9067530035972595, 0.4044110178947449, 0.1193763017654419), (-0.9067530035972595, 0.4044110178947449, 0.1193763017654419), (-0.8931431174278259, 0.43413046002388, 0.11758451908826828), (-0.9008499979972839, 0.43413046002388, 0.0), (-0.9145773649215698, 0.4044110178947449, 0.0), (-0.9145773649215698, 0.4044110178947449, 0.0), (-0.9008499979972839, 0.43413046002388, 0.0), (-0.8931431174278259, 0.43413046002388, -0.11758451908826828), (-0.9067530035972595, 0.4044110178947449, -0.1193763017654419), (-0.9067530035972595, 0.4044110178947449, -0.1193763017654419), (-0.8931431174278259, 0.43413046002388, -0.11758451908826828), (-0.8701542615890503, 0.43413046002388, -0.23315714299678802), (-0.8834138512611389, 0.4044110178947449, -0.23671004176139832), (-0.8834138512611389, 0.4044110178947449, -0.23671004176139832), (-0.8701542615890503, 0.43413046002388, -0.23315714299678802), (-0.8322768807411194, 0.43413046002388, -0.3447403609752655), (-0.8449593186378479, 0.4044110178947449, -0.34999358654022217), (-0.8449593186378479, 0.4044110178947449, -0.34999358654022217), (-0.8322768807411194, 0.43413046002388, -0.3447403609752655), (-0.7801589965820313, 0.43413046002388, -0.45042499899864197), (-0.7920472025871277, 0.4044110178947449, -0.4572886824607849), (-0.7920472025871277, 0.4044110178947449, -0.4572886824607849), (-0.7801589965820313, 0.43413046002388, -0.45042499899864197), (-0.7146923542022705, 0.43413046002388, -0.548402726650238), (-0.725583016872406, 0.4044110178947449, -0.5567594170570374), (-0.725583016872406, 0.4044110178947449, -0.5567594170570374), (-0.7146923542022705, 0.43413046002388, -0.548402726650238), (-0.6369971632957458, 0.43413046002388, -0.6369971632957458), (-0.646703839302063, 0.4044110178947449, -0.646703839302063), (-0.646703839302063, 0.4044110178947449, -0.646703839302063), (-0.6369971632957458, 0.43413046002388, -0.6369971632957458), (-0.548402726650238, 0.43413046002388, -0.7146923542022705), (-0.5567594170570374, 0.4044110178947449, -0.725583016872406), (-0.5567594170570374, 0.4044110178947449, -0.725583016872406), (-0.548402726650238, 0.43413046002388, -0.7146923542022705), (-0.45042499899864197, 0.43413046002388, -0.7801589965820313), (-0.4572886824607849, 0.4044110178947449, -0.7920472025871277), (-0.4572886824607849, 0.4044110178947449, -0.7920472025871277), (-0.45042499899864197, 0.43413046002388, -0.7801589965820313), (-0.3447403609752655, 0.43413046002388, -0.8322768807411194), (-0.34999358654022217, 0.4044110178947449, -0.8449593186378479), (-0.34999358654022217, 0.4044110178947449, -0.8449593186378479), (-0.3447403609752655, 0.43413046002388, -0.8322768807411194), (-0.23315714299678802, 0.43413046002388, -0.8701542615890503), (-0.23671004176139832, 0.4044110178947449, -0.8834138512611389), (-0.23671004176139832, 0.4044110178947449, -0.8834138512611389), (-0.23315714299678802, 0.43413046002388, -0.8701542615890503), (-0.11758451908826828, 0.43413046002388, -0.8931431174278259), (-0.1193763017654419, 0.4044110178947449, -0.9067530035972595), (-0.1193763017654419, 0.4044110178947449, -0.9067530035972595), (-0.11758451908826828, 0.43413046002388, -0.8931431174278259), (0.0, 0.43413046002388, -0.9008499979972839), (0.0, 0.4044110178947449, -0.9145773649215698), (0.0, 0.4044110178947449, -0.9145773649215698), (0.0, 0.43413046002388, -0.9008499979972839), (0.11758451908826828, 0.43413046002388, -0.8931431174278259), (0.1193763017654419, 0.4044110178947449, -0.9067530035972595), (0.1193763017654419, 0.4044110178947449, -0.9067530035972595), (0.11758451908826828, 0.43413046002388, -0.8931431174278259), (0.23315714299678802, 0.43413046002388, -0.8701542615890503), (0.23671004176139832, 0.4044110178947449, -0.8834138512611389), (0.23671004176139832, 0.4044110178947449, -0.8834138512611389), (0.23315714299678802, 0.43413046002388, -0.8701542615890503), (0.3447403609752655, 0.43413046002388, -0.8322768807411194), (0.34999358654022217, 0.4044110178947449, -0.8449593186378479), (0.34999358654022217, 0.4044110178947449, -0.8449593186378479), (0.3447403609752655, 0.43413046002388, -0.8322768807411194), (0.45042499899864197, 0.43413046002388, -0.7801589965820313), (0.4572886824607849, 0.4044110178947449, -0.7920472025871277), (0.4572886824607849, 0.4044110178947449, -0.7920472025871277), (0.45042499899864197, 0.43413046002388, -0.7801589965820313), (0.548402726650238, 0.43413046002388, -0.7146923542022705), (0.5567594170570374, 0.4044110178947449, -0.725583016872406), (0.5567594170570374, 0.4044110178947449, -0.725583016872406), (0.548402726650238, 0.43413046002388, -0.7146923542022705), (0.6369971632957458, 0.43413046002388, -0.6369971632957458), (0.646703839302063, 0.4044110178947449, -0.646703839302063), (0.646703839302063, 0.4044110178947449, -0.646703839302063), (0.6369971632957458, 0.43413046002388, -0.6369971632957458), (0.7146923542022705, 0.43413046002388, -0.548402726650238), (0.725583016872406, 0.4044110178947449, -0.5567594170570374), (0.725583016872406, 0.4044110178947449, -0.5567594170570374), (0.7146923542022705, 0.43413046002388, -0.548402726650238), (0.7801589965820313, 0.43413046002388, -0.45042499899864197), (0.7920472025871277, 0.4044110178947449, -0.4572886824607849), (0.7920472025871277, 0.4044110178947449, -0.4572886824607849), (0.7801589965820313, 0.43413046002388, -0.45042499899864197), (0.8322768807411194, 0.43413046002388, -0.3447403609752655), (0.8449593186378479, 0.4044110178947449, -0.34999358654022217), (0.8449593186378479, 0.4044110178947449, -0.34999358654022217), (0.8322768807411194, 0.43413046002388, -0.3447403609752655), (0.8701542615890503, 0.43413046002388, -0.23315714299678802), (0.8834138512611389, 0.4044110178947449, -0.23671004176139832), (0.8834138512611389, 0.4044110178947449, -0.23671004176139832), (0.8701542615890503, 0.43413046002388, -0.23315714299678802), (0.8931431174278259, 0.43413046002388, -0.11758451908826828), (0.9067530035972595, 0.4044110178947449, -0.1193763017654419), (0.9067530035972595, 0.4044110178947449, -0.1193763017654419), (0.8931431174278259, 0.43413046002388, -0.11758451908826828), (0.9008499979972839, 0.43413046002388, 0.0), (0.9145773649215698, 0.4044110178947449, 0.0), (0.9008499979972839, 0.43413046002388, 0.0), (0.8835658431053162, 0.4683069884777069, 0.0), (0.8760067820549011, 0.4683069884777069, 0.11532848328351974), (0.8931431174278259, 0.43413046002388, 0.11758451908826828), (0.8931431174278259, 0.43413046002388, 0.11758451908826828), (0.8760067820549011, 0.4683069884777069, 0.11532848328351974), (0.8534590601921082, 0.4683069884777069, 0.22868366539478302), (0.8701542615890503, 0.43413046002388, 0.23315714299678802), (0.8701542615890503, 0.43413046002388, 0.23315714299678802), (0.8534590601921082, 0.4683069884777069, 0.22868366539478302), (0.8163083791732788, 0.4683069884777069, 0.338126003742218), (0.8322768807411194, 0.43413046002388, 0.3447403609752655), (0.8322768807411194, 0.43413046002388, 0.3447403609752655), (0.8163083791732788, 0.4683069884777069, 0.338126003742218), (0.7651904225349426, 0.4683069884777069, 0.4417829215526581), (0.7801589965820313, 0.43413046002388, 0.45042499899864197), (0.7801589965820313, 0.43413046002388, 0.45042499899864197), (0.7651904225349426, 0.4683069884777069, 0.4417829215526581), (0.7009798884391785, 0.4683069884777069, 0.5378807783126831), (0.7146923542022705, 0.43413046002388, 0.548402726650238), (0.7146923542022705, 0.43413046002388, 0.548402726650238), (0.7009798884391785, 0.4683069884777069, 0.5378807783126831), (0.6247754096984863, 0.4683069884777069, 0.6247754096984863), (0.6369971632957458, 0.43413046002388, 0.6369971632957458), (0.6369971632957458, 0.43413046002388, 0.6369971632957458), (0.6247754096984863, 0.4683069884777069, 0.6247754096984863), (0.5378807783126831, 0.4683069884777069, 0.7009798884391785), (0.548402726650238, 0.43413046002388, 0.7146923542022705), (0.548402726650238, 0.43413046002388, 0.7146923542022705), (0.5378807783126831, 0.4683069884777069, 0.7009798884391785), (0.4417829215526581, 0.4683069884777069, 0.7651904225349426), (0.45042499899864197, 0.43413046002388, 0.7801589965820313), (0.45042499899864197, 0.43413046002388, 0.7801589965820313), (0.4417829215526581, 0.4683069884777069, 0.7651904225349426), (0.338126003742218, 0.4683069884777069, 0.8163083791732788), (0.3447403609752655, 0.43413046002388, 0.8322768807411194), (0.3447403609752655, 0.43413046002388, 0.8322768807411194), (0.338126003742218, 0.4683069884777069, 0.8163083791732788), (0.22868366539478302, 0.4683069884777069, 0.8534590601921082), (0.23315714299678802, 0.43413046002388, 0.8701542615890503), (0.23315714299678802, 0.43413046002388, 0.8701542615890503), (0.22868366539478302, 0.4683069884777069, 0.8534590601921082), (0.11532848328351974, 0.4683069884777069, 0.8760067820549011), (0.11758451908826828, 0.43413046002388, 0.8931431174278259), (0.11758451908826828, 0.43413046002388, 0.8931431174278259), (0.11532848328351974, 0.4683069884777069, 0.8760067820549011), (0.0, 0.4683069884777069, 0.8835658431053162), (0.0, 0.43413046002388, 0.9008499979972839), (0.0, 0.43413046002388, 0.9008499979972839), (0.0, 0.4683069884777069, 0.8835658431053162), (-0.11532848328351974, 0.4683069884777069, 0.8760067820549011), (-0.11758451908826828, 0.43413046002388, 0.8931431174278259), (-0.11758451908826828, 0.43413046002388, 0.8931431174278259), (-0.11532848328351974, 0.4683069884777069, 0.8760067820549011), (-0.22868366539478302, 0.4683069884777069, 0.8534590601921082), (-0.23315714299678802, 0.43413046002388, 0.8701542615890503), (-0.23315714299678802, 0.43413046002388, 0.8701542615890503), (-0.22868366539478302, 0.4683069884777069, 0.8534590601921082), (-0.338126003742218, 0.4683069884777069, 0.8163083791732788), (-0.3447403609752655, 0.43413046002388, 0.8322768807411194), (-0.3447403609752655, 0.43413046002388, 0.8322768807411194), (-0.338126003742218, 0.4683069884777069, 0.8163083791732788), (-0.4417829215526581, 0.4683069884777069, 0.7651904225349426), (-0.45042499899864197, 0.43413046002388, 0.7801589965820313), (-0.45042499899864197, 0.43413046002388, 0.7801589965820313), (-0.4417829215526581, 0.4683069884777069, 0.7651904225349426), (-0.5378807783126831, 0.4683069884777069, 0.7009798884391785), (-0.548402726650238, 0.43413046002388, 0.7146923542022705), (-0.548402726650238, 0.43413046002388, 0.7146923542022705), (-0.5378807783126831, 0.4683069884777069, 0.7009798884391785), (-0.6247754096984863, 0.4683069884777069, 0.6247754096984863), (-0.6369971632957458, 0.43413046002388, 0.6369971632957458), (-0.6369971632957458, 0.43413046002388, 0.6369971632957458), (-0.6247754096984863, 0.4683069884777069, 0.6247754096984863), (-0.7009798884391785, 0.4683069884777069, 0.5378807783126831), (-0.7146923542022705, 0.43413046002388, 0.548402726650238), (-0.7146923542022705, 0.43413046002388, 0.548402726650238), (-0.7009798884391785, 0.4683069884777069, 0.5378807783126831), (-0.7651904225349426, 0.4683069884777069, 0.4417829215526581), (-0.7801589965820313, 0.43413046002388, 0.45042499899864197), (-0.7801589965820313, 0.43413046002388, 0.45042499899864197), (-0.7651904225349426, 0.4683069884777069, 0.4417829215526581), (-0.8163083791732788, 0.4683069884777069, 0.338126003742218), (-0.8322768807411194, 0.43413046002388, 0.3447403609752655), (-0.8322768807411194, 0.43413046002388, 0.3447403609752655), (-0.8163083791732788, 0.4683069884777069, 0.338126003742218), (-0.8534590601921082, 0.4683069884777069, 0.22868366539478302), (-0.8701542615890503, 0.43413046002388, 0.23315714299678802), (-0.8701542615890503, 0.43413046002388, 0.23315714299678802), (-0.8534590601921082, 0.4683069884777069, 0.22868366539478302), (-0.8760067820549011, 0.4683069884777069, 0.11532848328351974), (-0.8931431174278259, 0.43413046002388, 0.11758451908826828), (-0.8931431174278259, 0.43413046002388, 0.11758451908826828), (-0.8760067820549011, 0.4683069884777069, 0.11532848328351974), (-0.8835658431053162, 0.4683069884777069, 0.0), (-0.9008499979972839, 0.43413046002388, 0.0), (-0.9008499979972839, 0.43413046002388, 0.0), (-0.8835658431053162, 0.4683069884777069, 0.0), (-0.8760067820549011, 0.4683069884777069, -0.11532848328351974), (-0.8931431174278259, 0.43413046002388, -0.11758451908826828), (-0.8931431174278259, 0.43413046002388, -0.11758451908826828), (-0.8760067820549011, 0.4683069884777069, -0.11532848328351974), (-0.8534590601921082, 0.4683069884777069, -0.22868366539478302), (-0.8701542615890503, 0.43413046002388, -0.23315714299678802), (-0.8701542615890503, 0.43413046002388, -0.23315714299678802), (-0.8534590601921082, 0.4683069884777069, -0.22868366539478302), (-0.8163083791732788, 0.4683069884777069, -0.338126003742218), (-0.8322768807411194, 0.43413046002388, -0.3447403609752655), (-0.8322768807411194, 0.43413046002388, -0.3447403609752655), (-0.8163083791732788, 0.4683069884777069, -0.338126003742218), (-0.7651904225349426, 0.4683069884777069, -0.4417829215526581), (-0.7801589965820313, 0.43413046002388, -0.45042499899864197), (-0.7801589965820313, 0.43413046002388, -0.45042499899864197), (-0.7651904225349426, 0.4683069884777069, -0.4417829215526581), (-0.7009798884391785, 0.4683069884777069, -0.5378807783126831), (-0.7146923542022705, 0.43413046002388, -0.548402726650238), (-0.7146923542022705, 0.43413046002388, -0.548402726650238), (-0.7009798884391785, 0.4683069884777069, -0.5378807783126831), (-0.6247754096984863, 0.4683069884777069, -0.6247754096984863), (-0.6369971632957458, 0.43413046002388, -0.6369971632957458), (-0.6369971632957458, 0.43413046002388, -0.6369971632957458), (-0.6247754096984863, 0.4683069884777069, -0.6247754096984863), (-0.5378807783126831, 0.4683069884777069, -0.7009798884391785), (-0.548402726650238, 0.43413046002388, -0.7146923542022705), (-0.548402726650238, 0.43413046002388, -0.7146923542022705), (-0.5378807783126831, 0.4683069884777069, -0.7009798884391785), (-0.4417829215526581, 0.4683069884777069, -0.7651904225349426), (-0.45042499899864197, 0.43413046002388, -0.7801589965820313), (-0.45042499899864197, 0.43413046002388, -0.7801589965820313), (-0.4417829215526581, 0.4683069884777069, -0.7651904225349426), (-0.338126003742218, 0.4683069884777069, -0.8163083791732788), (-0.3447403609752655, 0.43413046002388, -0.8322768807411194), (-0.3447403609752655, 0.43413046002388, -0.8322768807411194), (-0.338126003742218, 0.4683069884777069, -0.8163083791732788), (-0.22868366539478302, 0.4683069884777069, -0.8534590601921082), (-0.23315714299678802, 0.43413046002388, -0.8701542615890503), (-0.23315714299678802, 0.43413046002388, -0.8701542615890503), (-0.22868366539478302, 0.4683069884777069, -0.8534590601921082), (-0.11532848328351974, 0.4683069884777069, -0.8760067820549011), (-0.11758451908826828, 0.43413046002388, -0.8931431174278259), (-0.11758451908826828, 0.43413046002388, -0.8931431174278259), (-0.11532848328351974, 0.4683069884777069, -0.8760067820549011), (0.0, 0.4683069884777069, -0.8835658431053162), (0.0, 0.43413046002388, -0.9008499979972839), (0.0, 0.43413046002388, -0.9008499979972839), (0.0, 0.4683069884777069, -0.8835658431053162), (0.11532848328351974, 0.4683069884777069, -0.8760067820549011), (0.11758451908826828, 0.43413046002388, -0.8931431174278259), (0.11758451908826828, 0.43413046002388, -0.8931431174278259), (0.11532848328351974, 0.4683069884777069, -0.8760067820549011), (0.22868366539478302, 0.4683069884777069, -0.8534590601921082), (0.23315714299678802, 0.43413046002388, -0.8701542615890503), (0.23315714299678802, 0.43413046002388, -0.8701542615890503), (0.22868366539478302, 0.4683069884777069, -0.8534590601921082), (0.338126003742218, 0.4683069884777069, -0.8163083791732788), (0.3447403609752655, 0.43413046002388, -0.8322768807411194), (0.3447403609752655, 0.43413046002388, -0.8322768807411194), (0.338126003742218, 0.4683069884777069, -0.8163083791732788), (0.4417829215526581, 0.4683069884777069, -0.7651904225349426), (0.45042499899864197, 0.43413046002388, -0.7801589965820313), (0.45042499899864197, 0.43413046002388, -0.7801589965820313), (0.4417829215526581, 0.4683069884777069, -0.7651904225349426), (0.5378807783126831, 0.4683069884777069, -0.7009798884391785), (0.548402726650238, 0.43413046002388, -0.7146923542022705), (0.548402726650238, 0.43413046002388, -0.7146923542022705), (0.5378807783126831, 0.4683069884777069, -0.7009798884391785), (0.6247754096984863, 0.4683069884777069, -0.6247754096984863), (0.6369971632957458, 0.43413046002388, -0.6369971632957458), (0.6369971632957458, 0.43413046002388, -0.6369971632957458), (0.6247754096984863, 0.4683069884777069, -0.6247754096984863), (0.7009798884391785, 0.4683069884777069, -0.5378807783126831), (0.7146923542022705, 0.43413046002388, -0.548402726650238), (0.7146923542022705, 0.43413046002388, -0.548402726650238), (0.7009798884391785, 0.4683069884777069, -0.5378807783126831), (0.7651904225349426, 0.4683069884777069, -0.4417829215526581), (0.7801589965820313, 0.43413046002388, -0.45042499899864197), (0.7801589965820313, 0.43413046002388, -0.45042499899864197), (0.7651904225349426, 0.4683069884777069, -0.4417829215526581), (0.8163083791732788, 0.4683069884777069, -0.338126003742218), (0.8322768807411194, 0.43413046002388, -0.3447403609752655), (0.8322768807411194, 0.43413046002388, -0.3447403609752655), (0.8163083791732788, 0.4683069884777069, -0.338126003742218), (0.8534590601921082, 0.4683069884777069, -0.22868366539478302), (0.8701542615890503, 0.43413046002388, -0.23315714299678802), (0.8701542615890503, 0.43413046002388, -0.23315714299678802), (0.8534590601921082, 0.4683069884777069, -0.22868366539478302), (0.8760067820549011, 0.4683069884777069, -0.11532848328351974), (0.8931431174278259, 0.43413046002388, -0.11758451908826828), (0.8931431174278259, 0.43413046002388, -0.11758451908826828), (0.8760067820549011, 0.4683069884777069, -0.11532848328351974), (0.8835658431053162, 0.4683069884777069, 0.0), (0.9008499979972839, 0.43413046002388, 0.0), (0.8835658431053162, 0.4683069884777069, 0.0), (0.8614428639411926, 0.5078544616699219, 0.0), (0.8540731072425842, 0.5078544616699219, 0.11244086176156998), (0.8760067820549011, 0.4683069884777069, 0.11532848328351974), (0.8760067820549011, 0.4683069884777069, 0.11532848328351974), (0.8540731072425842, 0.5078544616699219, 0.11244086176156998), (0.8320899605751038, 0.5078544616699219, 0.2229578197002411), (0.8534590601921082, 0.4683069884777069, 0.22868366539478302), (0.8534590601921082, 0.4683069884777069, 0.22868366539478302), (0.8320899605751038, 0.5078544616699219, 0.2229578197002411), (0.7958694696426392, 0.5078544616699219, 0.32965990900993347), (0.8163083791732788, 0.4683069884777069, 0.338126003742218), (0.8163083791732788, 0.4683069884777069, 0.338126003742218), (0.7958694696426392, 0.5078544616699219, 0.32965990900993347), (0.7460314035415649, 0.5078544616699219, 0.4307214319705963), (0.7651904225349426, 0.4683069884777069, 0.4417829215526581), (0.7651904225349426, 0.4683069884777069, 0.4417829215526581), (0.7460314035415649, 0.5078544616699219, 0.4307214319705963), (0.6834285855293274, 0.5078544616699219, 0.5244132280349731), (0.7009798884391785, 0.4683069884777069, 0.5378807783126831), (0.7009798884391785, 0.4683069884777069, 0.5378807783126831), (0.6834285855293274, 0.5078544616699219, 0.5244132280349731), (0.6091321110725403, 0.5078544616699219, 0.6091321110725403), (0.6247754096984863, 0.4683069884777069, 0.6247754096984863), (0.6247754096984863, 0.4683069884777069, 0.6247754096984863), (0.6091321110725403, 0.5078544616699219, 0.6091321110725403), (0.5244132280349731, 0.5078544616699219, 0.6834285855293274), (0.5378807783126831, 0.4683069884777069, 0.7009798884391785), (0.5378807783126831, 0.4683069884777069, 0.7009798884391785), (0.5244132280349731, 0.5078544616699219, 0.6834285855293274), (0.4307214319705963, 0.5078544616699219, 0.7460314035415649), (0.4417829215526581, 0.4683069884777069, 0.7651904225349426), (0.4417829215526581, 0.4683069884777069, 0.7651904225349426), (0.4307214319705963, 0.5078544616699219, 0.7460314035415649), (0.32965990900993347, 0.5078544616699219, 0.7958694696426392), (0.338126003742218, 0.4683069884777069, 0.8163083791732788), (0.338126003742218, 0.4683069884777069, 0.8163083791732788), (0.32965990900993347, 0.5078544616699219, 0.7958694696426392), (0.2229578197002411, 0.5078544616699219, 0.8320899605751038), (0.22868366539478302, 0.4683069884777069, 0.8534590601921082), (0.22868366539478302, 0.4683069884777069, 0.8534590601921082), (0.2229578197002411, 0.5078544616699219, 0.8320899605751038), (0.11244086176156998, 0.5078544616699219, 0.8540731072425842), (0.11532848328351974, 0.4683069884777069, 0.8760067820549011), (0.11532848328351974, 0.4683069884777069, 0.8760067820549011), (0.11244086176156998, 0.5078544616699219, 0.8540731072425842), (0.0, 0.5078544616699219, 0.8614428639411926), (0.0, 0.4683069884777069, 0.8835658431053162), (0.0, 0.4683069884777069, 0.8835658431053162), (0.0, 0.5078544616699219, 0.8614428639411926), (-0.11244086176156998, 0.5078544616699219, 0.8540731072425842), (-0.11532848328351974, 0.4683069884777069, 0.8760067820549011), (-0.11532848328351974, 0.4683069884777069, 0.8760067820549011), (-0.11244086176156998, 0.5078544616699219, 0.8540731072425842), (-0.2229578197002411, 0.5078544616699219, 0.8320899605751038), (-0.22868366539478302, 0.4683069884777069, 0.8534590601921082), (-0.22868366539478302, 0.4683069884777069, 0.8534590601921082), (-0.2229578197002411, 0.5078544616699219, 0.8320899605751038), (-0.32965990900993347, 0.5078544616699219, 0.7958694696426392), (-0.338126003742218, 0.4683069884777069, 0.8163083791732788), (-0.338126003742218, 0.4683069884777069, 0.8163083791732788), (-0.32965990900993347, 0.5078544616699219, 0.7958694696426392), (-0.4307214319705963, 0.5078544616699219, 0.7460314035415649), (-0.4417829215526581, 0.4683069884777069, 0.7651904225349426), (-0.4417829215526581, 0.4683069884777069, 0.7651904225349426), (-0.4307214319705963, 0.5078544616699219, 0.7460314035415649), (-0.5244132280349731, 0.5078544616699219, 0.6834285855293274), (-0.5378807783126831, 0.4683069884777069, 0.7009798884391785), (-0.5378807783126831, 0.4683069884777069, 0.7009798884391785), (-0.5244132280349731, 0.5078544616699219, 0.6834285855293274), (-0.6091321110725403, 0.5078544616699219, 0.6091321110725403), (-0.6247754096984863, 0.4683069884777069, 0.6247754096984863), (-0.6247754096984863, 0.4683069884777069, 0.6247754096984863), (-0.6091321110725403, 0.5078544616699219, 0.6091321110725403), (-0.6834285855293274, 0.5078544616699219, 0.5244132280349731), (-0.7009798884391785, 0.4683069884777069, 0.5378807783126831), (-0.7009798884391785, 0.4683069884777069, 0.5378807783126831), (-0.6834285855293274, 0.5078544616699219, 0.5244132280349731), (-0.7460314035415649, 0.5078544616699219, 0.4307214319705963), (-0.7651904225349426, 0.4683069884777069, 0.4417829215526581), (-0.7651904225349426, 0.4683069884777069, 0.4417829215526581), (-0.7460314035415649, 0.5078544616699219, 0.4307214319705963), (-0.7958694696426392, 0.5078544616699219, 0.32965990900993347), (-0.8163083791732788, 0.4683069884777069, 0.338126003742218), (-0.8163083791732788, 0.4683069884777069, 0.338126003742218), (-0.7958694696426392, 0.5078544616699219, 0.32965990900993347), (-0.8320899605751038, 0.5078544616699219, 0.2229578197002411), (-0.8534590601921082, 0.4683069884777069, 0.22868366539478302), (-0.8534590601921082, 0.4683069884777069, 0.22868366539478302), (-0.8320899605751038, 0.5078544616699219, 0.2229578197002411), (-0.8540731072425842, 0.5078544616699219, 0.11244086176156998), (-0.8760067820549011, 0.4683069884777069, 0.11532848328351974), (-0.8760067820549011, 0.4683069884777069, 0.11532848328351974), (-0.8540731072425842, 0.5078544616699219, 0.11244086176156998), (-0.8614428639411926, 0.5078544616699219, 0.0), (-0.8835658431053162, 0.4683069884777069, 0.0), (-0.8835658431053162, 0.4683069884777069, 0.0), (-0.8614428639411926, 0.5078544616699219, 0.0), (-0.8540731072425842, 0.5078544616699219, -0.11244086176156998), (-0.8760067820549011, 0.4683069884777069, -0.11532848328351974), (-0.8760067820549011, 0.4683069884777069, -0.11532848328351974), (-0.8540731072425842, 0.5078544616699219, -0.11244086176156998), (-0.8320899605751038, 0.5078544616699219, -0.2229578197002411), (-0.8534590601921082, 0.4683069884777069, -0.22868366539478302), (-0.8534590601921082, 0.4683069884777069, -0.22868366539478302), (-0.8320899605751038, 0.5078544616699219, -0.2229578197002411), (-0.7958694696426392, 0.5078544616699219, -0.32965990900993347), (-0.8163083791732788, 0.4683069884777069, -0.338126003742218), (-0.8163083791732788, 0.4683069884777069, -0.338126003742218), (-0.7958694696426392, 0.5078544616699219, -0.32965990900993347), (-0.7460314035415649, 0.5078544616699219, -0.4307214319705963), (-0.7651904225349426, 0.4683069884777069, -0.4417829215526581), (-0.7651904225349426, 0.4683069884777069, -0.4417829215526581), (-0.7460314035415649, 0.5078544616699219, -0.4307214319705963), (-0.6834285855293274, 0.5078544616699219, -0.5244132280349731), (-0.7009798884391785, 0.4683069884777069, -0.5378807783126831), (-0.7009798884391785, 0.4683069884777069, -0.5378807783126831), (-0.6834285855293274, 0.5078544616699219, -0.5244132280349731), (-0.6091321110725403, 0.5078544616699219, -0.6091321110725403), (-0.6247754096984863, 0.4683069884777069, -0.6247754096984863), (-0.6247754096984863, 0.4683069884777069, -0.6247754096984863), (-0.6091321110725403, 0.5078544616699219, -0.6091321110725403), (-0.5244132280349731, 0.5078544616699219, -0.6834285855293274), (-0.5378807783126831, 0.4683069884777069, -0.7009798884391785), (-0.5378807783126831, 0.4683069884777069, -0.7009798884391785), (-0.5244132280349731, 0.5078544616699219, -0.6834285855293274), (-0.4307214319705963, 0.5078544616699219, -0.7460314035415649), (-0.4417829215526581, 0.4683069884777069, -0.7651904225349426), (-0.4417829215526581, 0.4683069884777069, -0.7651904225349426), (-0.4307214319705963, 0.5078544616699219, -0.7460314035415649), (-0.32965990900993347, 0.5078544616699219, -0.7958694696426392), (-0.338126003742218, 0.4683069884777069, -0.8163083791732788), (-0.338126003742218, 0.4683069884777069, -0.8163083791732788), (-0.32965990900993347, 0.5078544616699219, -0.7958694696426392), (-0.2229578197002411, 0.5078544616699219, -0.8320899605751038), (-0.22868366539478302, 0.4683069884777069, -0.8534590601921082), (-0.22868366539478302, 0.4683069884777069, -0.8534590601921082), (-0.2229578197002411, 0.5078544616699219, -0.8320899605751038), (-0.11244086176156998, 0.5078544616699219, -0.8540731072425842), (-0.11532848328351974, 0.4683069884777069, -0.8760067820549011), (-0.11532848328351974, 0.4683069884777069, -0.8760067820549011), (-0.11244086176156998, 0.5078544616699219, -0.8540731072425842), (0.0, 0.5078544616699219, -0.8614428639411926), (0.0, 0.4683069884777069, -0.8835658431053162), (0.0, 0.4683069884777069, -0.8835658431053162), (0.0, 0.5078544616699219, -0.8614428639411926), (0.11244086176156998, 0.5078544616699219, -0.8540731072425842), (0.11532848328351974, 0.4683069884777069, -0.8760067820549011), (0.11532848328351974, 0.4683069884777069, -0.8760067820549011), (0.11244086176156998, 0.5078544616699219, -0.8540731072425842), (0.2229578197002411, 0.5078544616699219, -0.8320899605751038), (0.22868366539478302, 0.4683069884777069, -0.8534590601921082), (0.22868366539478302, 0.4683069884777069, -0.8534590601921082), (0.2229578197002411, 0.5078544616699219, -0.8320899605751038), (0.32965990900993347, 0.5078544616699219, -0.7958694696426392), (0.338126003742218, 0.4683069884777069, -0.8163083791732788), (0.338126003742218, 0.4683069884777069, -0.8163083791732788), (0.32965990900993347, 0.5078544616699219, -0.7958694696426392), (0.4307214319705963, 0.5078544616699219, -0.7460314035415649), (0.4417829215526581, 0.4683069884777069, -0.7651904225349426), (0.4417829215526581, 0.4683069884777069, -0.7651904225349426), (0.4307214319705963, 0.5078544616699219, -0.7460314035415649), (0.5244132280349731, 0.5078544616699219, -0.6834285855293274), (0.5378807783126831, 0.4683069884777069, -0.7009798884391785), (0.5378807783126831, 0.4683069884777069, -0.7009798884391785), (0.5244132280349731, 0.5078544616699219, -0.6834285855293274), (0.6091321110725403, 0.5078544616699219, -0.6091321110725403), (0.6247754096984863, 0.4683069884777069, -0.6247754096984863), (0.6247754096984863, 0.4683069884777069, -0.6247754096984863), (0.6091321110725403, 0.5078544616699219, -0.6091321110725403), (0.6834285855293274, 0.5078544616699219, -0.5244132280349731), (0.7009798884391785, 0.4683069884777069, -0.5378807783126831), (0.7009798884391785, 0.4683069884777069, -0.5378807783126831), (0.6834285855293274, 0.5078544616699219, -0.5244132280349731), (0.7460314035415649, 0.5078544616699219, -0.4307214319705963), (0.7651904225349426, 0.4683069884777069, -0.4417829215526581), (0.7651904225349426, 0.4683069884777069, -0.4417829215526581), (0.7460314035415649, 0.5078544616699219, -0.4307214319705963), (0.7958694696426392, 0.5078544616699219, -0.32965990900993347), (0.8163083791732788, 0.4683069884777069, -0.338126003742218), (0.8163083791732788, 0.4683069884777069, -0.338126003742218), (0.7958694696426392, 0.5078544616699219, -0.32965990900993347), (0.8320899605751038, 0.5078544616699219, -0.2229578197002411), (0.8534590601921082, 0.4683069884777069, -0.22868366539478302), (0.8534590601921082, 0.4683069884777069, -0.22868366539478302), (0.8320899605751038, 0.5078544616699219, -0.2229578197002411), (0.8540731072425842, 0.5078544616699219, -0.11244086176156998), (0.8760067820549011, 0.4683069884777069, -0.11532848328351974), (0.8760067820549011, 0.4683069884777069, -0.11532848328351974), (0.8540731072425842, 0.5078544616699219, -0.11244086176156998), (0.8614428639411926, 0.5078544616699219, 0.0), (0.8835658431053162, 0.4683069884777069, 0.0), (0.8614428639411926, 0.5078544616699219, 0.0), (0.83261638879776, 0.5538501143455505, 0.0), (0.8254932165145874, 0.5538501143455505, 0.10867824405431747), (0.8540731072425842, 0.5078544616699219, 0.11244086176156998), (0.8540731072425842, 0.5078544616699219, 0.11244086176156998), (0.8254932165145874, 0.5538501143455505, 0.10867824405431747), (0.80424565076828, 0.5538501143455505, 0.2154969871044159), (0.8320899605751038, 0.5078544616699219, 0.2229578197002411), (0.8320899605751038, 0.5078544616699219, 0.2229578197002411), (0.80424565076828, 0.5538501143455505, 0.2154969871044159), (0.769237220287323, 0.5538501143455505, 0.3186284899711609), (0.7958694696426392, 0.5078544616699219, 0.32965990900993347), (0.7958694696426392, 0.5078544616699219, 0.32965990900993347), (0.769237220287323, 0.5538501143455505, 0.3186284899711609), (0.721066951751709, 0.5538501143455505, 0.41630819439888), (0.7460314035415649, 0.5078544616699219, 0.4307214319705963), (0.7460314035415649, 0.5078544616699219, 0.4307214319705963), (0.721066951751709, 0.5538501143455505, 0.41630819439888), (0.6605589985847473, 0.5538501143455505, 0.5068647265434265), (0.6834285855293274, 0.5078544616699219, 0.5244132280349731), (0.6834285855293274, 0.5078544616699219, 0.5244132280349731), (0.6605589985847473, 0.5538501143455505, 0.5068647265434265), (0.5887486934661865, 0.5538501143455505, 0.5887486934661865), (0.6091321110725403, 0.5078544616699219, 0.6091321110725403), (0.6091321110725403, 0.5078544616699219, 0.6091321110725403), (0.5887486934661865, 0.5538501143455505, 0.5887486934661865), (0.5068647265434265, 0.5538501143455505, 0.6605589985847473), (0.5244132280349731, 0.5078544616699219, 0.6834285855293274), (0.5244132280349731, 0.5078544616699219, 0.6834285855293274), (0.5068647265434265, 0.5538501143455505, 0.6605589985847473), (0.41630819439888, 0.5538501143455505, 0.721066951751709), (0.4307214319705963, 0.5078544616699219, 0.7460314035415649), (0.4307214319705963, 0.5078544616699219, 0.7460314035415649), (0.41630819439888, 0.5538501143455505, 0.721066951751709), (0.3186284899711609, 0.5538501143455505, 0.769237220287323), (0.32965990900993347, 0.5078544616699219, 0.7958694696426392), (0.32965990900993347, 0.5078544616699219, 0.7958694696426392), (0.3186284899711609, 0.5538501143455505, 0.769237220287323), (0.2154969871044159, 0.5538501143455505, 0.80424565076828), (0.2229578197002411, 0.5078544616699219, 0.8320899605751038), (0.2229578197002411, 0.5078544616699219, 0.8320899605751038), (0.2154969871044159, 0.5538501143455505, 0.80424565076828), (0.10867824405431747, 0.5538501143455505, 0.8254932165145874), (0.11244086176156998, 0.5078544616699219, 0.8540731072425842), (0.11244086176156998, 0.5078544616699219, 0.8540731072425842), (0.10867824405431747, 0.5538501143455505, 0.8254932165145874), (0.0, 0.5538501143455505, 0.83261638879776), (0.0, 0.5078544616699219, 0.8614428639411926), (0.0, 0.5078544616699219, 0.8614428639411926), (0.0, 0.5538501143455505, 0.83261638879776), (-0.10867824405431747, 0.5538501143455505, 0.8254932165145874), (-0.11244086176156998, 0.5078544616699219, 0.8540731072425842), (-0.11244086176156998, 0.5078544616699219, 0.8540731072425842), (-0.10867824405431747, 0.5538501143455505, 0.8254932165145874), (-0.2154969871044159, 0.5538501143455505, 0.80424565076828), (-0.2229578197002411, 0.5078544616699219, 0.8320899605751038), (-0.2229578197002411, 0.5078544616699219, 0.8320899605751038), (-0.2154969871044159, 0.5538501143455505, 0.80424565076828), (-0.3186284899711609, 0.5538501143455505, 0.769237220287323), (-0.32965990900993347, 0.5078544616699219, 0.7958694696426392), (-0.32965990900993347, 0.5078544616699219, 0.7958694696426392), (-0.3186284899711609, 0.5538501143455505, 0.769237220287323), (-0.41630819439888, 0.5538501143455505, 0.721066951751709), (-0.4307214319705963, 0.5078544616699219, 0.7460314035415649), (-0.4307214319705963, 0.5078544616699219, 0.7460314035415649), (-0.41630819439888, 0.5538501143455505, 0.721066951751709), (-0.5068647265434265, 0.5538501143455505, 0.6605589985847473), (-0.5244132280349731, 0.5078544616699219, 0.6834285855293274), (-0.5244132280349731, 0.5078544616699219, 0.6834285855293274), (-0.5068647265434265, 0.5538501143455505, 0.6605589985847473), (-0.5887486934661865, 0.5538501143455505, 0.5887486934661865), (-0.6091321110725403, 0.5078544616699219, 0.6091321110725403), (-0.6091321110725403, 0.5078544616699219, 0.6091321110725403), (-0.5887486934661865, 0.5538501143455505, 0.5887486934661865), (-0.6605589985847473, 0.5538501143455505, 0.5068647265434265), (-0.6834285855293274, 0.5078544616699219, 0.5244132280349731), (-0.6834285855293274, 0.5078544616699219, 0.5244132280349731), (-0.6605589985847473, 0.5538501143455505, 0.5068647265434265), (-0.721066951751709, 0.5538501143455505, 0.41630819439888), (-0.7460314035415649, 0.5078544616699219, 0.4307214319705963), (-0.7460314035415649, 0.5078544616699219, 0.4307214319705963), (-0.721066951751709, 0.5538501143455505, 0.41630819439888), (-0.769237220287323, 0.5538501143455505, 0.3186284899711609), (-0.7958694696426392, 0.5078544616699219, 0.32965990900993347), (-0.7958694696426392, 0.5078544616699219, 0.32965990900993347), (-0.769237220287323, 0.5538501143455505, 0.3186284899711609), (-0.80424565076828, 0.5538501143455505, 0.2154969871044159), (-0.8320899605751038, 0.5078544616699219, 0.2229578197002411), (-0.8320899605751038, 0.5078544616699219, 0.2229578197002411), (-0.80424565076828, 0.5538501143455505, 0.2154969871044159), (-0.8254932165145874, 0.5538501143455505, 0.10867824405431747), (-0.8540731072425842, 0.5078544616699219, 0.11244086176156998), (-0.8540731072425842, 0.5078544616699219, 0.11244086176156998), (-0.8254932165145874, 0.5538501143455505, 0.10867824405431747), (-0.83261638879776, 0.5538501143455505, 0.0), (-0.8614428639411926, 0.5078544616699219, 0.0), (-0.8614428639411926, 0.5078544616699219, 0.0), (-0.83261638879776, 0.5538501143455505, 0.0), (-0.8254932165145874, 0.5538501143455505, -0.10867824405431747), (-0.8540731072425842, 0.5078544616699219, -0.11244086176156998), (-0.8540731072425842, 0.5078544616699219, -0.11244086176156998), (-0.8254932165145874, 0.5538501143455505, -0.10867824405431747), (-0.80424565076828, 0.5538501143455505, -0.2154969871044159), (-0.8320899605751038, 0.5078544616699219, -0.2229578197002411), (-0.8320899605751038, 0.5078544616699219, -0.2229578197002411), (-0.80424565076828, 0.5538501143455505, -0.2154969871044159), (-0.769237220287323, 0.5538501143455505, -0.3186284899711609), (-0.7958694696426392, 0.5078544616699219, -0.32965990900993347), (-0.7958694696426392, 0.5078544616699219, -0.32965990900993347), (-0.769237220287323, 0.5538501143455505, -0.3186284899711609), (-0.721066951751709, 0.5538501143455505, -0.41630819439888), (-0.7460314035415649, 0.5078544616699219, -0.4307214319705963), (-0.7460314035415649, 0.5078544616699219, -0.4307214319705963), (-0.721066951751709, 0.5538501143455505, -0.41630819439888), (-0.6605589985847473, 0.5538501143455505, -0.5068647265434265), (-0.6834285855293274, 0.5078544616699219, -0.5244132280349731), (-0.6834285855293274, 0.5078544616699219, -0.5244132280349731), (-0.6605589985847473, 0.5538501143455505, -0.5068647265434265), (-0.5887486934661865, 0.5538501143455505, -0.5887486934661865), (-0.6091321110725403, 0.5078544616699219, -0.6091321110725403), (-0.6091321110725403, 0.5078544616699219, -0.6091321110725403), (-0.5887486934661865, 0.5538501143455505, -0.5887486934661865), (-0.5068647265434265, 0.5538501143455505, -0.6605589985847473), (-0.5244132280349731, 0.5078544616699219, -0.6834285855293274), (-0.5244132280349731, 0.5078544616699219, -0.6834285855293274), (-0.5068647265434265, 0.5538501143455505, -0.6605589985847473), (-0.41630819439888, 0.5538501143455505, -0.721066951751709), (-0.4307214319705963, 0.5078544616699219, -0.7460314035415649), (-0.4307214319705963, 0.5078544616699219, -0.7460314035415649), (-0.41630819439888, 0.5538501143455505, -0.721066951751709), (-0.3186284899711609, 0.5538501143455505, -0.769237220287323), (-0.32965990900993347, 0.5078544616699219, -0.7958694696426392), (-0.32965990900993347, 0.5078544616699219, -0.7958694696426392), (-0.3186284899711609, 0.5538501143455505, -0.769237220287323), (-0.2154969871044159, 0.5538501143455505, -0.80424565076828), (-0.2229578197002411, 0.5078544616699219, -0.8320899605751038), (-0.2229578197002411, 0.5078544616699219, -0.8320899605751038), (-0.2154969871044159, 0.5538501143455505, -0.80424565076828), (-0.10867824405431747, 0.5538501143455505, -0.8254932165145874), (-0.11244086176156998, 0.5078544616699219, -0.8540731072425842), (-0.11244086176156998, 0.5078544616699219, -0.8540731072425842), (-0.10867824405431747, 0.5538501143455505, -0.8254932165145874), (0.0, 0.5538501143455505, -0.83261638879776), (0.0, 0.5078544616699219, -0.8614428639411926), (0.0, 0.5078544616699219, -0.8614428639411926), (0.0, 0.5538501143455505, -0.83261638879776), (0.10867824405431747, 0.5538501143455505, -0.8254932165145874), (0.11244086176156998, 0.5078544616699219, -0.8540731072425842), (0.11244086176156998, 0.5078544616699219, -0.8540731072425842), (0.10867824405431747, 0.5538501143455505, -0.8254932165145874), (0.2154969871044159, 0.5538501143455505, -0.80424565076828), (0.2229578197002411, 0.5078544616699219, -0.8320899605751038), (0.2229578197002411, 0.5078544616699219, -0.8320899605751038), (0.2154969871044159, 0.5538501143455505, -0.80424565076828), (0.3186284899711609, 0.5538501143455505, -0.769237220287323), (0.32965990900993347, 0.5078544616699219, -0.7958694696426392), (0.32965990900993347, 0.5078544616699219, -0.7958694696426392), (0.3186284899711609, 0.5538501143455505, -0.769237220287323), (0.41630819439888, 0.5538501143455505, -0.721066951751709), (0.4307214319705963, 0.5078544616699219, -0.7460314035415649), (0.4307214319705963, 0.5078544616699219, -0.7460314035415649), (0.41630819439888, 0.5538501143455505, -0.721066951751709), (0.5068647265434265, 0.5538501143455505, -0.6605589985847473), (0.5244132280349731, 0.5078544616699219, -0.6834285855293274), (0.5244132280349731, 0.5078544616699219, -0.6834285855293274), (0.5068647265434265, 0.5538501143455505, -0.6605589985847473), (0.5887486934661865, 0.5538501143455505, -0.5887486934661865), (0.6091321110725403, 0.5078544616699219, -0.6091321110725403), (0.6091321110725403, 0.5078544616699219, -0.6091321110725403), (0.5887486934661865, 0.5538501143455505, -0.5887486934661865), (0.6605589985847473, 0.5538501143455505, -0.5068647265434265), (0.6834285855293274, 0.5078544616699219, -0.5244132280349731), (0.6834285855293274, 0.5078544616699219, -0.5244132280349731), (0.6605589985847473, 0.5538501143455505, -0.5068647265434265), (0.721066951751709, 0.5538501143455505, -0.41630819439888), (0.7460314035415649, 0.5078544616699219, -0.4307214319705963), (0.7460314035415649, 0.5078544616699219, -0.4307214319705963), (0.721066951751709, 0.5538501143455505, -0.41630819439888), (0.769237220287323, 0.5538501143455505, -0.3186284899711609), (0.7958694696426392, 0.5078544616699219, -0.32965990900993347), (0.7958694696426392, 0.5078544616699219, -0.32965990900993347), (0.769237220287323, 0.5538501143455505, -0.3186284899711609), (0.80424565076828, 0.5538501143455505, -0.2154969871044159), (0.8320899605751038, 0.5078544616699219, -0.2229578197002411), (0.8320899605751038, 0.5078544616699219, -0.2229578197002411), (0.80424565076828, 0.5538501143455505, -0.2154969871044159), (0.8254932165145874, 0.5538501143455505, -0.10867824405431747), (0.8540731072425842, 0.5078544616699219, -0.11244086176156998), (0.8540731072425842, 0.5078544616699219, -0.11244086176156998), (0.8254932165145874, 0.5538501143455505, -0.10867824405431747), (0.83261638879776, 0.5538501143455505, 0.0), (0.8614428639411926, 0.5078544616699219, 0.0), (0.83261638879776, 0.5538501143455505, 0.0), (0.7943382859230042, 0.6074756979942322, 0.0), (0.7875425815582275, 0.6074756979942322, 0.10368195176124573), (0.8254932165145874, 0.5538501143455505, 0.10867824405431747), (0.8254932165145874, 0.5538501143455505, 0.10867824405431747), (0.7875425815582275, 0.6074756979942322, 0.10368195176124573), (0.767271876335144, 0.6074756979942322, 0.2055898755788803), (0.80424565076828, 0.5538501143455505, 0.2154969871044159), (0.80424565076828, 0.5538501143455505, 0.2154969871044159), (0.767271876335144, 0.6074756979942322, 0.2055898755788803), (0.7338728904724121, 0.6074756979942322, 0.30398011207580566), (0.769237220287323, 0.5538501143455505, 0.3186284899711609), (0.769237220287323, 0.5538501143455505, 0.3186284899711609), (0.7338728904724121, 0.6074756979942322, 0.30398011207580566), (0.6879171133041382, 0.6074756979942322, 0.3971691429615021), (0.721066951751709, 0.5538501143455505, 0.41630819439888), (0.721066951751709, 0.5538501143455505, 0.41630819439888), (0.6879171133041382, 0.6074756979942322, 0.3971691429615021), (0.630190908908844, 0.6074756979942322, 0.48356249928474426), (0.6605589985847473, 0.5538501143455505, 0.5068647265434265), (0.6605589985847473, 0.5538501143455505, 0.5068647265434265), (0.630190908908844, 0.6074756979942322, 0.48356249928474426), (0.5616819858551025, 0.6074756979942322, 0.5616819858551025), (0.5887486934661865, 0.5538501143455505, 0.5887486934661865), (0.5887486934661865, 0.5538501143455505, 0.5887486934661865), (0.5616819858551025, 0.6074756979942322, 0.5616819858551025), (0.48356249928474426, 0.6074756979942322, 0.630190908908844), (0.5068647265434265, 0.5538501143455505, 0.6605589985847473), (0.5068647265434265, 0.5538501143455505, 0.6605589985847473), (0.48356249928474426, 0.6074756979942322, 0.630190908908844), (0.3971691429615021, 0.6074756979942322, 0.6879171133041382), (0.41630819439888, 0.5538501143455505, 0.721066951751709), (0.41630819439888, 0.5538501143455505, 0.721066951751709), (0.3971691429615021, 0.6074756979942322, 0.6879171133041382), (0.30398011207580566, 0.6074756979942322, 0.7338728904724121), (0.3186284899711609, 0.5538501143455505, 0.769237220287323), (0.3186284899711609, 0.5538501143455505, 0.769237220287323), (0.30398011207580566, 0.6074756979942322, 0.7338728904724121), (0.2055898755788803, 0.6074756979942322, 0.767271876335144), (0.2154969871044159, 0.5538501143455505, 0.80424565076828), (0.2154969871044159, 0.5538501143455505, 0.80424565076828), (0.2055898755788803, 0.6074756979942322, 0.767271876335144), (0.10368195176124573, 0.6074756979942322, 0.7875425815582275), (0.10867824405431747, 0.5538501143455505, 0.8254932165145874), (0.10867824405431747, 0.5538501143455505, 0.8254932165145874), (0.10368195176124573, 0.6074756979942322, 0.7875425815582275), (0.0, 0.6074756979942322, 0.7943382859230042), (0.0, 0.5538501143455505, 0.83261638879776), (0.0, 0.5538501143455505, 0.83261638879776), (0.0, 0.6074756979942322, 0.7943382859230042), (-0.10368195176124573, 0.6074756979942322, 0.7875425815582275), (-0.10867824405431747, 0.5538501143455505, 0.8254932165145874), (-0.10867824405431747, 0.5538501143455505, 0.8254932165145874), (-0.10368195176124573, 0.6074756979942322, 0.7875425815582275), (-0.2055898755788803, 0.6074756979942322, 0.767271876335144), (-0.2154969871044159, 0.5538501143455505, 0.80424565076828), (-0.2154969871044159, 0.5538501143455505, 0.80424565076828), (-0.2055898755788803, 0.6074756979942322, 0.767271876335144), (-0.30398011207580566, 0.6074756979942322, 0.7338728904724121), (-0.3186284899711609, 0.5538501143455505, 0.769237220287323), (-0.3186284899711609, 0.5538501143455505, 0.769237220287323), (-0.30398011207580566, 0.6074756979942322, 0.7338728904724121), (-0.3971691429615021, 0.6074756979942322, 0.6879171133041382), (-0.41630819439888, 0.5538501143455505, 0.721066951751709), (-0.41630819439888, 0.5538501143455505, 0.721066951751709), (-0.3971691429615021, 0.6074756979942322, 0.6879171133041382), (-0.48356249928474426, 0.6074756979942322, 0.630190908908844), (-0.5068647265434265, 0.5538501143455505, 0.6605589985847473), (-0.5068647265434265, 0.5538501143455505, 0.6605589985847473), (-0.48356249928474426, 0.6074756979942322, 0.630190908908844), (-0.5616819858551025, 0.6074756979942322, 0.5616819858551025), (-0.5887486934661865, 0.5538501143455505, 0.5887486934661865), (-0.5887486934661865, 0.5538501143455505, 0.5887486934661865), (-0.5616819858551025, 0.6074756979942322, 0.5616819858551025), (-0.630190908908844, 0.6074756979942322, 0.48356249928474426), (-0.6605589985847473, 0.5538501143455505, 0.5068647265434265), (-0.6605589985847473, 0.5538501143455505, 0.5068647265434265), (-0.630190908908844, 0.6074756979942322, 0.48356249928474426), (-0.6879171133041382, 0.6074756979942322, 0.3971691429615021), (-0.721066951751709, 0.5538501143455505, 0.41630819439888), (-0.721066951751709, 0.5538501143455505, 0.41630819439888), (-0.6879171133041382, 0.6074756979942322, 0.3971691429615021), (-0.7338728904724121, 0.6074756979942322, 0.30398011207580566), (-0.769237220287323, 0.5538501143455505, 0.3186284899711609), (-0.769237220287323, 0.5538501143455505, 0.3186284899711609), (-0.7338728904724121, 0.6074756979942322, 0.30398011207580566), (-0.767271876335144, 0.6074756979942322, 0.2055898755788803), (-0.80424565076828, 0.5538501143455505, 0.2154969871044159), (-0.80424565076828, 0.5538501143455505, 0.2154969871044159), (-0.767271876335144, 0.6074756979942322, 0.2055898755788803), (-0.7875425815582275, 0.6074756979942322, 0.10368195176124573), (-0.8254932165145874, 0.5538501143455505, 0.10867824405431747), (-0.8254932165145874, 0.5538501143455505, 0.10867824405431747), (-0.7875425815582275, 0.6074756979942322, 0.10368195176124573), (-0.7943382859230042, 0.6074756979942322, 0.0), (-0.83261638879776, 0.5538501143455505, 0.0), (-0.83261638879776, 0.5538501143455505, 0.0), (-0.7943382859230042, 0.6074756979942322, 0.0), (-0.7875425815582275, 0.6074756979942322, -0.10368195176124573), (-0.8254932165145874, 0.5538501143455505, -0.10867824405431747), (-0.8254932165145874, 0.5538501143455505, -0.10867824405431747), (-0.7875425815582275, 0.6074756979942322, -0.10368195176124573), (-0.767271876335144, 0.6074756979942322, -0.2055898755788803), (-0.80424565076828, 0.5538501143455505, -0.2154969871044159), (-0.80424565076828, 0.5538501143455505, -0.2154969871044159), (-0.767271876335144, 0.6074756979942322, -0.2055898755788803), (-0.7338728904724121, 0.6074756979942322, -0.30398011207580566), (-0.769237220287323, 0.5538501143455505, -0.3186284899711609), (-0.769237220287323, 0.5538501143455505, -0.3186284899711609), (-0.7338728904724121, 0.6074756979942322, -0.30398011207580566), (-0.6879171133041382, 0.6074756979942322, -0.3971691429615021), (-0.721066951751709, 0.5538501143455505, -0.41630819439888), (-0.721066951751709, 0.5538501143455505, -0.41630819439888), (-0.6879171133041382, 0.6074756979942322, -0.3971691429615021), (-0.630190908908844, 0.6074756979942322, -0.48356249928474426), (-0.6605589985847473, 0.5538501143455505, -0.5068647265434265), (-0.6605589985847473, 0.5538501143455505, -0.5068647265434265), (-0.630190908908844, 0.6074756979942322, -0.48356249928474426), (-0.5616819858551025, 0.6074756979942322, -0.5616819858551025), (-0.5887486934661865, 0.5538501143455505, -0.5887486934661865), (-0.5887486934661865, 0.5538501143455505, -0.5887486934661865), (-0.5616819858551025, 0.6074756979942322, -0.5616819858551025), (-0.48356249928474426, 0.6074756979942322, -0.630190908908844), (-0.5068647265434265, 0.5538501143455505, -0.6605589985847473), (-0.5068647265434265, 0.5538501143455505, -0.6605589985847473), (-0.48356249928474426, 0.6074756979942322, -0.630190908908844), (-0.3971691429615021, 0.6074756979942322, -0.6879171133041382), (-0.41630819439888, 0.5538501143455505, -0.721066951751709), (-0.41630819439888, 0.5538501143455505, -0.721066951751709), (-0.3971691429615021, 0.6074756979942322, -0.6879171133041382), (-0.30398011207580566, 0.6074756979942322, -0.7338728904724121), (-0.3186284899711609, 0.5538501143455505, -0.769237220287323), (-0.3186284899711609, 0.5538501143455505, -0.769237220287323), (-0.30398011207580566, 0.6074756979942322, -0.7338728904724121), (-0.2055898755788803, 0.6074756979942322, -0.767271876335144), (-0.2154969871044159, 0.5538501143455505, -0.80424565076828), (-0.2154969871044159, 0.5538501143455505, -0.80424565076828), (-0.2055898755788803, 0.6074756979942322, -0.767271876335144), (-0.10368195176124573, 0.6074756979942322, -0.7875425815582275), (-0.10867824405431747, 0.5538501143455505, -0.8254932165145874), (-0.10867824405431747, 0.5538501143455505, -0.8254932165145874), (-0.10368195176124573, 0.6074756979942322, -0.7875425815582275), (0.0, 0.6074756979942322, -0.7943382859230042), (0.0, 0.5538501143455505, -0.83261638879776), (0.0, 0.5538501143455505, -0.83261638879776), (0.0, 0.6074756979942322, -0.7943382859230042), (0.10368195176124573, 0.6074756979942322, -0.7875425815582275), (0.10867824405431747, 0.5538501143455505, -0.8254932165145874), (0.10867824405431747, 0.5538501143455505, -0.8254932165145874), (0.10368195176124573, 0.6074756979942322, -0.7875425815582275), (0.2055898755788803, 0.6074756979942322, -0.767271876335144), (0.2154969871044159, 0.5538501143455505, -0.80424565076828), (0.2154969871044159, 0.5538501143455505, -0.80424565076828), (0.2055898755788803, 0.6074756979942322, -0.767271876335144), (0.30398011207580566, 0.6074756979942322, -0.7338728904724121), (0.3186284899711609, 0.5538501143455505, -0.769237220287323), (0.3186284899711609, 0.5538501143455505, -0.769237220287323), (0.30398011207580566, 0.6074756979942322, -0.7338728904724121), (0.3971691429615021, 0.6074756979942322, -0.6879171133041382), (0.41630819439888, 0.5538501143455505, -0.721066951751709), (0.41630819439888, 0.5538501143455505, -0.721066951751709), (0.3971691429615021, 0.6074756979942322, -0.6879171133041382), (0.48356249928474426, 0.6074756979942322, -0.630190908908844), (0.5068647265434265, 0.5538501143455505, -0.6605589985847473), (0.5068647265434265, 0.5538501143455505, -0.6605589985847473), (0.48356249928474426, 0.6074756979942322, -0.630190908908844), (0.5616819858551025, 0.6074756979942322, -0.5616819858551025), (0.5887486934661865, 0.5538501143455505, -0.5887486934661865), (0.5887486934661865, 0.5538501143455505, -0.5887486934661865), (0.5616819858551025, 0.6074756979942322, -0.5616819858551025), (0.630190908908844, 0.6074756979942322, -0.48356249928474426), (0.6605589985847473, 0.5538501143455505, -0.5068647265434265), (0.6605589985847473, 0.5538501143455505, -0.5068647265434265), (0.630190908908844, 0.6074756979942322, -0.48356249928474426), (0.6879171133041382, 0.6074756979942322, -0.3971691429615021), (0.721066951751709, 0.5538501143455505, -0.41630819439888), (0.721066951751709, 0.5538501143455505, -0.41630819439888), (0.6879171133041382, 0.6074756979942322, -0.3971691429615021), (0.7338728904724121, 0.6074756979942322, -0.30398011207580566), (0.769237220287323, 0.5538501143455505, -0.3186284899711609), (0.769237220287323, 0.5538501143455505, -0.3186284899711609), (0.7338728904724121, 0.6074756979942322, -0.30398011207580566), (0.767271876335144, 0.6074756979942322, -0.2055898755788803), (0.80424565076828, 0.5538501143455505, -0.2154969871044159), (0.80424565076828, 0.5538501143455505, -0.2154969871044159), (0.767271876335144, 0.6074756979942322, -0.2055898755788803), (0.7875425815582275, 0.6074756979942322, -0.10368195176124573), (0.8254932165145874, 0.5538501143455505, -0.10867824405431747), (0.8254932165145874, 0.5538501143455505, -0.10867824405431747), (0.7875425815582275, 0.6074756979942322, -0.10368195176124573), (0.7943382859230042, 0.6074756979942322, 0.0), (0.83261638879776, 0.5538501143455505, 0.0), (0.7943382859230042, 0.6074756979942322, 0.0), (0.7425376176834106, 0.6698043942451477, 0.0), (0.7361850738525391, 0.6698043942451477, 0.09692060947418213), (0.7875425815582275, 0.6074756979942322, 0.10368195176124573), (0.7875425815582275, 0.6074756979942322, 0.10368195176124573), (0.7361850738525391, 0.6698043942451477, 0.09692060947418213), (0.7172362804412842, 0.6698043942451477, 0.19218286871910095), (0.767271876335144, 0.6074756979942322, 0.2055898755788803), (0.767271876335144, 0.6074756979942322, 0.2055898755788803), (0.7172362804412842, 0.6698043942451477, 0.19218286871910095), (0.6860153079032898, 0.6698043942451477, 0.28415682911872864), (0.7338728904724121, 0.6074756979942322, 0.30398011207580566), (0.7338728904724121, 0.6074756979942322, 0.30398011207580566), (0.6860153079032898, 0.6698043942451477, 0.28415682911872864), (0.6430564522743225, 0.6698043942451477, 0.3712688088417053), (0.6879171133041382, 0.6074756979942322, 0.3971691429615021), (0.6879171133041382, 0.6074756979942322, 0.3971691429615021), (0.6430564522743225, 0.6698043942451477, 0.3712688088417053), (0.5890946984291077, 0.6698043942451477, 0.4520282447338104), (0.630190908908844, 0.6074756979942322, 0.48356249928474426), (0.630190908908844, 0.6074756979942322, 0.48356249928474426), (0.5890946984291077, 0.6698043942451477, 0.4520282447338104), (0.5250533819198608, 0.6698043942451477, 0.5250533819198608), (0.5616819858551025, 0.6074756979942322, 0.5616819858551025), (0.5616819858551025, 0.6074756979942322, 0.5616819858551025), (0.5250533819198608, 0.6698043942451477, 0.5250533819198608), (0.4520282447338104, 0.6698043942451477, 0.5890946984291077), (0.48356249928474426, 0.6074756979942322, 0.630190908908844), (0.48356249928474426, 0.6074756979942322, 0.630190908908844), (0.4520282447338104, 0.6698043942451477, 0.5890946984291077), (0.3712688088417053, 0.6698043942451477, 0.6430564522743225), (0.3971691429615021, 0.6074756979942322, 0.6879171133041382), (0.3971691429615021, 0.6074756979942322, 0.6879171133041382), (0.3712688088417053, 0.6698043942451477, 0.6430564522743225), (0.28415682911872864, 0.6698043942451477, 0.6860153079032898), (0.30398011207580566, 0.6074756979942322, 0.7338728904724121), (0.30398011207580566, 0.6074756979942322, 0.7338728904724121), (0.28415682911872864, 0.6698043942451477, 0.6860153079032898), (0.19218286871910095, 0.6698043942451477, 0.7172362804412842), (0.2055898755788803, 0.6074756979942322, 0.767271876335144), (0.2055898755788803, 0.6074756979942322, 0.767271876335144), (0.19218286871910095, 0.6698043942451477, 0.7172362804412842), (0.09692060947418213, 0.6698043942451477, 0.7361850738525391), (0.10368195176124573, 0.6074756979942322, 0.7875425815582275), (0.10368195176124573, 0.6074756979942322, 0.7875425815582275), (0.09692060947418213, 0.6698043942451477, 0.7361850738525391), (0.0, 0.6698043942451477, 0.7425376176834106), (0.0, 0.6074756979942322, 0.7943382859230042), (0.0, 0.6074756979942322, 0.7943382859230042), (0.0, 0.6698043942451477, 0.7425376176834106), (-0.09692060947418213, 0.6698043942451477, 0.7361850738525391), (-0.10368195176124573, 0.6074756979942322, 0.7875425815582275), (-0.10368195176124573, 0.6074756979942322, 0.7875425815582275), (-0.09692060947418213, 0.6698043942451477, 0.7361850738525391), (-0.19218286871910095, 0.6698043942451477, 0.7172362804412842), (-0.2055898755788803, 0.6074756979942322, 0.767271876335144), (-0.2055898755788803, 0.6074756979942322, 0.767271876335144), (-0.19218286871910095, 0.6698043942451477, 0.7172362804412842), (-0.28415682911872864, 0.6698043942451477, 0.6860153079032898), (-0.30398011207580566, 0.6074756979942322, 0.7338728904724121), (-0.30398011207580566, 0.6074756979942322, 0.7338728904724121), (-0.28415682911872864, 0.6698043942451477, 0.6860153079032898), (-0.3712688088417053, 0.6698043942451477, 0.6430564522743225), (-0.3971691429615021, 0.6074756979942322, 0.6879171133041382), (-0.3971691429615021, 0.6074756979942322, 0.6879171133041382), (-0.3712688088417053, 0.6698043942451477, 0.6430564522743225), (-0.4520282447338104, 0.6698043942451477, 0.5890946984291077), (-0.48356249928474426, 0.6074756979942322, 0.630190908908844), (-0.48356249928474426, 0.6074756979942322, 0.630190908908844), (-0.4520282447338104, 0.6698043942451477, 0.5890946984291077), (-0.5250533819198608, 0.6698043942451477, 0.5250533819198608), (-0.5616819858551025, 0.6074756979942322, 0.5616819858551025), (-0.5616819858551025, 0.6074756979942322, 0.5616819858551025), (-0.5250533819198608, 0.6698043942451477, 0.5250533819198608), (-0.5890946984291077, 0.6698043942451477, 0.4520282447338104), (-0.630190908908844, 0.6074756979942322, 0.48356249928474426), (-0.630190908908844, 0.6074756979942322, 0.48356249928474426), (-0.5890946984291077, 0.6698043942451477, 0.4520282447338104), (-0.6430564522743225, 0.6698043942451477, 0.3712688088417053), (-0.6879171133041382, 0.6074756979942322, 0.3971691429615021), (-0.6879171133041382, 0.6074756979942322, 0.3971691429615021), (-0.6430564522743225, 0.6698043942451477, 0.3712688088417053), (-0.6860153079032898, 0.6698043942451477, 0.28415682911872864), (-0.7338728904724121, 0.6074756979942322, 0.30398011207580566), (-0.7338728904724121, 0.6074756979942322, 0.30398011207580566), (-0.6860153079032898, 0.6698043942451477, 0.28415682911872864), (-0.7172362804412842, 0.6698043942451477, 0.19218286871910095), (-0.767271876335144, 0.6074756979942322, 0.2055898755788803), (-0.767271876335144, 0.6074756979942322, 0.2055898755788803), (-0.7172362804412842, 0.6698043942451477, 0.19218286871910095), (-0.7361850738525391, 0.6698043942451477, 0.09692060947418213), (-0.7875425815582275, 0.6074756979942322, 0.10368195176124573), (-0.7875425815582275, 0.6074756979942322, 0.10368195176124573), (-0.7361850738525391, 0.6698043942451477, 0.09692060947418213), (-0.7425376176834106, 0.6698043942451477, 0.0), (-0.7943382859230042, 0.6074756979942322, 0.0), (-0.7943382859230042, 0.6074756979942322, 0.0), (-0.7425376176834106, 0.6698043942451477, 0.0), (-0.7361850738525391, 0.6698043942451477, -0.09692060947418213), (-0.7875425815582275, 0.6074756979942322, -0.10368195176124573), (-0.7875425815582275, 0.6074756979942322, -0.10368195176124573), (-0.7361850738525391, 0.6698043942451477, -0.09692060947418213), (-0.7172362804412842, 0.6698043942451477, -0.19218286871910095), (-0.767271876335144, 0.6074756979942322, -0.2055898755788803), (-0.767271876335144, 0.6074756979942322, -0.2055898755788803), (-0.7172362804412842, 0.6698043942451477, -0.19218286871910095), (-0.6860153079032898, 0.6698043942451477, -0.28415682911872864), (-0.7338728904724121, 0.6074756979942322, -0.30398011207580566), (-0.7338728904724121, 0.6074756979942322, -0.30398011207580566), (-0.6860153079032898, 0.6698043942451477, -0.28415682911872864), (-0.6430564522743225, 0.6698043942451477, -0.3712688088417053), (-0.6879171133041382, 0.6074756979942322, -0.3971691429615021), (-0.6879171133041382, 0.6074756979942322, -0.3971691429615021), (-0.6430564522743225, 0.6698043942451477, -0.3712688088417053), (-0.5890946984291077, 0.6698043942451477, -0.4520282447338104), (-0.630190908908844, 0.6074756979942322, -0.48356249928474426), (-0.630190908908844, 0.6074756979942322, -0.48356249928474426), (-0.5890946984291077, 0.6698043942451477, -0.4520282447338104), (-0.5250533819198608, 0.6698043942451477, -0.5250533819198608), (-0.5616819858551025, 0.6074756979942322, -0.5616819858551025), (-0.5616819858551025, 0.6074756979942322, -0.5616819858551025), (-0.5250533819198608, 0.6698043942451477, -0.5250533819198608), (-0.4520282447338104, 0.6698043942451477, -0.5890946984291077), (-0.48356249928474426, 0.6074756979942322, -0.630190908908844), (-0.48356249928474426, 0.6074756979942322, -0.630190908908844), (-0.4520282447338104, 0.6698043942451477, -0.5890946984291077), (-0.3712688088417053, 0.6698043942451477, -0.6430564522743225), (-0.3971691429615021, 0.6074756979942322, -0.6879171133041382), (-0.3971691429615021, 0.6074756979942322, -0.6879171133041382), (-0.3712688088417053, 0.6698043942451477, -0.6430564522743225), (-0.28415682911872864, 0.6698043942451477, -0.6860153079032898), (-0.30398011207580566, 0.6074756979942322, -0.7338728904724121), (-0.30398011207580566, 0.6074756979942322, -0.7338728904724121), (-0.28415682911872864, 0.6698043942451477, -0.6860153079032898), (-0.19218286871910095, 0.6698043942451477, -0.7172362804412842), (-0.2055898755788803, 0.6074756979942322, -0.767271876335144), (-0.2055898755788803, 0.6074756979942322, -0.767271876335144), (-0.19218286871910095, 0.6698043942451477, -0.7172362804412842), (-0.09692060947418213, 0.6698043942451477, -0.7361850738525391), (-0.10368195176124573, 0.6074756979942322, -0.7875425815582275), (-0.10368195176124573, 0.6074756979942322, -0.7875425815582275), (-0.09692060947418213, 0.6698043942451477, -0.7361850738525391), (0.0, 0.6698043942451477, -0.7425376176834106), (0.0, 0.6074756979942322, -0.7943382859230042), (0.0, 0.6074756979942322, -0.7943382859230042), (0.0, 0.6698043942451477, -0.7425376176834106), (0.09692060947418213, 0.6698043942451477, -0.7361850738525391), (0.10368195176124573, 0.6074756979942322, -0.7875425815582275), (0.10368195176124573, 0.6074756979942322, -0.7875425815582275), (0.09692060947418213, 0.6698043942451477, -0.7361850738525391), (0.19218286871910095, 0.6698043942451477, -0.7172362804412842), (0.2055898755788803, 0.6074756979942322, -0.767271876335144), (0.2055898755788803, 0.6074756979942322, -0.767271876335144), (0.19218286871910095, 0.6698043942451477, -0.7172362804412842), (0.28415682911872864, 0.6698043942451477, -0.6860153079032898), (0.30398011207580566, 0.6074756979942322, -0.7338728904724121), (0.30398011207580566, 0.6074756979942322, -0.7338728904724121), (0.28415682911872864, 0.6698043942451477, -0.6860153079032898), (0.3712688088417053, 0.6698043942451477, -0.6430564522743225), (0.3971691429615021, 0.6074756979942322, -0.6879171133041382), (0.3971691429615021, 0.6074756979942322, -0.6879171133041382), (0.3712688088417053, 0.6698043942451477, -0.6430564522743225), (0.4520282447338104, 0.6698043942451477, -0.5890946984291077), (0.48356249928474426, 0.6074756979942322, -0.630190908908844), (0.48356249928474426, 0.6074756979942322, -0.630190908908844), (0.4520282447338104, 0.6698043942451477, -0.5890946984291077), (0.5250533819198608, 0.6698043942451477, -0.5250533819198608), (0.5616819858551025, 0.6074756979942322, -0.5616819858551025), (0.5616819858551025, 0.6074756979942322, -0.5616819858551025), (0.5250533819198608, 0.6698043942451477, -0.5250533819198608), (0.5890946984291077, 0.6698043942451477, -0.4520282447338104), (0.630190908908844, 0.6074756979942322, -0.48356249928474426), (0.630190908908844, 0.6074756979942322, -0.48356249928474426), (0.5890946984291077, 0.6698043942451477, -0.4520282447338104), (0.6430564522743225, 0.6698043942451477, -0.3712688088417053), (0.6879171133041382, 0.6074756979942322, -0.3971691429615021), (0.6879171133041382, 0.6074756979942322, -0.3971691429615021), (0.6430564522743225, 0.6698043942451477, -0.3712688088417053), (0.6860153079032898, 0.6698043942451477, -0.28415682911872864), (0.7338728904724121, 0.6074756979942322, -0.30398011207580566), (0.7338728904724121, 0.6074756979942322, -0.30398011207580566), (0.6860153079032898, 0.6698043942451477, -0.28415682911872864), (0.7172362804412842, 0.6698043942451477, -0.19218286871910095), (0.767271876335144, 0.6074756979942322, -0.2055898755788803), (0.767271876335144, 0.6074756979942322, -0.2055898755788803), (0.7172362804412842, 0.6698043942451477, -0.19218286871910095), (0.7361850738525391, 0.6698043942451477, -0.09692060947418213), (0.7875425815582275, 0.6074756979942322, -0.10368195176124573), (0.7875425815582275, 0.6074756979942322, -0.10368195176124573), (0.7361850738525391, 0.6698043942451477, -0.09692060947418213), (0.7425376176834106, 0.6698043942451477, 0.0), (0.7943382859230042, 0.6074756979942322, 0.0), (0.7425376176834106, 0.6698043942451477, 0.0), (0.671251118183136, 0.7412300109863281, 0.0), (0.6655084490776062, 0.7412300109863281, 0.08761585503816605), (0.7361850738525391, 0.6698043942451477, 0.09692060947418213), (0.7361850738525391, 0.6698043942451477, 0.09692060947418213), (0.6655084490776062, 0.7412300109863281, 0.08761585503816605), (0.6483787894248962, 0.7412300109863281, 0.17373257875442505), (0.7172362804412842, 0.6698043942451477, 0.19218286871910095), (0.7172362804412842, 0.6698043942451477, 0.19218286871910095), (0.6483787894248962, 0.7412300109863281, 0.17373257875442505), (0.6201551556587219, 0.7412300109863281, 0.256876677274704), (0.6860153079032898, 0.6698043942451477, 0.28415682911872864), (0.6860153079032898, 0.6698043942451477, 0.28415682911872864), (0.6201551556587219, 0.7412300109863281, 0.256876677274704), (0.5813205242156982, 0.7412300109863281, 0.335625559091568), (0.6430564522743225, 0.6698043942451477, 0.3712688088417053), (0.6430564522743225, 0.6698043942451477, 0.3712688088417053), (0.5813205242156982, 0.7412300109863281, 0.335625559091568), (0.5325393080711365, 0.7412300109863281, 0.4086318016052246), (0.5890946984291077, 0.6698043942451477, 0.4520282447338104), (0.5890946984291077, 0.6698043942451477, 0.4520282447338104), (0.5325393080711365, 0.7412300109863281, 0.4086318016052246), (0.4746462106704712, 0.7412300109863281, 0.4746462106704712), (0.5250533819198608, 0.6698043942451477, 0.5250533819198608), (0.5250533819198608, 0.6698043942451477, 0.5250533819198608), (0.4746462106704712, 0.7412300109863281, 0.4746462106704712), (0.4086318016052246, 0.7412300109863281, 0.5325393080711365), (0.4520282447338104, 0.6698043942451477, 0.5890946984291077), (0.4520282447338104, 0.6698043942451477, 0.5890946984291077), (0.4086318016052246, 0.7412300109863281, 0.5325393080711365), (0.335625559091568, 0.7412300109863281, 0.5813205242156982), (0.3712688088417053, 0.6698043942451477, 0.6430564522743225), (0.3712688088417053, 0.6698043942451477, 0.6430564522743225), (0.335625559091568, 0.7412300109863281, 0.5813205242156982), (0.256876677274704, 0.7412300109863281, 0.6201551556587219), (0.28415682911872864, 0.6698043942451477, 0.6860153079032898), (0.28415682911872864, 0.6698043942451477, 0.6860153079032898), (0.256876677274704, 0.7412300109863281, 0.6201551556587219), (0.17373257875442505, 0.7412300109863281, 0.6483787894248962), (0.19218286871910095, 0.6698043942451477, 0.7172362804412842), (0.19218286871910095, 0.6698043942451477, 0.7172362804412842), (0.17373257875442505, 0.7412300109863281, 0.6483787894248962), (0.08761585503816605, 0.7412300109863281, 0.6655084490776062), (0.09692060947418213, 0.6698043942451477, 0.7361850738525391), (0.09692060947418213, 0.6698043942451477, 0.7361850738525391), (0.08761585503816605, 0.7412300109863281, 0.6655084490776062), (0.0, 0.7412300109863281, 0.671251118183136), (0.0, 0.6698043942451477, 0.7425376176834106), (0.0, 0.6698043942451477, 0.7425376176834106), (0.0, 0.7412300109863281, 0.671251118183136), (-0.08761585503816605, 0.7412300109863281, 0.6655084490776062), (-0.09692060947418213, 0.6698043942451477, 0.7361850738525391), (-0.09692060947418213, 0.6698043942451477, 0.7361850738525391), (-0.08761585503816605, 0.7412300109863281, 0.6655084490776062), (-0.17373257875442505, 0.7412300109863281, 0.6483787894248962), (-0.19218286871910095, 0.6698043942451477, 0.7172362804412842), (-0.19218286871910095, 0.6698043942451477, 0.7172362804412842), (-0.17373257875442505, 0.7412300109863281, 0.6483787894248962), (-0.256876677274704, 0.7412300109863281, 0.6201551556587219), (-0.28415682911872864, 0.6698043942451477, 0.6860153079032898), (-0.28415682911872864, 0.6698043942451477, 0.6860153079032898), (-0.256876677274704, 0.7412300109863281, 0.6201551556587219), (-0.335625559091568, 0.7412300109863281, 0.5813205242156982), (-0.3712688088417053, 0.6698043942451477, 0.6430564522743225), (-0.3712688088417053, 0.6698043942451477, 0.6430564522743225), (-0.335625559091568, 0.7412300109863281, 0.5813205242156982), (-0.4086318016052246, 0.7412300109863281, 0.5325393080711365), (-0.4520282447338104, 0.6698043942451477, 0.5890946984291077), (-0.4520282447338104, 0.6698043942451477, 0.5890946984291077), (-0.4086318016052246, 0.7412300109863281, 0.5325393080711365), (-0.4746462106704712, 0.7412300109863281, 0.4746462106704712), (-0.5250533819198608, 0.6698043942451477, 0.5250533819198608), (-0.5250533819198608, 0.6698043942451477, 0.5250533819198608), (-0.4746462106704712, 0.7412300109863281, 0.4746462106704712), (-0.5325393080711365, 0.7412300109863281, 0.4086318016052246), (-0.5890946984291077, 0.6698043942451477, 0.4520282447338104), (-0.5890946984291077, 0.6698043942451477, 0.4520282447338104), (-0.5325393080711365, 0.7412300109863281, 0.4086318016052246), (-0.5813205242156982, 0.7412300109863281, 0.335625559091568), (-0.6430564522743225, 0.6698043942451477, 0.3712688088417053), (-0.6430564522743225, 0.6698043942451477, 0.3712688088417053), (-0.5813205242156982, 0.7412300109863281, 0.335625559091568), (-0.6201551556587219, 0.7412300109863281, 0.256876677274704), (-0.6860153079032898, 0.6698043942451477, 0.28415682911872864), (-0.6860153079032898, 0.6698043942451477, 0.28415682911872864), (-0.6201551556587219, 0.7412300109863281, 0.256876677274704), (-0.6483787894248962, 0.7412300109863281, 0.17373257875442505), (-0.7172362804412842, 0.6698043942451477, 0.19218286871910095), (-0.7172362804412842, 0.6698043942451477, 0.19218286871910095), (-0.6483787894248962, 0.7412300109863281, 0.17373257875442505), (-0.6655084490776062, 0.7412300109863281, 0.08761585503816605), (-0.7361850738525391, 0.6698043942451477, 0.09692060947418213), (-0.7361850738525391, 0.6698043942451477, 0.09692060947418213), (-0.6655084490776062, 0.7412300109863281, 0.08761585503816605), (-0.671251118183136, 0.7412300109863281, 0.0), (-0.7425376176834106, 0.6698043942451477, 0.0), (-0.7425376176834106, 0.6698043942451477, 0.0), (-0.671251118183136, 0.7412300109863281, 0.0), (-0.6655084490776062, 0.7412300109863281, -0.08761585503816605), (-0.7361850738525391, 0.6698043942451477, -0.09692060947418213), (-0.7361850738525391, 0.6698043942451477, -0.09692060947418213), (-0.6655084490776062, 0.7412300109863281, -0.08761585503816605), (-0.6483787894248962, 0.7412300109863281, -0.17373257875442505), (-0.7172362804412842, 0.6698043942451477, -0.19218286871910095), (-0.7172362804412842, 0.6698043942451477, -0.19218286871910095), (-0.6483787894248962, 0.7412300109863281, -0.17373257875442505), (-0.6201551556587219, 0.7412300109863281, -0.256876677274704), (-0.6860153079032898, 0.6698043942451477, -0.28415682911872864), (-0.6860153079032898, 0.6698043942451477, -0.28415682911872864), (-0.6201551556587219, 0.7412300109863281, -0.256876677274704), (-0.5813205242156982, 0.7412300109863281, -0.335625559091568), (-0.6430564522743225, 0.6698043942451477, -0.3712688088417053), (-0.6430564522743225, 0.6698043942451477, -0.3712688088417053), (-0.5813205242156982, 0.7412300109863281, -0.335625559091568), (-0.5325393080711365, 0.7412300109863281, -0.4086318016052246), (-0.5890946984291077, 0.6698043942451477, -0.4520282447338104), (-0.5890946984291077, 0.6698043942451477, -0.4520282447338104), (-0.5325393080711365, 0.7412300109863281, -0.4086318016052246), (-0.4746462106704712, 0.7412300109863281, -0.4746462106704712), (-0.5250533819198608, 0.6698043942451477, -0.5250533819198608), (-0.5250533819198608, 0.6698043942451477, -0.5250533819198608), (-0.4746462106704712, 0.7412300109863281, -0.4746462106704712), (-0.4086318016052246, 0.7412300109863281, -0.5325393080711365), (-0.4520282447338104, 0.6698043942451477, -0.5890946984291077), (-0.4520282447338104, 0.6698043942451477, -0.5890946984291077), (-0.4086318016052246, 0.7412300109863281, -0.5325393080711365), (-0.335625559091568, 0.7412300109863281, -0.5813205242156982), (-0.3712688088417053, 0.6698043942451477, -0.6430564522743225), (-0.3712688088417053, 0.6698043942451477, -0.6430564522743225), (-0.335625559091568, 0.7412300109863281, -0.5813205242156982), (-0.256876677274704, 0.7412300109863281, -0.6201551556587219), (-0.28415682911872864, 0.6698043942451477, -0.6860153079032898), (-0.28415682911872864, 0.6698043942451477, -0.6860153079032898), (-0.256876677274704, 0.7412300109863281, -0.6201551556587219), (-0.17373257875442505, 0.7412300109863281, -0.6483787894248962), (-0.19218286871910095, 0.6698043942451477, -0.7172362804412842), (-0.19218286871910095, 0.6698043942451477, -0.7172362804412842), (-0.17373257875442505, 0.7412300109863281, -0.6483787894248962), (-0.08761585503816605, 0.7412300109863281, -0.6655084490776062), (-0.09692060947418213, 0.6698043942451477, -0.7361850738525391), (-0.09692060947418213, 0.6698043942451477, -0.7361850738525391), (-0.08761585503816605, 0.7412300109863281, -0.6655084490776062), (0.0, 0.7412300109863281, -0.671251118183136), (0.0, 0.6698043942451477, -0.7425376176834106), (0.0, 0.6698043942451477, -0.7425376176834106), (0.0, 0.7412300109863281, -0.671251118183136), (0.08761585503816605, 0.7412300109863281, -0.6655084490776062), (0.09692060947418213, 0.6698043942451477, -0.7361850738525391), (0.09692060947418213, 0.6698043942451477, -0.7361850738525391), (0.08761585503816605, 0.7412300109863281, -0.6655084490776062), (0.17373257875442505, 0.7412300109863281, -0.6483787894248962), (0.19218286871910095, 0.6698043942451477, -0.7172362804412842), (0.19218286871910095, 0.6698043942451477, -0.7172362804412842), (0.17373257875442505, 0.7412300109863281, -0.6483787894248962), (0.256876677274704, 0.7412300109863281, -0.6201551556587219), (0.28415682911872864, 0.6698043942451477, -0.6860153079032898), (0.28415682911872864, 0.6698043942451477, -0.6860153079032898), (0.256876677274704, 0.7412300109863281, -0.6201551556587219), (0.335625559091568, 0.7412300109863281, -0.5813205242156982), (0.3712688088417053, 0.6698043942451477, -0.6430564522743225), (0.3712688088417053, 0.6698043942451477, -0.6430564522743225), (0.335625559091568, 0.7412300109863281, -0.5813205242156982), (0.4086318016052246, 0.7412300109863281, -0.5325393080711365), (0.4520282447338104, 0.6698043942451477, -0.5890946984291077), (0.4520282447338104, 0.6698043942451477, -0.5890946984291077), (0.4086318016052246, 0.7412300109863281, -0.5325393080711365), (0.4746462106704712, 0.7412300109863281, -0.4746462106704712), (0.5250533819198608, 0.6698043942451477, -0.5250533819198608), (0.5250533819198608, 0.6698043942451477, -0.5250533819198608), (0.4746462106704712, 0.7412300109863281, -0.4746462106704712), (0.5325393080711365, 0.7412300109863281, -0.4086318016052246), (0.5890946984291077, 0.6698043942451477, -0.4520282447338104), (0.5890946984291077, 0.6698043942451477, -0.4520282447338104), (0.5325393080711365, 0.7412300109863281, -0.4086318016052246), (0.5813205242156982, 0.7412300109863281, -0.335625559091568), (0.6430564522743225, 0.6698043942451477, -0.3712688088417053), (0.6430564522743225, 0.6698043942451477, -0.3712688088417053), (0.5813205242156982, 0.7412300109863281, -0.335625559091568), (0.6201551556587219, 0.7412300109863281, -0.256876677274704), (0.6860153079032898, 0.6698043942451477, -0.28415682911872864), (0.6860153079032898, 0.6698043942451477, -0.28415682911872864), (0.6201551556587219, 0.7412300109863281, -0.256876677274704), (0.6483787894248962, 0.7412300109863281, -0.17373257875442505), (0.7172362804412842, 0.6698043942451477, -0.19218286871910095), (0.7172362804412842, 0.6698043942451477, -0.19218286871910095), (0.6483787894248962, 0.7412300109863281, -0.17373257875442505), (0.6655084490776062, 0.7412300109863281, -0.08761585503816605), (0.7361850738525391, 0.6698043942451477, -0.09692060947418213), (0.7361850738525391, 0.6698043942451477, -0.09692060947418213), (0.6655084490776062, 0.7412300109863281, -0.08761585503816605), (0.671251118183136, 0.7412300109863281, 0.0), (0.7425376176834106, 0.6698043942451477, 0.0), (0.671251118183136, 0.7412300109863281, 0.0), (0.5721266269683838, 0.8201653361320496, 0.0), (0.5672320127487183, 0.8201653361320496, 0.07467750459909439), (0.6655084490776062, 0.7412300109863281, 0.08761585503816605), (0.6655084490776062, 0.7412300109863281, 0.08761585503816605), (0.5672320127487183, 0.8201653361320496, 0.07467750459909439), (0.5526318550109863, 0.8201653361320496, 0.14807726442813873), (0.6483787894248962, 0.7412300109863281, 0.17373257875442505), (0.6483787894248962, 0.7412300109863281, 0.17373257875442505), (0.5526318550109863, 0.8201653361320496, 0.14807726442813873), (0.5285760760307312, 0.8201653361320496, 0.21894337236881256), (0.6201551556587219, 0.7412300109863281, 0.256876677274704), (0.6201551556587219, 0.7412300109863281, 0.256876677274704), (0.5285760760307312, 0.8201653361320496, 0.21894337236881256), (0.4954761862754822, 0.8201653361320496, 0.2860633134841919), (0.5813205242156982, 0.7412300109863281, 0.335625559091568), (0.5813205242156982, 0.7412300109863281, 0.335625559091568), (0.4954761862754822, 0.8201653361320496, 0.2860633134841919), (0.453898549079895, 0.8201653361320496, 0.3482885956764221), (0.5325393080711365, 0.7412300109863281, 0.4086318016052246), (0.5325393080711365, 0.7412300109863281, 0.4086318016052246), (0.453898549079895, 0.8201653361320496, 0.3482885956764221), (0.4045546054840088, 0.8201653361320496, 0.4045546054840088), (0.4746462106704712, 0.7412300109863281, 0.4746462106704712), (0.4746462106704712, 0.7412300109863281, 0.4746462106704712), (0.4045546054840088, 0.8201653361320496, 0.4045546054840088), (0.3482885956764221, 0.8201653361320496, 0.453898549079895), (0.4086318016052246, 0.7412300109863281, 0.5325393080711365), (0.4086318016052246, 0.7412300109863281, 0.5325393080711365), (0.3482885956764221, 0.8201653361320496, 0.453898549079895), (0.2860633134841919, 0.8201653361320496, 0.4954761862754822), (0.335625559091568, 0.7412300109863281, 0.5813205242156982), (0.335625559091568, 0.7412300109863281, 0.5813205242156982), (0.2860633134841919, 0.8201653361320496, 0.4954761862754822), (0.21894337236881256, 0.8201653361320496, 0.5285760760307312), (0.256876677274704, 0.7412300109863281, 0.6201551556587219), (0.256876677274704, 0.7412300109863281, 0.6201551556587219), (0.21894337236881256, 0.8201653361320496, 0.5285760760307312), (0.14807726442813873, 0.8201653361320496, 0.5526318550109863), (0.17373257875442505, 0.7412300109863281, 0.6483787894248962), (0.17373257875442505, 0.7412300109863281, 0.6483787894248962), (0.14807726442813873, 0.8201653361320496, 0.5526318550109863), (0.07467750459909439, 0.8201653361320496, 0.5672320127487183), (0.08761585503816605, 0.7412300109863281, 0.6655084490776062), (0.08761585503816605, 0.7412300109863281, 0.6655084490776062), (0.07467750459909439, 0.8201653361320496, 0.5672320127487183), (0.0, 0.8201653361320496, 0.5721266269683838), (0.0, 0.7412300109863281, 0.671251118183136), (0.0, 0.7412300109863281, 0.671251118183136), (0.0, 0.8201653361320496, 0.5721266269683838), (-0.07467750459909439, 0.8201653361320496, 0.5672320127487183), (-0.08761585503816605, 0.7412300109863281, 0.6655084490776062), (-0.08761585503816605, 0.7412300109863281, 0.6655084490776062), (-0.07467750459909439, 0.8201653361320496, 0.5672320127487183), (-0.14807726442813873, 0.8201653361320496, 0.5526318550109863), (-0.17373257875442505, 0.7412300109863281, 0.6483787894248962), (-0.17373257875442505, 0.7412300109863281, 0.6483787894248962), (-0.14807726442813873, 0.8201653361320496, 0.5526318550109863), (-0.21894337236881256, 0.8201653361320496, 0.5285760760307312), (-0.256876677274704, 0.7412300109863281, 0.6201551556587219), (-0.256876677274704, 0.7412300109863281, 0.6201551556587219), (-0.21894337236881256, 0.8201653361320496, 0.5285760760307312), (-0.2860633134841919, 0.8201653361320496, 0.4954761862754822), (-0.335625559091568, 0.7412300109863281, 0.5813205242156982), (-0.335625559091568, 0.7412300109863281, 0.5813205242156982), (-0.2860633134841919, 0.8201653361320496, 0.4954761862754822), (-0.3482885956764221, 0.8201653361320496, 0.453898549079895), (-0.4086318016052246, 0.7412300109863281, 0.5325393080711365), (-0.4086318016052246, 0.7412300109863281, 0.5325393080711365), (-0.3482885956764221, 0.8201653361320496, 0.453898549079895), (-0.4045546054840088, 0.8201653361320496, 0.4045546054840088), (-0.4746462106704712, 0.7412300109863281, 0.4746462106704712), (-0.4746462106704712, 0.7412300109863281, 0.4746462106704712), (-0.4045546054840088, 0.8201653361320496, 0.4045546054840088), (-0.453898549079895, 0.8201653361320496, 0.3482885956764221), (-0.5325393080711365, 0.7412300109863281, 0.4086318016052246), (-0.5325393080711365, 0.7412300109863281, 0.4086318016052246), (-0.453898549079895, 0.8201653361320496, 0.3482885956764221), (-0.4954761862754822, 0.8201653361320496, 0.2860633134841919), (-0.5813205242156982, 0.7412300109863281, 0.335625559091568), (-0.5813205242156982, 0.7412300109863281, 0.335625559091568), (-0.4954761862754822, 0.8201653361320496, 0.2860633134841919), (-0.5285760760307312, 0.8201653361320496, 0.21894337236881256), (-0.6201551556587219, 0.7412300109863281, 0.256876677274704), (-0.6201551556587219, 0.7412300109863281, 0.256876677274704), (-0.5285760760307312, 0.8201653361320496, 0.21894337236881256), (-0.5526318550109863, 0.8201653361320496, 0.14807726442813873), (-0.6483787894248962, 0.7412300109863281, 0.17373257875442505), (-0.6483787894248962, 0.7412300109863281, 0.17373257875442505), (-0.5526318550109863, 0.8201653361320496, 0.14807726442813873), (-0.5672320127487183, 0.8201653361320496, 0.07467750459909439), (-0.6655084490776062, 0.7412300109863281, 0.08761585503816605), (-0.6655084490776062, 0.7412300109863281, 0.08761585503816605), (-0.5672320127487183, 0.8201653361320496, 0.07467750459909439), (-0.5721266269683838, 0.8201653361320496, 0.0), (-0.671251118183136, 0.7412300109863281, 0.0), (-0.671251118183136, 0.7412300109863281, 0.0), (-0.5721266269683838, 0.8201653361320496, 0.0), (-0.5672320127487183, 0.8201653361320496, -0.07467750459909439), (-0.6655084490776062, 0.7412300109863281, -0.08761585503816605), (-0.6655084490776062, 0.7412300109863281, -0.08761585503816605), (-0.5672320127487183, 0.8201653361320496, -0.07467750459909439), (-0.5526318550109863, 0.8201653361320496, -0.14807726442813873), (-0.6483787894248962, 0.7412300109863281, -0.17373257875442505), (-0.6483787894248962, 0.7412300109863281, -0.17373257875442505), (-0.5526318550109863, 0.8201653361320496, -0.14807726442813873), (-0.5285760760307312, 0.8201653361320496, -0.21894337236881256), (-0.6201551556587219, 0.7412300109863281, -0.256876677274704), (-0.6201551556587219, 0.7412300109863281, -0.256876677274704), (-0.5285760760307312, 0.8201653361320496, -0.21894337236881256), (-0.4954761862754822, 0.8201653361320496, -0.2860633134841919), (-0.5813205242156982, 0.7412300109863281, -0.335625559091568), (-0.5813205242156982, 0.7412300109863281, -0.335625559091568), (-0.4954761862754822, 0.8201653361320496, -0.2860633134841919), (-0.453898549079895, 0.8201653361320496, -0.3482885956764221), (-0.5325393080711365, 0.7412300109863281, -0.4086318016052246), (-0.5325393080711365, 0.7412300109863281, -0.4086318016052246), (-0.453898549079895, 0.8201653361320496, -0.3482885956764221), (-0.4045546054840088, 0.8201653361320496, -0.4045546054840088), (-0.4746462106704712, 0.7412300109863281, -0.4746462106704712), (-0.4746462106704712, 0.7412300109863281, -0.4746462106704712), (-0.4045546054840088, 0.8201653361320496, -0.4045546054840088), (-0.3482885956764221, 0.8201653361320496, -0.453898549079895), (-0.4086318016052246, 0.7412300109863281, -0.5325393080711365), (-0.4086318016052246, 0.7412300109863281, -0.5325393080711365), (-0.3482885956764221, 0.8201653361320496, -0.453898549079895), (-0.2860633134841919, 0.8201653361320496, -0.4954761862754822), (-0.335625559091568, 0.7412300109863281, -0.5813205242156982), (-0.335625559091568, 0.7412300109863281, -0.5813205242156982), (-0.2860633134841919, 0.8201653361320496, -0.4954761862754822), (-0.21894337236881256, 0.8201653361320496, -0.5285760760307312), (-0.256876677274704, 0.7412300109863281, -0.6201551556587219), (-0.256876677274704, 0.7412300109863281, -0.6201551556587219), (-0.21894337236881256, 0.8201653361320496, -0.5285760760307312), (-0.14807726442813873, 0.8201653361320496, -0.5526318550109863), (-0.17373257875442505, 0.7412300109863281, -0.6483787894248962), (-0.17373257875442505, 0.7412300109863281, -0.6483787894248962), (-0.14807726442813873, 0.8201653361320496, -0.5526318550109863), (-0.07467750459909439, 0.8201653361320496, -0.5672320127487183), (-0.08761585503816605, 0.7412300109863281, -0.6655084490776062), (-0.08761585503816605, 0.7412300109863281, -0.6655084490776062), (-0.07467750459909439, 0.8201653361320496, -0.5672320127487183), (0.0, 0.8201653361320496, -0.5721266269683838), (0.0, 0.7412300109863281, -0.671251118183136), (0.0, 0.7412300109863281, -0.671251118183136), (0.0, 0.8201653361320496, -0.5721266269683838), (0.07467750459909439, 0.8201653361320496, -0.5672320127487183), (0.08761585503816605, 0.7412300109863281, -0.6655084490776062), (0.08761585503816605, 0.7412300109863281, -0.6655084490776062), (0.07467750459909439, 0.8201653361320496, -0.5672320127487183), (0.14807726442813873, 0.8201653361320496, -0.5526318550109863), (0.17373257875442505, 0.7412300109863281, -0.6483787894248962), (0.17373257875442505, 0.7412300109863281, -0.6483787894248962), (0.14807726442813873, 0.8201653361320496, -0.5526318550109863), (0.21894337236881256, 0.8201653361320496, -0.5285760760307312), (0.256876677274704, 0.7412300109863281, -0.6201551556587219), (0.256876677274704, 0.7412300109863281, -0.6201551556587219), (0.21894337236881256, 0.8201653361320496, -0.5285760760307312), (0.2860633134841919, 0.8201653361320496, -0.4954761862754822), (0.335625559091568, 0.7412300109863281, -0.5813205242156982), (0.335625559091568, 0.7412300109863281, -0.5813205242156982), (0.2860633134841919, 0.8201653361320496, -0.4954761862754822), (0.3482885956764221, 0.8201653361320496, -0.453898549079895), (0.4086318016052246, 0.7412300109863281, -0.5325393080711365), (0.4086318016052246, 0.7412300109863281, -0.5325393080711365), (0.3482885956764221, 0.8201653361320496, -0.453898549079895), (0.4045546054840088, 0.8201653361320496, -0.4045546054840088), (0.4746462106704712, 0.7412300109863281, -0.4746462106704712), (0.4746462106704712, 0.7412300109863281, -0.4746462106704712), (0.4045546054840088, 0.8201653361320496, -0.4045546054840088), (0.453898549079895, 0.8201653361320496, -0.3482885956764221), (0.5325393080711365, 0.7412300109863281, -0.4086318016052246), (0.5325393080711365, 0.7412300109863281, -0.4086318016052246), (0.453898549079895, 0.8201653361320496, -0.3482885956764221), (0.4954761862754822, 0.8201653361320496, -0.2860633134841919), (0.5813205242156982, 0.7412300109863281, -0.335625559091568), (0.5813205242156982, 0.7412300109863281, -0.335625559091568), (0.4954761862754822, 0.8201653361320496, -0.2860633134841919), (0.5285760760307312, 0.8201653361320496, -0.21894337236881256), (0.6201551556587219, 0.7412300109863281, -0.256876677274704), (0.6201551556587219, 0.7412300109863281, -0.256876677274704), (0.5285760760307312, 0.8201653361320496, -0.21894337236881256), (0.5526318550109863, 0.8201653361320496, -0.14807726442813873), (0.6483787894248962, 0.7412300109863281, -0.17373257875442505), (0.6483787894248962, 0.7412300109863281, -0.17373257875442505), (0.5526318550109863, 0.8201653361320496, -0.14807726442813873), (0.5672320127487183, 0.8201653361320496, -0.07467750459909439), (0.6655084490776062, 0.7412300109863281, -0.08761585503816605), (0.6655084490776062, 0.7412300109863281, -0.08761585503816605), (0.5672320127487183, 0.8201653361320496, -0.07467750459909439), (0.5721266269683838, 0.8201653361320496, 0.0), (0.671251118183136, 0.7412300109863281, 0.0), (0.5721266269683838, 0.8201653361320496, 0.0), (0.43471062183380127, 0.9005702137947083, 0.0), (0.43099159002304077, 0.9005702137947083, 0.05674111843109131), (0.5672320127487183, 0.8201653361320496, 0.07467750459909439), (0.5672320127487183, 0.8201653361320496, 0.07467750459909439), (0.43099159002304077, 0.9005702137947083, 0.05674111843109131), (0.41989821195602417, 0.9005702137947083, 0.11251138150691986), (0.5526318550109863, 0.8201653361320496, 0.14807726442813873), (0.5526318550109863, 0.8201653361320496, 0.14807726442813873), (0.41989821195602417, 0.9005702137947083, 0.11251138150691986), (0.4016202390193939, 0.9005702137947083, 0.16635654866695404), (0.5285760760307312, 0.8201653361320496, 0.21894337236881256), (0.5285760760307312, 0.8201653361320496, 0.21894337236881256), (0.4016202390193939, 0.9005702137947083, 0.16635654866695404), (0.3764704167842865, 0.9005702137947083, 0.21735531091690063), (0.4954761862754822, 0.8201653361320496, 0.2860633134841919), (0.4954761862754822, 0.8201653361320496, 0.2860633134841919), (0.3764704167842865, 0.9005702137947083, 0.21735531091690063), (0.3448791205883026, 0.9005702137947083, 0.2646350562572479), (0.453898549079895, 0.8201653361320496, 0.3482885956764221), (0.453898549079895, 0.8201653361320496, 0.3482885956764221), (0.3448791205883026, 0.9005702137947083, 0.2646350562572479), (0.3073868155479431, 0.9005702137947083, 0.3073868155479431), (0.4045546054840088, 0.8201653361320496, 0.4045546054840088), (0.4045546054840088, 0.8201653361320496, 0.4045546054840088), (0.3073868155479431, 0.9005702137947083, 0.3073868155479431), (0.2646350562572479, 0.9005702137947083, 0.3448791205883026), (0.3482885956764221, 0.8201653361320496, 0.453898549079895), (0.3482885956764221, 0.8201653361320496, 0.453898549079895), (0.2646350562572479, 0.9005702137947083, 0.3448791205883026), (0.21735531091690063, 0.9005702137947083, 0.3764704167842865), (0.2860633134841919, 0.8201653361320496, 0.4954761862754822), (0.2860633134841919, 0.8201653361320496, 0.4954761862754822), (0.21735531091690063, 0.9005702137947083, 0.3764704167842865), (0.16635654866695404, 0.9005702137947083, 0.4016202390193939), (0.21894337236881256, 0.8201653361320496, 0.5285760760307312), (0.21894337236881256, 0.8201653361320496, 0.5285760760307312), (0.16635654866695404, 0.9005702137947083, 0.4016202390193939), (0.11251138150691986, 0.9005702137947083, 0.41989821195602417), (0.14807726442813873, 0.8201653361320496, 0.5526318550109863), (0.14807726442813873, 0.8201653361320496, 0.5526318550109863), (0.11251138150691986, 0.9005702137947083, 0.41989821195602417), (0.05674111843109131, 0.9005702137947083, 0.43099159002304077), (0.07467750459909439, 0.8201653361320496, 0.5672320127487183), (0.07467750459909439, 0.8201653361320496, 0.5672320127487183), (0.05674111843109131, 0.9005702137947083, 0.43099159002304077), (0.0, 0.9005702137947083, 0.43471062183380127), (0.0, 0.8201653361320496, 0.5721266269683838), (0.0, 0.8201653361320496, 0.5721266269683838), (0.0, 0.9005702137947083, 0.43471062183380127), (-0.05674111843109131, 0.9005702137947083, 0.43099159002304077), (-0.07467750459909439, 0.8201653361320496, 0.5672320127487183), (-0.07467750459909439, 0.8201653361320496, 0.5672320127487183), (-0.05674111843109131, 0.9005702137947083, 0.43099159002304077), (-0.11251138150691986, 0.9005702137947083, 0.41989821195602417), (-0.14807726442813873, 0.8201653361320496, 0.5526318550109863), (-0.14807726442813873, 0.8201653361320496, 0.5526318550109863), (-0.11251138150691986, 0.9005702137947083, 0.41989821195602417), (-0.16635654866695404, 0.9005702137947083, 0.4016202390193939), (-0.21894337236881256, 0.8201653361320496, 0.5285760760307312), (-0.21894337236881256, 0.8201653361320496, 0.5285760760307312), (-0.16635654866695404, 0.9005702137947083, 0.4016202390193939), (-0.21735531091690063, 0.9005702137947083, 0.3764704167842865), (-0.2860633134841919, 0.8201653361320496, 0.4954761862754822), (-0.2860633134841919, 0.8201653361320496, 0.4954761862754822), (-0.21735531091690063, 0.9005702137947083, 0.3764704167842865), (-0.2646350562572479, 0.9005702137947083, 0.3448791205883026), (-0.3482885956764221, 0.8201653361320496, 0.453898549079895), (-0.3482885956764221, 0.8201653361320496, 0.453898549079895), (-0.2646350562572479, 0.9005702137947083, 0.3448791205883026), (-0.3073868155479431, 0.9005702137947083, 0.3073868155479431), (-0.4045546054840088, 0.8201653361320496, 0.4045546054840088), (-0.4045546054840088, 0.8201653361320496, 0.4045546054840088), (-0.3073868155479431, 0.9005702137947083, 0.3073868155479431), (-0.3448791205883026, 0.9005702137947083, 0.2646350562572479), (-0.453898549079895, 0.8201653361320496, 0.3482885956764221), (-0.453898549079895, 0.8201653361320496, 0.3482885956764221), (-0.3448791205883026, 0.9005702137947083, 0.2646350562572479), (-0.3764704167842865, 0.9005702137947083, 0.21735531091690063), (-0.4954761862754822, 0.8201653361320496, 0.2860633134841919), (-0.4954761862754822, 0.8201653361320496, 0.2860633134841919), (-0.3764704167842865, 0.9005702137947083, 0.21735531091690063), (-0.4016202390193939, 0.9005702137947083, 0.16635654866695404), (-0.5285760760307312, 0.8201653361320496, 0.21894337236881256), (-0.5285760760307312, 0.8201653361320496, 0.21894337236881256), (-0.4016202390193939, 0.9005702137947083, 0.16635654866695404), (-0.41989821195602417, 0.9005702137947083, 0.11251138150691986), (-0.5526318550109863, 0.8201653361320496, 0.14807726442813873), (-0.5526318550109863, 0.8201653361320496, 0.14807726442813873), (-0.41989821195602417, 0.9005702137947083, 0.11251138150691986), (-0.43099159002304077, 0.9005702137947083, 0.05674111843109131), (-0.5672320127487183, 0.8201653361320496, 0.07467750459909439), (-0.5672320127487183, 0.8201653361320496, 0.07467750459909439), (-0.43099159002304077, 0.9005702137947083, 0.05674111843109131), (-0.43471062183380127, 0.9005702137947083, 0.0), (-0.5721266269683838, 0.8201653361320496, 0.0), (-0.5721266269683838, 0.8201653361320496, 0.0), (-0.43471062183380127, 0.9005702137947083, 0.0), (-0.43099159002304077, 0.9005702137947083, -0.05674111843109131), (-0.5672320127487183, 0.8201653361320496, -0.07467750459909439), (-0.5672320127487183, 0.8201653361320496, -0.07467750459909439), (-0.43099159002304077, 0.9005702137947083, -0.05674111843109131), (-0.41989821195602417, 0.9005702137947083, -0.11251138150691986), (-0.5526318550109863, 0.8201653361320496, -0.14807726442813873), (-0.5526318550109863, 0.8201653361320496, -0.14807726442813873), (-0.41989821195602417, 0.9005702137947083, -0.11251138150691986), (-0.4016202390193939, 0.9005702137947083, -0.16635654866695404), (-0.5285760760307312, 0.8201653361320496, -0.21894337236881256), (-0.5285760760307312, 0.8201653361320496, -0.21894337236881256), (-0.4016202390193939, 0.9005702137947083, -0.16635654866695404), (-0.3764704167842865, 0.9005702137947083, -0.21735531091690063), (-0.4954761862754822, 0.8201653361320496, -0.2860633134841919), (-0.4954761862754822, 0.8201653361320496, -0.2860633134841919), (-0.3764704167842865, 0.9005702137947083, -0.21735531091690063), (-0.3448791205883026, 0.9005702137947083, -0.2646350562572479), (-0.453898549079895, 0.8201653361320496, -0.3482885956764221), (-0.453898549079895, 0.8201653361320496, -0.3482885956764221), (-0.3448791205883026, 0.9005702137947083, -0.2646350562572479), (-0.3073868155479431, 0.9005702137947083, -0.3073868155479431), (-0.4045546054840088, 0.8201653361320496, -0.4045546054840088), (-0.4045546054840088, 0.8201653361320496, -0.4045546054840088), (-0.3073868155479431, 0.9005702137947083, -0.3073868155479431), (-0.2646350562572479, 0.9005702137947083, -0.3448791205883026), (-0.3482885956764221, 0.8201653361320496, -0.453898549079895), (-0.3482885956764221, 0.8201653361320496, -0.453898549079895), (-0.2646350562572479, 0.9005702137947083, -0.3448791205883026), (-0.21735531091690063, 0.9005702137947083, -0.3764704167842865), (-0.2860633134841919, 0.8201653361320496, -0.4954761862754822), (-0.2860633134841919, 0.8201653361320496, -0.4954761862754822), (-0.21735531091690063, 0.9005702137947083, -0.3764704167842865), (-0.16635654866695404, 0.9005702137947083, -0.4016202390193939), (-0.21894337236881256, 0.8201653361320496, -0.5285760760307312), (-0.21894337236881256, 0.8201653361320496, -0.5285760760307312), (-0.16635654866695404, 0.9005702137947083, -0.4016202390193939), (-0.11251138150691986, 0.9005702137947083, -0.41989821195602417), (-0.14807726442813873, 0.8201653361320496, -0.5526318550109863), (-0.14807726442813873, 0.8201653361320496, -0.5526318550109863), (-0.11251138150691986, 0.9005702137947083, -0.41989821195602417), (-0.05674111843109131, 0.9005702137947083, -0.43099159002304077), (-0.07467750459909439, 0.8201653361320496, -0.5672320127487183), (-0.07467750459909439, 0.8201653361320496, -0.5672320127487183), (-0.05674111843109131, 0.9005702137947083, -0.43099159002304077), (0.0, 0.9005702137947083, -0.43471062183380127), (0.0, 0.8201653361320496, -0.5721266269683838), (0.0, 0.8201653361320496, -0.5721266269683838), (0.0, 0.9005702137947083, -0.43471062183380127), (0.05674111843109131, 0.9005702137947083, -0.43099159002304077), (0.07467750459909439, 0.8201653361320496, -0.5672320127487183), (0.07467750459909439, 0.8201653361320496, -0.5672320127487183), (0.05674111843109131, 0.9005702137947083, -0.43099159002304077), (0.11251138150691986, 0.9005702137947083, -0.41989821195602417), (0.14807726442813873, 0.8201653361320496, -0.5526318550109863), (0.14807726442813873, 0.8201653361320496, -0.5526318550109863), (0.11251138150691986, 0.9005702137947083, -0.41989821195602417), (0.16635654866695404, 0.9005702137947083, -0.4016202390193939), (0.21894337236881256, 0.8201653361320496, -0.5285760760307312), (0.21894337236881256, 0.8201653361320496, -0.5285760760307312), (0.16635654866695404, 0.9005702137947083, -0.4016202390193939), (0.21735531091690063, 0.9005702137947083, -0.3764704167842865), (0.2860633134841919, 0.8201653361320496, -0.4954761862754822), (0.2860633134841919, 0.8201653361320496, -0.4954761862754822), (0.21735531091690063, 0.9005702137947083, -0.3764704167842865), (0.2646350562572479, 0.9005702137947083, -0.3448791205883026), (0.3482885956764221, 0.8201653361320496, -0.453898549079895), (0.3482885956764221, 0.8201653361320496, -0.453898549079895), (0.2646350562572479, 0.9005702137947083, -0.3448791205883026), (0.3073868155479431, 0.9005702137947083, -0.3073868155479431), (0.4045546054840088, 0.8201653361320496, -0.4045546054840088), (0.4045546054840088, 0.8201653361320496, -0.4045546054840088), (0.3073868155479431, 0.9005702137947083, -0.3073868155479431), (0.3448791205883026, 0.9005702137947083, -0.2646350562572479), (0.453898549079895, 0.8201653361320496, -0.3482885956764221), (0.453898549079895, 0.8201653361320496, -0.3482885956764221), (0.3448791205883026, 0.9005702137947083, -0.2646350562572479), (0.3764704167842865, 0.9005702137947083, -0.21735531091690063), (0.4954761862754822, 0.8201653361320496, -0.2860633134841919), (0.4954761862754822, 0.8201653361320496, -0.2860633134841919), (0.3764704167842865, 0.9005702137947083, -0.21735531091690063), (0.4016202390193939, 0.9005702137947083, -0.16635654866695404), (0.5285760760307312, 0.8201653361320496, -0.21894337236881256), (0.5285760760307312, 0.8201653361320496, -0.21894337236881256), (0.4016202390193939, 0.9005702137947083, -0.16635654866695404), (0.41989821195602417, 0.9005702137947083, -0.11251138150691986), (0.5526318550109863, 0.8201653361320496, -0.14807726442813873), (0.5526318550109863, 0.8201653361320496, -0.14807726442813873), (0.41989821195602417, 0.9005702137947083, -0.11251138150691986), (0.43099159002304077, 0.9005702137947083, -0.05674111843109131), (0.5672320127487183, 0.8201653361320496, -0.07467750459909439), (0.5672320127487183, 0.8201653361320496, -0.07467750459909439), (0.43099159002304077, 0.9005702137947083, -0.05674111843109131), (0.43471062183380127, 0.9005702137947083, 0.0), (0.5721266269683838, 0.8201653361320496, 0.0), (0.43471062183380127, 0.9005702137947083, 0.0), (0.2493181824684143, 0.9684216380119324, 0.0), (0.24718523025512695, 0.9684216380119324, 0.032542552798986435), (0.43099159002304077, 0.9005702137947083, 0.05674111843109131), (0.43099159002304077, 0.9005702137947083, 0.05674111843109131), (0.24718523025512695, 0.9684216380119324, 0.032542552798986435), (0.24082286655902863, 0.9684216380119324, 0.06452829390764236), (0.41989821195602417, 0.9005702137947083, 0.11251138150691986), (0.41989821195602417, 0.9005702137947083, 0.11251138150691986), (0.24082286655902863, 0.9684216380119324, 0.06452829390764236), (0.23033995926380157, 0.9684216380119324, 0.09540993720293045), (0.4016202390193939, 0.9005702137947083, 0.16635654866695404), (0.4016202390193939, 0.9005702137947083, 0.16635654866695404), (0.23033995926380157, 0.9684216380119324, 0.09540993720293045), (0.21591587364673615, 0.9684216380119324, 0.12465909123420715), (0.3764704167842865, 0.9005702137947083, 0.21735531091690063), (0.3764704167842865, 0.9005702137947083, 0.21735531091690063), (0.21591587364673615, 0.9684216380119324, 0.12465909123420715), (0.19779741764068604, 0.9684216380119324, 0.1517752856016159), (0.3448791205883026, 0.9005702137947083, 0.2646350562572479), (0.3448791205883026, 0.9005702137947083, 0.2646350562572479), (0.19779741764068604, 0.9684216380119324, 0.1517752856016159), (0.17629458010196686, 0.9684216380119324, 0.17629458010196686), (0.3073868155479431, 0.9005702137947083, 0.3073868155479431), (0.3073868155479431, 0.9005702137947083, 0.3073868155479431), (0.17629458010196686, 0.9684216380119324, 0.17629458010196686), (0.1517752856016159, 0.9684216380119324, 0.19779741764068604), (0.2646350562572479, 0.9005702137947083, 0.3448791205883026), (0.2646350562572479, 0.9005702137947083, 0.3448791205883026), (0.1517752856016159, 0.9684216380119324, 0.19779741764068604), (0.12465909123420715, 0.9684216380119324, 0.21591587364673615), (0.21735531091690063, 0.9005702137947083, 0.3764704167842865), (0.21735531091690063, 0.9005702137947083, 0.3764704167842865), (0.12465909123420715, 0.9684216380119324, 0.21591587364673615), (0.09540993720293045, 0.9684216380119324, 0.23033995926380157), (0.16635654866695404, 0.9005702137947083, 0.4016202390193939), (0.16635654866695404, 0.9005702137947083, 0.4016202390193939), (0.09540993720293045, 0.9684216380119324, 0.23033995926380157), (0.06452829390764236, 0.9684216380119324, 0.24082286655902863), (0.11251138150691986, 0.9005702137947083, 0.41989821195602417), (0.11251138150691986, 0.9005702137947083, 0.41989821195602417), (0.06452829390764236, 0.9684216380119324, 0.24082286655902863), (0.032542552798986435, 0.9684216380119324, 0.24718523025512695), (0.05674111843109131, 0.9005702137947083, 0.43099159002304077), (0.05674111843109131, 0.9005702137947083, 0.43099159002304077), (0.032542552798986435, 0.9684216380119324, 0.24718523025512695), (0.0, 0.9684216380119324, 0.2493181824684143), (0.0, 0.9005702137947083, 0.43471062183380127), (0.0, 0.9005702137947083, 0.43471062183380127), (0.0, 0.9684216380119324, 0.2493181824684143), (-0.032542552798986435, 0.9684216380119324, 0.24718523025512695), (-0.05674111843109131, 0.9005702137947083, 0.43099159002304077), (-0.05674111843109131, 0.9005702137947083, 0.43099159002304077), (-0.032542552798986435, 0.9684216380119324, 0.24718523025512695), (-0.06452829390764236, 0.9684216380119324, 0.24082286655902863), (-0.11251138150691986, 0.9005702137947083, 0.41989821195602417), (-0.11251138150691986, 0.9005702137947083, 0.41989821195602417), (-0.06452829390764236, 0.9684216380119324, 0.24082286655902863), (-0.09540993720293045, 0.9684216380119324, 0.23033995926380157), (-0.16635654866695404, 0.9005702137947083, 0.4016202390193939), (-0.16635654866695404, 0.9005702137947083, 0.4016202390193939), (-0.09540993720293045, 0.9684216380119324, 0.23033995926380157), (-0.12465909123420715, 0.9684216380119324, 0.21591587364673615), (-0.21735531091690063, 0.9005702137947083, 0.3764704167842865), (-0.21735531091690063, 0.9005702137947083, 0.3764704167842865), (-0.12465909123420715, 0.9684216380119324, 0.21591587364673615), (-0.1517752856016159, 0.9684216380119324, 0.19779741764068604), (-0.2646350562572479, 0.9005702137947083, 0.3448791205883026), (-0.2646350562572479, 0.9005702137947083, 0.3448791205883026), (-0.1517752856016159, 0.9684216380119324, 0.19779741764068604), (-0.17629458010196686, 0.9684216380119324, 0.17629458010196686), (-0.3073868155479431, 0.9005702137947083, 0.3073868155479431), (-0.3073868155479431, 0.9005702137947083, 0.3073868155479431), (-0.17629458010196686, 0.9684216380119324, 0.17629458010196686), (-0.19779741764068604, 0.9684216380119324, 0.1517752856016159), (-0.3448791205883026, 0.9005702137947083, 0.2646350562572479), (-0.3448791205883026, 0.9005702137947083, 0.2646350562572479), (-0.19779741764068604, 0.9684216380119324, 0.1517752856016159), (-0.21591587364673615, 0.9684216380119324, 0.12465909123420715), (-0.3764704167842865, 0.9005702137947083, 0.21735531091690063), (-0.3764704167842865, 0.9005702137947083, 0.21735531091690063), (-0.21591587364673615, 0.9684216380119324, 0.12465909123420715), (-0.23033995926380157, 0.9684216380119324, 0.09540993720293045), (-0.4016202390193939, 0.9005702137947083, 0.16635654866695404), (-0.4016202390193939, 0.9005702137947083, 0.16635654866695404), (-0.23033995926380157, 0.9684216380119324, 0.09540993720293045), (-0.24082286655902863, 0.9684216380119324, 0.06452829390764236), (-0.41989821195602417, 0.9005702137947083, 0.11251138150691986), (-0.41989821195602417, 0.9005702137947083, 0.11251138150691986), (-0.24082286655902863, 0.9684216380119324, 0.06452829390764236), (-0.24718523025512695, 0.9684216380119324, 0.032542552798986435), (-0.43099159002304077, 0.9005702137947083, 0.05674111843109131), (-0.43099159002304077, 0.9005702137947083, 0.05674111843109131), (-0.24718523025512695, 0.9684216380119324, 0.032542552798986435), (-0.2493181824684143, 0.9684216380119324, 0.0), (-0.43471062183380127, 0.9005702137947083, 0.0), (-0.43471062183380127, 0.9005702137947083, 0.0), (-0.2493181824684143, 0.9684216380119324, 0.0), (-0.24718523025512695, 0.9684216380119324, -0.032542552798986435), (-0.43099159002304077, 0.9005702137947083, -0.05674111843109131), (-0.43099159002304077, 0.9005702137947083, -0.05674111843109131), (-0.24718523025512695, 0.9684216380119324, -0.032542552798986435), (-0.24082286655902863, 0.9684216380119324, -0.06452829390764236), (-0.41989821195602417, 0.9005702137947083, -0.11251138150691986), (-0.41989821195602417, 0.9005702137947083, -0.11251138150691986), (-0.24082286655902863, 0.9684216380119324, -0.06452829390764236), (-0.23033995926380157, 0.9684216380119324, -0.09540993720293045), (-0.4016202390193939, 0.9005702137947083, -0.16635654866695404), (-0.4016202390193939, 0.9005702137947083, -0.16635654866695404), (-0.23033995926380157, 0.9684216380119324, -0.09540993720293045), (-0.21591587364673615, 0.9684216380119324, -0.12465909123420715), (-0.3764704167842865, 0.9005702137947083, -0.21735531091690063), (-0.3764704167842865, 0.9005702137947083, -0.21735531091690063), (-0.21591587364673615, 0.9684216380119324, -0.12465909123420715), (-0.19779741764068604, 0.9684216380119324, -0.1517752856016159), (-0.3448791205883026, 0.9005702137947083, -0.2646350562572479), (-0.3448791205883026, 0.9005702137947083, -0.2646350562572479), (-0.19779741764068604, 0.9684216380119324, -0.1517752856016159), (-0.17629458010196686, 0.9684216380119324, -0.17629458010196686), (-0.3073868155479431, 0.9005702137947083, -0.3073868155479431), (-0.3073868155479431, 0.9005702137947083, -0.3073868155479431), (-0.17629458010196686, 0.9684216380119324, -0.17629458010196686), (-0.1517752856016159, 0.9684216380119324, -0.19779741764068604), (-0.2646350562572479, 0.9005702137947083, -0.3448791205883026), (-0.2646350562572479, 0.9005702137947083, -0.3448791205883026), (-0.1517752856016159, 0.9684216380119324, -0.19779741764068604), (-0.12465909123420715, 0.9684216380119324, -0.21591587364673615), (-0.21735531091690063, 0.9005702137947083, -0.3764704167842865), (-0.21735531091690063, 0.9005702137947083, -0.3764704167842865), (-0.12465909123420715, 0.9684216380119324, -0.21591587364673615), (-0.09540993720293045, 0.9684216380119324, -0.23033995926380157), (-0.16635654866695404, 0.9005702137947083, -0.4016202390193939), (-0.16635654866695404, 0.9005702137947083, -0.4016202390193939), (-0.09540993720293045, 0.9684216380119324, -0.23033995926380157), (-0.06452829390764236, 0.9684216380119324, -0.24082286655902863), (-0.11251138150691986, 0.9005702137947083, -0.41989821195602417), (-0.11251138150691986, 0.9005702137947083, -0.41989821195602417), (-0.06452829390764236, 0.9684216380119324, -0.24082286655902863), (-0.032542552798986435, 0.9684216380119324, -0.24718523025512695), (-0.05674111843109131, 0.9005702137947083, -0.43099159002304077), (-0.05674111843109131, 0.9005702137947083, -0.43099159002304077), (-0.032542552798986435, 0.9684216380119324, -0.24718523025512695), (0.0, 0.9684216380119324, -0.2493181824684143), (0.0, 0.9005702137947083, -0.43471062183380127), (0.0, 0.9005702137947083, -0.43471062183380127), (0.0, 0.9684216380119324, -0.2493181824684143), (0.032542552798986435, 0.9684216380119324, -0.24718523025512695), (0.05674111843109131, 0.9005702137947083, -0.43099159002304077), (0.05674111843109131, 0.9005702137947083, -0.43099159002304077), (0.032542552798986435, 0.9684216380119324, -0.24718523025512695), (0.06452829390764236, 0.9684216380119324, -0.24082286655902863), (0.11251138150691986, 0.9005702137947083, -0.41989821195602417), (0.11251138150691986, 0.9005702137947083, -0.41989821195602417), (0.06452829390764236, 0.9684216380119324, -0.24082286655902863), (0.09540993720293045, 0.9684216380119324, -0.23033995926380157), (0.16635654866695404, 0.9005702137947083, -0.4016202390193939), (0.16635654866695404, 0.9005702137947083, -0.4016202390193939), (0.09540993720293045, 0.9684216380119324, -0.23033995926380157), (0.12465909123420715, 0.9684216380119324, -0.21591587364673615), (0.21735531091690063, 0.9005702137947083, -0.3764704167842865), (0.21735531091690063, 0.9005702137947083, -0.3764704167842865), (0.12465909123420715, 0.9684216380119324, -0.21591587364673615), (0.1517752856016159, 0.9684216380119324, -0.19779741764068604), (0.2646350562572479, 0.9005702137947083, -0.3448791205883026), (0.2646350562572479, 0.9005702137947083, -0.3448791205883026), (0.1517752856016159, 0.9684216380119324, -0.19779741764068604), (0.17629458010196686, 0.9684216380119324, -0.17629458010196686), (0.3073868155479431, 0.9005702137947083, -0.3073868155479431), (0.3073868155479431, 0.9005702137947083, -0.3073868155479431), (0.17629458010196686, 0.9684216380119324, -0.17629458010196686), (0.19779741764068604, 0.9684216380119324, -0.1517752856016159), (0.3448791205883026, 0.9005702137947083, -0.2646350562572479), (0.3448791205883026, 0.9005702137947083, -0.2646350562572479), (0.19779741764068604, 0.9684216380119324, -0.1517752856016159), (0.21591587364673615, 0.9684216380119324, -0.12465909123420715), (0.3764704167842865, 0.9005702137947083, -0.21735531091690063), (0.3764704167842865, 0.9005702137947083, -0.21735531091690063), (0.21591587364673615, 0.9684216380119324, -0.12465909123420715), (0.23033995926380157, 0.9684216380119324, -0.09540993720293045), (0.4016202390193939, 0.9005702137947083, -0.16635654866695404), (0.4016202390193939, 0.9005702137947083, -0.16635654866695404), (0.23033995926380157, 0.9684216380119324, -0.09540993720293045), (0.24082286655902863, 0.9684216380119324, -0.06452829390764236), (0.41989821195602417, 0.9005702137947083, -0.11251138150691986), (0.41989821195602417, 0.9005702137947083, -0.11251138150691986), (0.24082286655902863, 0.9684216380119324, -0.06452829390764236), (0.24718523025512695, 0.9684216380119324, -0.032542552798986435), (0.43099159002304077, 0.9005702137947083, -0.05674111843109131), (0.43099159002304077, 0.9005702137947083, -0.05674111843109131), (0.24718523025512695, 0.9684216380119324, -0.032542552798986435), (0.2493181824684143, 0.9684216380119324, 0.0), (0.43471062183380127, 0.9005702137947083, 0.0), (0.2493181824684143, 0.9684216380119324, 0.0), (0.07141034305095673, 0.9974470138549805, 0.0), (0.07079941779375076, 0.9974470138549805, 0.009320920333266258), (0.24718523025512695, 0.9684216380119324, 0.032542552798986435), (0.24718523025512695, 0.9684216380119324, 0.032542552798986435), (0.07079941779375076, 0.9974470138549805, 0.009320920333266258), (0.06897709518671036, 0.9974470138549805, 0.018482357263565063), (0.24082286655902863, 0.9684216380119324, 0.06452829390764236), (0.24082286655902863, 0.9684216380119324, 0.06452829390764236), (0.06897709518671036, 0.9974470138549805, 0.018482357263565063), (0.06597455590963364, 0.9974470138549805, 0.027327556163072586), (0.23033995926380157, 0.9684216380119324, 0.09540993720293045), (0.23033995926380157, 0.9684216380119324, 0.09540993720293045), (0.06597455590963364, 0.9974470138549805, 0.027327556163072586), (0.06184317171573639, 0.9974470138549805, 0.03570517152547836), (0.21591587364673615, 0.9684216380119324, 0.12465909123420715), (0.21591587364673615, 0.9684216380119324, 0.12465909123420715), (0.06184317171573639, 0.9974470138549805, 0.03570517152547836), (0.05665363743901253, 0.9974470138549805, 0.043471865355968475), (0.19779741764068604, 0.9684216380119324, 0.1517752856016159), (0.19779741764068604, 0.9684216380119324, 0.1517752856016159), (0.05665363743901253, 0.9974470138549805, 0.043471865355968475), (0.050494737923145294, 0.9974470138549805, 0.050494737923145294), (0.17629458010196686, 0.9684216380119324, 0.17629458010196686), (0.17629458010196686, 0.9684216380119324, 0.17629458010196686), (0.050494737923145294, 0.9974470138549805, 0.050494737923145294), (0.043471865355968475, 0.9974470138549805, 0.05665363743901253), (0.1517752856016159, 0.9684216380119324, 0.19779741764068604), (0.1517752856016159, 0.9684216380119324, 0.19779741764068604), (0.043471865355968475, 0.9974470138549805, 0.05665363743901253), (0.03570517152547836, 0.9974470138549805, 0.06184317171573639), (0.12465909123420715, 0.9684216380119324, 0.21591587364673615), (0.12465909123420715, 0.9684216380119324, 0.21591587364673615), (0.03570517152547836, 0.9974470138549805, 0.06184317171573639), (0.027327556163072586, 0.9974470138549805, 0.06597455590963364), (0.09540993720293045, 0.9684216380119324, 0.23033995926380157), (0.09540993720293045, 0.9684216380119324, 0.23033995926380157), (0.027327556163072586, 0.9974470138549805, 0.06597455590963364), (0.018482357263565063, 0.9974470138549805, 0.06897709518671036), (0.06452829390764236, 0.9684216380119324, 0.24082286655902863), (0.06452829390764236, 0.9684216380119324, 0.24082286655902863), (0.018482357263565063, 0.9974470138549805, 0.06897709518671036), (0.009320920333266258, 0.9974470138549805, 0.07079941779375076), (0.032542552798986435, 0.9684216380119324, 0.24718523025512695), (0.032542552798986435, 0.9684216380119324, 0.24718523025512695), (0.009320920333266258, 0.9974470138549805, 0.07079941779375076), (0.0, 0.9974470138549805, 0.07141034305095673), (0.0, 0.9684216380119324, 0.2493181824684143), (0.0, 0.9684216380119324, 0.2493181824684143), (0.0, 0.9974470138549805, 0.07141034305095673), (-0.009320920333266258, 0.9974470138549805, 0.07079941779375076), (-0.032542552798986435, 0.9684216380119324, 0.24718523025512695), (-0.032542552798986435, 0.9684216380119324, 0.24718523025512695), (-0.009320920333266258, 0.9974470138549805, 0.07079941779375076), (-0.018482357263565063, 0.9974470138549805, 0.06897709518671036), (-0.06452829390764236, 0.9684216380119324, 0.24082286655902863), (-0.06452829390764236, 0.9684216380119324, 0.24082286655902863), (-0.018482357263565063, 0.9974470138549805, 0.06897709518671036), (-0.027327556163072586, 0.9974470138549805, 0.06597455590963364), (-0.09540993720293045, 0.9684216380119324, 0.23033995926380157), (-0.09540993720293045, 0.9684216380119324, 0.23033995926380157), (-0.027327556163072586, 0.9974470138549805, 0.06597455590963364), (-0.03570517152547836, 0.9974470138549805, 0.06184317171573639), (-0.12465909123420715, 0.9684216380119324, 0.21591587364673615), (-0.12465909123420715, 0.9684216380119324, 0.21591587364673615), (-0.03570517152547836, 0.9974470138549805, 0.06184317171573639), (-0.043471865355968475, 0.9974470138549805, 0.05665363743901253), (-0.1517752856016159, 0.9684216380119324, 0.19779741764068604), (-0.1517752856016159, 0.9684216380119324, 0.19779741764068604), (-0.043471865355968475, 0.9974470138549805, 0.05665363743901253), (-0.050494737923145294, 0.9974470138549805, 0.050494737923145294), (-0.17629458010196686, 0.9684216380119324, 0.17629458010196686), (-0.17629458010196686, 0.9684216380119324, 0.17629458010196686), (-0.050494737923145294, 0.9974470138549805, 0.050494737923145294), (-0.05665363743901253, 0.9974470138549805, 0.043471865355968475), (-0.19779741764068604, 0.9684216380119324, 0.1517752856016159), (-0.19779741764068604, 0.9684216380119324, 0.1517752856016159), (-0.05665363743901253, 0.9974470138549805, 0.043471865355968475), (-0.06184317171573639, 0.9974470138549805, 0.03570517152547836), (-0.21591587364673615, 0.9684216380119324, 0.12465909123420715), (-0.21591587364673615, 0.9684216380119324, 0.12465909123420715), (-0.06184317171573639, 0.9974470138549805, 0.03570517152547836), (-0.06597455590963364, 0.9974470138549805, 0.027327556163072586), (-0.23033995926380157, 0.9684216380119324, 0.09540993720293045), (-0.23033995926380157, 0.9684216380119324, 0.09540993720293045), (-0.06597455590963364, 0.9974470138549805, 0.027327556163072586), (-0.06897709518671036, 0.9974470138549805, 0.018482357263565063), (-0.24082286655902863, 0.9684216380119324, 0.06452829390764236), (-0.24082286655902863, 0.9684216380119324, 0.06452829390764236), (-0.06897709518671036, 0.9974470138549805, 0.018482357263565063), (-0.07079941779375076, 0.9974470138549805, 0.009320920333266258), (-0.24718523025512695, 0.9684216380119324, 0.032542552798986435), (-0.24718523025512695, 0.9684216380119324, 0.032542552798986435), (-0.07079941779375076, 0.9974470138549805, 0.009320920333266258), (-0.07141034305095673, 0.9974470138549805, 0.0), (-0.2493181824684143, 0.9684216380119324, 0.0), (-0.2493181824684143, 0.9684216380119324, 0.0), (-0.07141034305095673, 0.9974470138549805, 0.0), (-0.07079941779375076, 0.9974470138549805, -0.009320920333266258), (-0.24718523025512695, 0.9684216380119324, -0.032542552798986435), (-0.24718523025512695, 0.9684216380119324, -0.032542552798986435), (-0.07079941779375076, 0.9974470138549805, -0.009320920333266258), (-0.06897709518671036, 0.9974470138549805, -0.018482357263565063), (-0.24082286655902863, 0.9684216380119324, -0.06452829390764236), (-0.24082286655902863, 0.9684216380119324, -0.06452829390764236), (-0.06897709518671036, 0.9974470138549805, -0.018482357263565063), (-0.06597455590963364, 0.9974470138549805, -0.027327556163072586), (-0.23033995926380157, 0.9684216380119324, -0.09540993720293045), (-0.23033995926380157, 0.9684216380119324, -0.09540993720293045), (-0.06597455590963364, 0.9974470138549805, -0.027327556163072586), (-0.06184317171573639, 0.9974470138549805, -0.03570517152547836), (-0.21591587364673615, 0.9684216380119324, -0.12465909123420715), (-0.21591587364673615, 0.9684216380119324, -0.12465909123420715), (-0.06184317171573639, 0.9974470138549805, -0.03570517152547836), (-0.05665363743901253, 0.9974470138549805, -0.043471865355968475), (-0.19779741764068604, 0.9684216380119324, -0.1517752856016159), (-0.19779741764068604, 0.9684216380119324, -0.1517752856016159), (-0.05665363743901253, 0.9974470138549805, -0.043471865355968475), (-0.050494737923145294, 0.9974470138549805, -0.050494737923145294), (-0.17629458010196686, 0.9684216380119324, -0.17629458010196686), (-0.17629458010196686, 0.9684216380119324, -0.17629458010196686), (-0.050494737923145294, 0.9974470138549805, -0.050494737923145294), (-0.043471865355968475, 0.9974470138549805, -0.05665363743901253), (-0.1517752856016159, 0.9684216380119324, -0.19779741764068604), (-0.1517752856016159, 0.9684216380119324, -0.19779741764068604), (-0.043471865355968475, 0.9974470138549805, -0.05665363743901253), (-0.03570517152547836, 0.9974470138549805, -0.06184317171573639), (-0.12465909123420715, 0.9684216380119324, -0.21591587364673615), (-0.12465909123420715, 0.9684216380119324, -0.21591587364673615), (-0.03570517152547836, 0.9974470138549805, -0.06184317171573639), (-0.027327556163072586, 0.9974470138549805, -0.06597455590963364), (-0.09540993720293045, 0.9684216380119324, -0.23033995926380157), (-0.09540993720293045, 0.9684216380119324, -0.23033995926380157), (-0.027327556163072586, 0.9974470138549805, -0.06597455590963364), (-0.018482357263565063, 0.9974470138549805, -0.06897709518671036), (-0.06452829390764236, 0.9684216380119324, -0.24082286655902863), (-0.06452829390764236, 0.9684216380119324, -0.24082286655902863), (-0.018482357263565063, 0.9974470138549805, -0.06897709518671036), (-0.009320920333266258, 0.9974470138549805, -0.07079941779375076), (-0.032542552798986435, 0.9684216380119324, -0.24718523025512695), (-0.032542552798986435, 0.9684216380119324, -0.24718523025512695), (-0.009320920333266258, 0.9974470138549805, -0.07079941779375076), (0.0, 0.9974470138549805, -0.07141034305095673), (0.0, 0.9684216380119324, -0.2493181824684143), (0.0, 0.9684216380119324, -0.2493181824684143), (0.0, 0.9974470138549805, -0.07141034305095673), (0.009320920333266258, 0.9974470138549805, -0.07079941779375076), (0.032542552798986435, 0.9684216380119324, -0.24718523025512695), (0.032542552798986435, 0.9684216380119324, -0.24718523025512695), (0.009320920333266258, 0.9974470138549805, -0.07079941779375076), (0.018482357263565063, 0.9974470138549805, -0.06897709518671036), (0.06452829390764236, 0.9684216380119324, -0.24082286655902863), (0.06452829390764236, 0.9684216380119324, -0.24082286655902863), (0.018482357263565063, 0.9974470138549805, -0.06897709518671036), (0.027327556163072586, 0.9974470138549805, -0.06597455590963364), (0.09540993720293045, 0.9684216380119324, -0.23033995926380157), (0.09540993720293045, 0.9684216380119324, -0.23033995926380157), (0.027327556163072586, 0.9974470138549805, -0.06597455590963364), (0.03570517152547836, 0.9974470138549805, -0.06184317171573639), (0.12465909123420715, 0.9684216380119324, -0.21591587364673615), (0.12465909123420715, 0.9684216380119324, -0.21591587364673615), (0.03570517152547836, 0.9974470138549805, -0.06184317171573639), (0.043471865355968475, 0.9974470138549805, -0.05665363743901253), (0.1517752856016159, 0.9684216380119324, -0.19779741764068604), (0.1517752856016159, 0.9684216380119324, -0.19779741764068604), (0.043471865355968475, 0.9974470138549805, -0.05665363743901253), (0.050494737923145294, 0.9974470138549805, -0.050494737923145294), (0.17629458010196686, 0.9684216380119324, -0.17629458010196686), (0.17629458010196686, 0.9684216380119324, -0.17629458010196686), (0.050494737923145294, 0.9974470138549805, -0.050494737923145294), (0.05665363743901253, 0.9974470138549805, -0.043471865355968475), (0.19779741764068604, 0.9684216380119324, -0.1517752856016159), (0.19779741764068604, 0.9684216380119324, -0.1517752856016159), (0.05665363743901253, 0.9974470138549805, -0.043471865355968475), (0.06184317171573639, 0.9974470138549805, -0.03570517152547836), (0.21591587364673615, 0.9684216380119324, -0.12465909123420715), (0.21591587364673615, 0.9684216380119324, -0.12465909123420715), (0.06184317171573639, 0.9974470138549805, -0.03570517152547836), (0.06597455590963364, 0.9974470138549805, -0.027327556163072586), (0.23033995926380157, 0.9684216380119324, -0.09540993720293045), (0.23033995926380157, 0.9684216380119324, -0.09540993720293045), (0.06597455590963364, 0.9974470138549805, -0.027327556163072586), (0.06897709518671036, 0.9974470138549805, -0.018482357263565063), (0.24082286655902863, 0.9684216380119324, -0.06452829390764236), (0.24082286655902863, 0.9684216380119324, -0.06452829390764236), (0.06897709518671036, 0.9974470138549805, -0.018482357263565063), (0.07079941779375076, 0.9974470138549805, -0.009320920333266258), (0.24718523025512695, 0.9684216380119324, -0.032542552798986435), (0.24718523025512695, 0.9684216380119324, -0.032542552798986435), (0.07079941779375076, 0.9974470138549805, -0.009320920333266258), (0.07141034305095673, 0.9974470138549805, 0.0), (0.2493181824684143, 0.9684216380119324, 0.0), (0.07141034305095673, 0.9974470138549805, 0.0), (0.0, 1.0, 0.0), (0.0, 1.0, 0.0), (0.07079941779375076, 0.9974470138549805, 0.009320920333266258), (0.07079941779375076, 0.9974470138549805, 0.009320920333266258), (0.0, 1.0, 0.0), (0.0, 1.0, 0.0), (0.06897709518671036, 0.9974470138549805, 0.018482357263565063), (0.06897709518671036, 0.9974470138549805, 0.018482357263565063), (0.0, 1.0, 0.0), (0.0, 1.0, 0.0), (0.06597455590963364, 0.9974470138549805, 0.027327556163072586), (0.06597455590963364, 0.9974470138549805, 0.027327556163072586), (0.0, 1.0, 0.0), (0.0, 1.0, 0.0), (0.06184317171573639, 0.9974470138549805, 0.03570517152547836), (0.06184317171573639, 0.9974470138549805, 0.03570517152547836), (0.0, 1.0, 0.0), (0.0, 1.0, 0.0), (0.05665363743901253, 0.9974470138549805, 0.043471865355968475), (0.05665363743901253, 0.9974470138549805, 0.043471865355968475), (0.0, 1.0, 0.0), (0.0, 1.0, 0.0), (0.050494737923145294, 0.9974470138549805, 0.050494737923145294), (0.050494737923145294, 0.9974470138549805, 0.050494737923145294), (0.0, 1.0, 0.0), (0.0, 1.0, 0.0), (0.043471865355968475, 0.9974470138549805, 0.05665363743901253), (0.043471865355968475, 0.9974470138549805, 0.05665363743901253), (0.0, 1.0, 0.0), (0.0, 1.0, 0.0), (0.03570517152547836, 0.9974470138549805, 0.06184317171573639), (0.03570517152547836, 0.9974470138549805, 0.06184317171573639), (0.0, 1.0, 0.0), (0.0, 1.0, 0.0), (0.027327556163072586, 0.9974470138549805, 0.06597455590963364), (0.027327556163072586, 0.9974470138549805, 0.06597455590963364), (0.0, 1.0, 0.0), (0.0, 1.0, 0.0), (0.018482357263565063, 0.9974470138549805, 0.06897709518671036), (0.018482357263565063, 0.9974470138549805, 0.06897709518671036), (0.0, 1.0, 0.0), (0.0, 1.0, 0.0), (0.009320920333266258, 0.9974470138549805, 0.07079941779375076), (0.009320920333266258, 0.9974470138549805, 0.07079941779375076), (0.0, 1.0, 0.0), (0.0, 1.0, 0.0), (0.0, 0.9974470138549805, 0.07141034305095673), (0.0, 0.9974470138549805, 0.07141034305095673), (0.0, 1.0, 0.0), (0.0, 1.0, 0.0), (-0.009320920333266258, 0.9974470138549805, 0.07079941779375076), (-0.009320920333266258, 0.9974470138549805, 0.07079941779375076), (0.0, 1.0, 0.0), (0.0, 1.0, 0.0), (-0.018482357263565063, 0.9974470138549805, 0.06897709518671036), (-0.018482357263565063, 0.9974470138549805, 0.06897709518671036), (0.0, 1.0, 0.0), (0.0, 1.0, 0.0), (-0.027327556163072586, 0.9974470138549805, 0.06597455590963364), (-0.027327556163072586, 0.9974470138549805, 0.06597455590963364), (0.0, 1.0, 0.0), (0.0, 1.0, 0.0), (-0.03570517152547836, 0.9974470138549805, 0.06184317171573639), (-0.03570517152547836, 0.9974470138549805, 0.06184317171573639), (0.0, 1.0, 0.0), (0.0, 1.0, 0.0), (-0.043471865355968475, 0.9974470138549805, 0.05665363743901253), (-0.043471865355968475, 0.9974470138549805, 0.05665363743901253), (0.0, 1.0, 0.0), (0.0, 1.0, 0.0), (-0.050494737923145294, 0.9974470138549805, 0.050494737923145294), (-0.050494737923145294, 0.9974470138549805, 0.050494737923145294), (0.0, 1.0, 0.0), (0.0, 1.0, 0.0), (-0.05665363743901253, 0.9974470138549805, 0.043471865355968475), (-0.05665363743901253, 0.9974470138549805, 0.043471865355968475), (0.0, 1.0, 0.0), (0.0, 1.0, 0.0), (-0.06184317171573639, 0.9974470138549805, 0.03570517152547836), (-0.06184317171573639, 0.9974470138549805, 0.03570517152547836), (0.0, 1.0, 0.0), (0.0, 1.0, 0.0), (-0.06597455590963364, 0.9974470138549805, 0.027327556163072586), (-0.06597455590963364, 0.9974470138549805, 0.027327556163072586), (0.0, 1.0, 0.0), (0.0, 1.0, 0.0), (-0.06897709518671036, 0.9974470138549805, 0.018482357263565063), (-0.06897709518671036, 0.9974470138549805, 0.018482357263565063), (0.0, 1.0, 0.0), (0.0, 1.0, 0.0), (-0.07079941779375076, 0.9974470138549805, 0.009320920333266258), (-0.07079941779375076, 0.9974470138549805, 0.009320920333266258), (0.0, 1.0, 0.0), (0.0, 1.0, 0.0), (-0.07141034305095673, 0.9974470138549805, 0.0), (-0.07141034305095673, 0.9974470138549805, 0.0), (0.0, 1.0, 0.0), (0.0, 1.0, 0.0), (-0.07079941779375076, 0.9974470138549805, -0.009320920333266258), (-0.07079941779375076, 0.9974470138549805, -0.009320920333266258), (0.0, 1.0, 0.0), (0.0, 1.0, 0.0), (-0.06897709518671036, 0.9974470138549805, -0.018482357263565063), (-0.06897709518671036, 0.9974470138549805, -0.018482357263565063), (0.0, 1.0, 0.0), (0.0, 1.0, 0.0), (-0.06597455590963364, 0.9974470138549805, -0.027327556163072586), (-0.06597455590963364, 0.9974470138549805, -0.027327556163072586), (0.0, 1.0, 0.0), (0.0, 1.0, 0.0), (-0.06184317171573639, 0.9974470138549805, -0.03570517152547836), (-0.06184317171573639, 0.9974470138549805, -0.03570517152547836), (0.0, 1.0, 0.0), (0.0, 1.0, 0.0), (-0.05665363743901253, 0.9974470138549805, -0.043471865355968475), (-0.05665363743901253, 0.9974470138549805, -0.043471865355968475), (0.0, 1.0, 0.0), (0.0, 1.0, 0.0), (-0.050494737923145294, 0.9974470138549805, -0.050494737923145294), (-0.050494737923145294, 0.9974470138549805, -0.050494737923145294), (0.0, 1.0, 0.0), (0.0, 1.0, 0.0), (-0.043471865355968475, 0.9974470138549805, -0.05665363743901253), (-0.043471865355968475, 0.9974470138549805, -0.05665363743901253), (0.0, 1.0, 0.0), (0.0, 1.0, 0.0), (-0.03570517152547836, 0.9974470138549805, -0.06184317171573639), (-0.03570517152547836, 0.9974470138549805, -0.06184317171573639), (0.0, 1.0, 0.0), (0.0, 1.0, 0.0), (-0.027327556163072586, 0.9974470138549805, -0.06597455590963364), (-0.027327556163072586, 0.9974470138549805, -0.06597455590963364), (0.0, 1.0, 0.0), (0.0, 1.0, 0.0), (-0.018482357263565063, 0.9974470138549805, -0.06897709518671036), (-0.018482357263565063, 0.9974470138549805, -0.06897709518671036), (0.0, 1.0, 0.0), (0.0, 1.0, 0.0), (-0.009320920333266258, 0.9974470138549805, -0.07079941779375076), (-0.009320920333266258, 0.9974470138549805, -0.07079941779375076), (0.0, 1.0, 0.0), (0.0, 1.0, 0.0), (0.0, 0.9974470138549805, -0.07141034305095673), (0.0, 0.9974470138549805, -0.07141034305095673), (0.0, 1.0, 0.0), (0.0, 1.0, 0.0), (0.009320920333266258, 0.9974470138549805, -0.07079941779375076), (0.009320920333266258, 0.9974470138549805, -0.07079941779375076), (0.0, 1.0, 0.0), (0.0, 1.0, 0.0), (0.018482357263565063, 0.9974470138549805, -0.06897709518671036), (0.018482357263565063, 0.9974470138549805, -0.06897709518671036), (0.0, 1.0, 0.0), (0.0, 1.0, 0.0), (0.027327556163072586, 0.9974470138549805, -0.06597455590963364), (0.027327556163072586, 0.9974470138549805, -0.06597455590963364), (0.0, 1.0, 0.0), (0.0, 1.0, 0.0), (0.03570517152547836, 0.9974470138549805, -0.06184317171573639), (0.03570517152547836, 0.9974470138549805, -0.06184317171573639), (0.0, 1.0, 0.0), (0.0, 1.0, 0.0), (0.043471865355968475, 0.9974470138549805, -0.05665363743901253), (0.043471865355968475, 0.9974470138549805, -0.05665363743901253), (0.0, 1.0, 0.0), (0.0, 1.0, 0.0), (0.050494737923145294, 0.9974470138549805, -0.050494737923145294), (0.050494737923145294, 0.9974470138549805, -0.050494737923145294), (0.0, 1.0, 0.0), (0.0, 1.0, 0.0), (0.05665363743901253, 0.9974470138549805, -0.043471865355968475), (0.05665363743901253, 0.9974470138549805, -0.043471865355968475), (0.0, 1.0, 0.0), (0.0, 1.0, 0.0), (0.06184317171573639, 0.9974470138549805, -0.03570517152547836), (0.06184317171573639, 0.9974470138549805, -0.03570517152547836), (0.0, 1.0, 0.0), (0.0, 1.0, 0.0), (0.06597455590963364, 0.9974470138549805, -0.027327556163072586), (0.06597455590963364, 0.9974470138549805, -0.027327556163072586), (0.0, 1.0, 0.0), (0.0, 1.0, 0.0), (0.06897709518671036, 0.9974470138549805, -0.018482357263565063), (0.06897709518671036, 0.9974470138549805, -0.018482357263565063), (0.0, 1.0, 0.0), (0.0, 1.0, 0.0), (0.07079941779375076, 0.9974470138549805, -0.009320920333266258), (0.07079941779375076, 0.9974470138549805, -0.009320920333266258), (0.0, 1.0, 0.0), (0.0, 1.0, 0.0), (0.07141034305095673, 0.9974470138549805, 0.0)]
        uniform token orientation = "rightHanded"
        uniform token subdivisionScheme = "none"
        uniform bool doubleSided = false
        uniform token purpose = "render"
        bool physics:collisionEnabled = false
        color3f[] primvars:displayColor = [(0.20000000298023224, 0.2199999988079071, 0.25)]
        custom rel material:binding = </EngineBell/Looks/Nozzle_Mat>
    }
    def Mesh "Throat" (
        prepend apiSchemas = ["PhysicsCollisionAPI", "MaterialBindingAPI"]
    )
    {
        point3f[] points = [(0.042043596506118774, 0.25999999046325684, 0.0), (0.04168390855193138, 0.25999999046325684, 0.005487790796905756), (0.04061099514365196, 0.25999999046325684, 0.01088168378919363), (0.038843218237161636, 0.25999999046325684, 0.016089387238025665), (0.036410823464393616, 0.25999999046325684, 0.021021798253059387), (0.03335542976856232, 0.25999999046325684, 0.025594519451260567), (0.029729312285780907, 0.25999999046325684, 0.029729312285780907), (0.025594519451260567, 0.25999999046325684, 0.03335542976856232), (0.021021798253059387, 0.25999999046325684, 0.036410823464393616), (0.016089387238025665, 0.25999999046325684, 0.038843218237161636), (0.01088168378919363, 0.25999999046325684, 0.04061099514365196), (0.005487790796905756, 0.25999999046325684, 0.04168390855193138), (0.0, 0.25999999046325684, 0.042043596506118774), (-0.005487790796905756, 0.25999999046325684, 0.04168390855193138), (-0.01088168378919363, 0.25999999046325684, 0.04061099514365196), (-0.016089387238025665, 0.25999999046325684, 0.038843218237161636), (-0.021021798253059387, 0.25999999046325684, 0.036410823464393616), (-0.025594519451260567, 0.25999999046325684, 0.03335542976856232), (-0.029729312285780907, 0.25999999046325684, 0.029729312285780907), (-0.03335542976856232, 0.25999999046325684, 0.025594519451260567), (-0.036410823464393616, 0.25999999046325684, 0.021021798253059387), (-0.038843218237161636, 0.25999999046325684, 0.016089387238025665), (-0.04061099514365196, 0.25999999046325684, 0.01088168378919363), (-0.04168390855193138, 0.25999999046325684, 0.005487790796905756), (-0.042043596506118774, 0.25999999046325684, 0.0), (-0.04168390855193138, 0.25999999046325684, -0.005487790796905756), (-0.04061099514365196, 0.25999999046325684, -0.01088168378919363), (-0.038843218237161636, 0.25999999046325684, -0.016089387238025665), (-0.036410823464393616, 0.25999999046325684, -0.021021798253059387), (-0.03335542976856232, 0.25999999046325684, -0.025594519451260567), (-0.029729312285780907, 0.25999999046325684, -0.029729312285780907), (-0.025594519451260567, 0.25999999046325684, -0.03335542976856232), (-0.021021798253059387, 0.25999999046325684, -0.036410823464393616), (-0.016089387238025665, 0.25999999046325684, -0.038843218237161636), (-0.01088168378919363, 0.25999999046325684, -0.04061099514365196), (-0.005487790796905756, 0.25999999046325684, -0.04168390855193138), (0.0, 0.25999999046325684, -0.042043596506118774), (0.005487790796905756, 0.25999999046325684, -0.04168390855193138), (0.01088168378919363, 0.25999999046325684, -0.04061099514365196), (0.016089387238025665, 0.25999999046325684, -0.038843218237161636), (0.021021798253059387, 0.25999999046325684, -0.036410823464393616), (0.025594519451260567, 0.25999999046325684, -0.03335542976856232), (0.029729312285780907, 0.25999999046325684, -0.029729312285780907), (0.03335542976856232, 0.25999999046325684, -0.025594519451260567), (0.036410823464393616, 0.25999999046325684, -0.021021798253059387), (0.038843218237161636, 0.25999999046325684, -0.016089387238025665), (0.04061099514365196, 0.25999999046325684, -0.01088168378919363), (0.04168390855193138, 0.25999999046325684, -0.005487790796905756), (0.042043596506118774, 0.41999998688697815, 0.0), (0.04168390855193138, 0.41999998688697815, 0.005487790796905756), (0.04061099514365196, 0.41999998688697815, 0.01088168378919363), (0.038843218237161636, 0.41999998688697815, 0.016089387238025665), (0.036410823464393616, 0.41999998688697815, 0.021021798253059387), (0.03335542976856232, 0.41999998688697815, 0.025594519451260567), (0.029729312285780907, 0.41999998688697815, 0.029729312285780907), (0.025594519451260567, 0.41999998688697815, 0.03335542976856232), (0.021021798253059387, 0.41999998688697815, 0.036410823464393616), (0.016089387238025665, 0.41999998688697815, 0.038843218237161636), (0.01088168378919363, 0.41999998688697815, 0.04061099514365196), (0.005487790796905756, 0.41999998688697815, 0.04168390855193138), (0.0, 0.41999998688697815, 0.042043596506118774), (-0.005487790796905756, 0.41999998688697815, 0.04168390855193138), (-0.01088168378919363, 0.41999998688697815, 0.04061099514365196), (-0.016089387238025665, 0.41999998688697815, 0.038843218237161636), (-0.021021798253059387, 0.41999998688697815, 0.036410823464393616), (-0.025594519451260567, 0.41999998688697815, 0.03335542976856232), (-0.029729312285780907, 0.41999998688697815, 0.029729312285780907), (-0.03335542976856232, 0.41999998688697815, 0.025594519451260567), (-0.036410823464393616, 0.41999998688697815, 0.021021798253059387), (-0.038843218237161636, 0.41999998688697815, 0.016089387238025665), (-0.04061099514365196, 0.41999998688697815, 0.01088168378919363), (-0.04168390855193138, 0.41999998688697815, 0.005487790796905756), (-0.042043596506118774, 0.41999998688697815, 0.0), (-0.04168390855193138, 0.41999998688697815, -0.005487790796905756), (-0.04061099514365196, 0.41999998688697815, -0.01088168378919363), (-0.038843218237161636, 0.41999998688697815, -0.016089387238025665), (-0.036410823464393616, 0.41999998688697815, -0.021021798253059387), (-0.03335542976856232, 0.41999998688697815, -0.025594519451260567), (-0.029729312285780907, 0.41999998688697815, -0.029729312285780907), (-0.025594519451260567, 0.41999998688697815, -0.03335542976856232), (-0.021021798253059387, 0.41999998688697815, -0.036410823464393616), (-0.016089387238025665, 0.41999998688697815, -0.038843218237161636), (-0.01088168378919363, 0.41999998688697815, -0.04061099514365196), (-0.005487790796905756, 0.41999998688697815, -0.04168390855193138), (0.0, 0.41999998688697815, -0.042043596506118774), (0.005487790796905756, 0.41999998688697815, -0.04168390855193138), (0.01088168378919363, 0.41999998688697815, -0.04061099514365196), (0.016089387238025665, 0.41999998688697815, -0.038843218237161636), (0.021021798253059387, 0.41999998688697815, -0.036410823464393616), (0.025594519451260567, 0.41999998688697815, -0.03335542976856232), (0.029729312285780907, 0.41999998688697815, -0.029729312285780907), (0.03335542976856232, 0.41999998688697815, -0.025594519451260567), (0.036410823464393616, 0.41999998688697815, -0.021021798253059387), (0.038843218237161636, 0.41999998688697815, -0.016089387238025665), (0.04061099514365196, 0.41999998688697815, -0.01088168378919363), (0.04168390855193138, 0.41999998688697815, -0.005487790796905756), (0.036043595522642136, 0.41999998688697815, 0.0), (0.03573523834347725, 0.41999998688697815, 0.004704633262008429), (0.03481544181704521, 0.41999998688697815, 0.009328769519925117), (0.03329994156956673, 0.41999998688697815, 0.013793287798762321), (0.031214671209454536, 0.41999998688697815, 0.018021797761321068), (0.02859530784189701, 0.41999998688697815, 0.021941952407360077), (0.025486672297120094, 0.41999998688697815, 0.025486672297120094), (0.021941952407360077, 0.41999998688697815, 0.02859530784189701), (0.018021797761321068, 0.41999998688697815, 0.031214671209454536), (0.013793287798762321, 0.41999998688697815, 0.03329994156956673), (0.009328769519925117, 0.41999998688697815, 0.03481544181704521), (0.004704633262008429, 0.41999998688697815, 0.03573523834347725), (0.0, 0.41999998688697815, 0.036043595522642136), (-0.004704633262008429, 0.41999998688697815, 0.03573523834347725), (-0.009328769519925117, 0.41999998688697815, 0.03481544181704521), (-0.013793287798762321, 0.41999998688697815, 0.03329994156956673), (-0.018021797761321068, 0.41999998688697815, 0.031214671209454536), (-0.021941952407360077, 0.41999998688697815, 0.02859530784189701), (-0.025486672297120094, 0.41999998688697815, 0.025486672297120094), (-0.02859530784189701, 0.41999998688697815, 0.021941952407360077), (-0.031214671209454536, 0.41999998688697815, 0.018021797761321068), (-0.03329994156956673, 0.41999998688697815, 0.013793287798762321), (-0.03481544181704521, 0.41999998688697815, 0.009328769519925117), (-0.03573523834347725, 0.41999998688697815, 0.004704633262008429), (-0.036043595522642136, 0.41999998688697815, 0.0), (-0.03573523834347725, 0.41999998688697815, -0.004704633262008429), (-0.03481544181704521, 0.41999998688697815, -0.009328769519925117), (-0.03329994156956673, 0.41999998688697815, -0.013793287798762321), (-0.031214671209454536, 0.41999998688697815, -0.018021797761321068), (-0.02859530784189701, 0.41999998688697815, -0.021941952407360077), (-0.025486672297120094, 0.41999998688697815, -0.025486672297120094), (-0.021941952407360077, 0.41999998688697815, -0.02859530784189701), (-0.018021797761321068, 0.41999998688697815, -0.031214671209454536), (-0.013793287798762321, 0.41999998688697815, -0.03329994156956673), (-0.009328769519925117, 0.41999998688697815, -0.03481544181704521), (-0.004704633262008429, 0.41999998688697815, -0.03573523834347725), (0.0, 0.41999998688697815, -0.036043595522642136), (0.004704633262008429, 0.41999998688697815, -0.03573523834347725), (0.009328769519925117, 0.41999998688697815, -0.03481544181704521), (0.013793287798762321, 0.41999998688697815, -0.03329994156956673), (0.018021797761321068, 0.41999998688697815, -0.031214671209454536), (0.021941952407360077, 0.41999998688697815, -0.02859530784189701), (0.025486672297120094, 0.41999998688697815, -0.025486672297120094), (0.02859530784189701, 0.41999998688697815, -0.021941952407360077), (0.031214671209454536, 0.41999998688697815, -0.018021797761321068), (0.03329994156956673, 0.41999998688697815, -0.013793287798762321), (0.03481544181704521, 0.41999998688697815, -0.009328769519925117), (0.03573523834347725, 0.41999998688697815, -0.004704633262008429), (0.036043595522642136, 0.25999999046325684, 0.0), (0.03573523834347725, 0.25999999046325684, 0.004704633262008429), (0.03481544181704521, 0.25999999046325684, 0.009328769519925117), (0.03329994156956673, 0.25999999046325684, 0.013793287798762321), (0.031214671209454536, 0.25999999046325684, 0.018021797761321068), (0.02859530784189701, 0.25999999046325684, 0.021941952407360077), (0.025486672297120094, 0.25999999046325684, 0.025486672297120094), (0.021941952407360077, 0.25999999046325684, 0.02859530784189701), (0.018021797761321068, 0.25999999046325684, 0.031214671209454536), (0.013793287798762321, 0.25999999046325684, 0.03329994156956673), (0.009328769519925117, 0.25999999046325684, 0.03481544181704521), (0.004704633262008429, 0.25999999046325684, 0.03573523834347725), (0.0, 0.25999999046325684, 0.036043595522642136), (-0.004704633262008429, 0.25999999046325684, 0.03573523834347725), (-0.009328769519925117, 0.25999999046325684, 0.03481544181704521), (-0.013793287798762321, 0.25999999046325684, 0.03329994156956673), (-0.018021797761321068, 0.25999999046325684, 0.031214671209454536), (-0.021941952407360077, 0.25999999046325684, 0.02859530784189701), (-0.025486672297120094, 0.25999999046325684, 0.025486672297120094), (-0.02859530784189701, 0.25999999046325684, 0.021941952407360077), (-0.031214671209454536, 0.25999999046325684, 0.018021797761321068), (-0.03329994156956673, 0.25999999046325684, 0.013793287798762321), (-0.03481544181704521, 0.25999999046325684, 0.009328769519925117), (-0.03573523834347725, 0.25999999046325684, 0.004704633262008429), (-0.036043595522642136, 0.25999999046325684, 0.0), (-0.03573523834347725, 0.25999999046325684, -0.004704633262008429), (-0.03481544181704521, 0.25999999046325684, -0.009328769519925117), (-0.03329994156956673, 0.25999999046325684, -0.013793287798762321), (-0.031214671209454536, 0.25999999046325684, -0.018021797761321068), (-0.02859530784189701, 0.25999999046325684, -0.021941952407360077), (-0.025486672297120094, 0.25999999046325684, -0.025486672297120094), (-0.021941952407360077, 0.25999999046325684, -0.02859530784189701), (-0.018021797761321068, 0.25999999046325684, -0.031214671209454536), (-0.013793287798762321, 0.25999999046325684, -0.03329994156956673), (-0.009328769519925117, 0.25999999046325684, -0.03481544181704521), (-0.004704633262008429, 0.25999999046325684, -0.03573523834347725), (0.0, 0.25999999046325684, -0.036043595522642136), (0.004704633262008429, 0.25999999046325684, -0.03573523834347725), (0.009328769519925117, 0.25999999046325684, -0.03481544181704521), (0.013793287798762321, 0.25999999046325684, -0.03329994156956673), (0.018021797761321068, 0.25999999046325684, -0.031214671209454536), (0.021941952407360077, 0.25999999046325684, -0.02859530784189701), (0.025486672297120094, 0.25999999046325684, -0.025486672297120094), (0.02859530784189701, 0.25999999046325684, -0.021941952407360077), (0.031214671209454536, 0.25999999046325684, -0.018021797761321068), (0.03329994156956673, 0.25999999046325684, -0.013793287798762321), (0.03481544181704521, 0.25999999046325684, -0.009328769519925117), (0.03573523834347725, 0.25999999046325684, -0.004704633262008429)]
        int[] faceVertexCounts = [4, 4, 4, 4, 4, 4, 4, 4, 4, 4, 4, 4, 4, 4, 4, 4, 4, 4, 4, 4, 4, 4, 4, 4, 4, 4, 4, 4, 4, 4, 4, 4, 4, 4, 4, 4, 4, 4, 4, 4, 4, 4, 4, 4, 4, 4, 4, 4, 4, 4, 4, 4, 4, 4, 4, 4, 4, 4, 4, 4, 4, 4, 4, 4, 4, 4, 4, 4, 4, 4, 4, 4, 4, 4, 4, 4, 4, 4, 4, 4, 4, 4, 4, 4, 4, 4, 4, 4, 4, 4, 4, 4, 4, 4, 4, 4, 4, 4, 4, 4, 4, 4, 4, 4, 4, 4, 4, 4, 4, 4, 4, 4, 4, 4, 4, 4, 4, 4, 4, 4, 4, 4, 4, 4, 4, 4, 4, 4, 4, 4, 4, 4, 4, 4, 4, 4, 4, 4, 4, 4, 4, 4, 4, 4, 4, 4, 4, 4, 4, 4, 4, 4, 4, 4, 4, 4, 4, 4, 4, 4, 4, 4, 4, 4, 4, 4, 4, 4, 4, 4, 4, 4, 4, 4, 4, 4, 4, 4, 4, 4, 4, 4, 4, 4, 4, 4, 4, 4, 4, 4, 4, 4]
        int[] faceVertexIndices = [0, 48, 49, 1, 1, 49, 50, 2, 2, 50, 51, 3, 3, 51, 52, 4, 4, 52, 53, 5, 5, 53, 54, 6, 6, 54, 55, 7, 7, 55, 56, 8, 8, 56, 57, 9, 9, 57, 58, 10, 10, 58, 59, 11, 11, 59, 60, 12, 12, 60, 61, 13, 13, 61, 62, 14, 14, 62, 63, 15, 15, 63, 64, 16, 16, 64, 65, 17, 17, 65, 66, 18, 18, 66, 67, 19, 19, 67, 68, 20, 20, 68, 69, 21, 21, 69, 70, 22, 22, 70, 71, 23, 23, 71, 72, 24, 24, 72, 73, 25, 25, 73, 74, 26, 26, 74, 75, 27, 27, 75, 76, 28, 28, 76, 77, 29, 29, 77, 78, 30, 30, 78, 79, 31, 31, 79, 80, 32, 32, 80, 81, 33, 33, 81, 82, 34, 34, 82, 83, 35, 35, 83, 84, 36, 36, 84, 85, 37, 37, 85, 86, 38, 38, 86, 87, 39, 39, 87, 88, 40, 40, 88, 89, 41, 41, 89, 90, 42, 42, 90, 91, 43, 43, 91, 92, 44, 44, 92, 93, 45, 45, 93, 94, 46, 46, 94, 95, 47, 47, 95, 48, 0, 48, 96, 97, 49, 49, 97, 98, 50, 50, 98, 99, 51, 51, 99, 100, 52, 52, 100, 101, 53, 53, 101, 102, 54, 54, 102, 103, 55, 55, 103, 104, 56, 56, 104, 105, 57, 57, 105, 106, 58, 58, 106, 107, 59, 59, 107, 108, 60, 60, 108, 109, 61, 61, 109, 110, 62, 62, 110, 111, 63, 63, 111, 112, 64, 64, 112, 113, 65, 65, 113, 114, 66, 66, 114, 115, 67, 67, 115, 116, 68, 68, 116, 117, 69, 69, 117, 118, 70, 70, 118, 119, 71, 71, 119, 120, 72, 72, 120, 121, 73, 73, 121, 122, 74, 74, 122, 123, 75, 75, 123, 124, 76, 76, 124, 125, 77, 77, 125, 126, 78, 78, 126, 127, 79, 79, 127, 128, 80, 80, 128, 129, 81, 81, 129, 130, 82, 82, 130, 131, 83, 83, 131, 132, 84, 84, 132, 133, 85, 85, 133, 134, 86, 86, 134, 135, 87, 87, 135, 136, 88, 88, 136, 137, 89, 89, 137, 138, 90, 90, 138, 139, 91, 91, 139, 140, 92, 92, 140, 141, 93, 93, 141, 142, 94, 94, 142, 143, 95, 95, 143, 96, 48, 96, 144, 145, 97, 97, 145, 146, 98, 98, 146, 147, 99, 99, 147, 148, 100, 100, 148, 149, 101, 101, 149, 150, 102, 102, 150, 151, 103, 103, 151, 152, 104, 104, 152, 153, 105, 105, 153, 154, 106, 106, 154, 155, 107, 107, 155, 156, 108, 108, 156, 157, 109, 109, 157, 158, 110, 110, 158, 159, 111, 111, 159, 160, 112, 112, 160, 161, 113, 113, 161, 162, 114, 114, 162, 163, 115, 115, 163, 164, 116, 116, 164, 165, 117, 117, 165, 166, 118, 118, 166, 167, 119, 119, 167, 168, 120, 120, 168, 169, 121, 121, 169, 170, 122, 122, 170, 171, 123, 123, 171, 172, 124, 124, 172, 173, 125, 125, 173, 174, 126, 126, 174, 175, 127, 127, 175, 176, 128, 128, 176, 177, 129, 129, 177, 178, 130, 130, 178, 179, 131, 131, 179, 180, 132, 132, 180, 181, 133, 133, 181, 182, 134, 134, 182, 183, 135, 135, 183, 184, 136, 136, 184, 185, 137, 137, 185, 186, 138, 138, 186, 187, 139, 139, 187, 188, 140, 140, 188, 189, 141, 141, 189, 190, 142, 142, 190, 191, 143, 143, 191, 144, 96, 144, 0, 1, 145, 145, 1, 2, 146, 146, 2, 3, 147, 147, 3, 4, 148, 148, 4, 5, 149, 149, 5, 6, 150, 150, 6, 7, 151, 151, 7, 8, 152, 152, 8, 9, 153, 153, 9, 10, 154, 154, 10, 11, 155, 155, 11, 12, 156, 156, 12, 13, 157, 157, 13, 14, 158, 158, 14, 15, 159, 159, 15, 16, 160, 160, 16, 17, 161, 161, 17, 18, 162, 162, 18, 19, 163, 163, 19, 20, 164, 164, 20, 21, 165, 165, 21, 22, 166, 166, 22, 23, 167, 167, 23, 24, 168, 168, 24, 25, 169, 169, 25, 26, 170, 170, 26, 27, 171, 171, 27, 28, 172, 172, 28, 29, 173, 173, 29, 30, 174, 174, 30, 31, 175, 175, 31, 32, 176, 176, 32, 33, 177, 177, 33, 34, 178, 178, 34, 35, 179, 179, 35, 36, 180, 180, 36, 37, 181, 181, 37, 38, 182, 182, 38, 39, 183, 183, 39, 40, 184, 184, 40, 41, 185, 185, 41, 42, 186, 186, 42, 43, 187, 187, 43, 44, 188, 188, 44, 45, 189, 189, 45, 46, 190, 190, 46, 47, 191, 191, 47, 0, 144]
        normal3f[] normals = [(1.0, 0.0, 0.0), (1.0, 0.0, 0.0), (0.9914448857307434, 0.0, 0.13052618503570557), (0.9914448857307434, 0.0, 0.13052618503570557), (0.9914448857307434, 0.0, 0.13052618503570557), (0.9914448857307434, 0.0, 0.13052618503570557), (0.9659258127212524, 0.0, 0.258819043636322), (0.9659258127212524, 0.0, 0.258819043636322), (0.9659258127212524, 0.0, 0.258819043636322), (0.9659258127212524, 0.0, 0.258819043636322), (0.9238795042037964, 0.0, 0.3826834261417389), (0.9238795042037964, 0.0, 0.3826834261417389), (0.9238795042037964, 0.0, 0.3826834261417389), (0.9238795042037964, 0.0, 0.3826834261417389), (0.8660253882408142, 0.0, 0.5), (0.8660253882408142, 0.0, 0.5), (0.8660253882408142, 0.0, 0.5), (0.8660253882408142, 0.0, 0.5), (0.7933533191680908, 0.0, 0.6087614297866821), (0.7933533191680908, 0.0, 0.6087614297866821), (0.7933533191680908, 0.0, 0.6087614297866821), (0.7933533191680908, 0.0, 0.6087614297866821), (0.7071067690849304, 0.0, 0.7071067690849304), (0.7071067690849304, 0.0, 0.7071067690849304), (0.7071067690849304, 0.0, 0.7071067690849304), (0.7071067690849304, 0.0, 0.7071067690849304), (0.6087614297866821, 0.0, 0.7933533191680908), (0.6087614297866821, 0.0, 0.7933533191680908), (0.6087614297866821, 0.0, 0.7933533191680908), (0.6087614297866821, 0.0, 0.7933533191680908), (0.5, 0.0, 0.8660253882408142), (0.5, 0.0, 0.8660253882408142), (0.5, 0.0, 0.8660253882408142), (0.5, 0.0, 0.8660253882408142), (0.3826834261417389, 0.0, 0.9238795042037964), (0.3826834261417389, 0.0, 0.9238795042037964), (0.3826834261417389, 0.0, 0.9238795042037964), (0.3826834261417389, 0.0, 0.9238795042037964), (0.258819043636322, 0.0, 0.9659258127212524), (0.258819043636322, 0.0, 0.9659258127212524), (0.258819043636322, 0.0, 0.9659258127212524), (0.258819043636322, 0.0, 0.9659258127212524), (0.13052618503570557, 0.0, 0.9914448857307434), (0.13052618503570557, 0.0, 0.9914448857307434), (0.13052618503570557, 0.0, 0.9914448857307434), (0.13052618503570557, 0.0, 0.9914448857307434), (0.0, 0.0, 1.0), (0.0, 0.0, 1.0), (0.0, 0.0, 1.0), (0.0, 0.0, 1.0), (-0.13052618503570557, 0.0, 0.9914448857307434), (-0.13052618503570557, 0.0, 0.9914448857307434), (-0.13052618503570557, 0.0, 0.9914448857307434), (-0.13052618503570557, 0.0, 0.9914448857307434), (-0.258819043636322, 0.0, 0.9659258127212524), (-0.258819043636322, 0.0, 0.9659258127212524), (-0.258819043636322, 0.0, 0.9659258127212524), (-0.258819043636322, 0.0, 0.9659258127212524), (-0.3826834261417389, 0.0, 0.9238795042037964), (-0.3826834261417389, 0.0, 0.9238795042037964), (-0.3826834261417389, 0.0, 0.9238795042037964), (-0.3826834261417389, 0.0, 0.9238795042037964), (-0.5, 0.0, 0.8660253882408142), (-0.5, 0.0, 0.8660253882408142), (-0.5, 0.0, 0.8660253882408142), (-0.5, 0.0, 0.8660253882408142), (-0.6087614297866821, 0.0, 0.7933533191680908), (-0.6087614297866821, 0.0, 0.7933533191680908), (-0.6087614297866821, 0.0, 0.7933533191680908), (-0.6087614297866821, 0.0, 0.7933533191680908), (-0.7071067690849304, 0.0, 0.7071067690849304), (-0.7071067690849304, 0.0, 0.7071067690849304), (-0.7071067690849304, 0.0, 0.7071067690849304), (-0.7071067690849304, 0.0, 0.7071067690849304), (-0.7933533191680908, 0.0, 0.6087614297866821), (-0.7933533191680908, 0.0, 0.6087614297866821), (-0.7933533191680908, 0.0, 0.6087614297866821), (-0.7933533191680908, 0.0, 0.6087614297866821), (-0.8660253882408142, 0.0, 0.5), (-0.8660253882408142, 0.0, 0.5), (-0.8660253882408142, 0.0, 0.5), (-0.8660253882408142, 0.0, 0.5), (-0.9238795042037964, 0.0, 0.3826834261417389), (-0.9238795042037964, 0.0, 0.3826834261417389), (-0.9238795042037964, 0.0, 0.3826834261417389), (-0.9238795042037964, 0.0, 0.3826834261417389), (-0.9659258127212524, 0.0, 0.258819043636322), (-0.9659258127212524, 0.0, 0.258819043636322), (-0.9659258127212524, 0.0, 0.258819043636322), (-0.9659258127212524, 0.0, 0.258819043636322), (-0.9914448857307434, 0.0, 0.13052618503570557), (-0.9914448857307434, 0.0, 0.13052618503570557), (-0.9914448857307434, 0.0, 0.13052618503570557), (-0.9914448857307434, 0.0, 0.13052618503570557), (-1.0, 0.0, 0.0), (-1.0, 0.0, 0.0), (-1.0, 0.0, 0.0), (-1.0, 0.0, 0.0), (-0.9914448857307434, 0.0, -0.13052618503570557), (-0.9914448857307434, 0.0, -0.13052618503570557), (-0.9914448857307434, 0.0, -0.13052618503570557), (-0.9914448857307434, 0.0, -0.13052618503570557), (-0.9659258127212524, 0.0, -0.258819043636322), (-0.9659258127212524, 0.0, -0.258819043636322), (-0.9659258127212524, 0.0, -0.258819043636322), (-0.9659258127212524, 0.0, -0.258819043636322), (-0.9238795042037964, 0.0, -0.3826834261417389), (-0.9238795042037964, 0.0, -0.3826834261417389), (-0.9238795042037964, 0.0, -0.3826834261417389), (-0.9238795042037964, 0.0, -0.3826834261417389), (-0.8660253882408142, 0.0, -0.5), (-0.8660253882408142, 0.0, -0.5), (-0.8660253882408142, 0.0, -0.5), (-0.8660253882408142, 0.0, -0.5), (-0.7933533191680908, 0.0, -0.6087614297866821), (-0.7933533191680908, 0.0, -0.6087614297866821), (-0.7933533191680908, 0.0, -0.6087614297866821), (-0.7933533191680908, 0.0, -0.6087614297866821), (-0.7071067690849304, 0.0, -0.7071067690849304), (-0.7071067690849304, 0.0, -0.7071067690849304), (-0.7071067690849304, 0.0, -0.7071067690849304), (-0.7071067690849304, 0.0, -0.7071067690849304), (-0.6087614297866821, 0.0, -0.7933533191680908), (-0.6087614297866821, 0.0, -0.7933533191680908), (-0.6087614297866821, 0.0, -0.7933533191680908), (-0.6087614297866821, 0.0, -0.7933533191680908), (-0.5, 0.0, -0.8660253882408142), (-0.5, 0.0, -0.8660253882408142), (-0.5, 0.0, -0.8660253882408142), (-0.5, 0.0, -0.8660253882408142), (-0.3826834261417389, 0.0, -0.9238795042037964), (-0.3826834261417389, 0.0, -0.9238795042037964), (-0.3826834261417389, 0.0, -0.9238795042037964), (-0.3826834261417389, 0.0, -0.9238795042037964), (-0.258819043636322, 0.0, -0.9659258127212524), (-0.258819043636322, 0.0, -0.9659258127212524), (-0.258819043636322, 0.0, -0.9659258127212524), (-0.258819043636322, 0.0, -0.9659258127212524), (-0.13052618503570557, 0.0, -0.9914448857307434), (-0.13052618503570557, 0.0, -0.9914448857307434), (-0.13052618503570557, 0.0, -0.9914448857307434), (-0.13052618503570557, 0.0, -0.9914448857307434), (0.0, 0.0, -1.0), (0.0, 0.0, -1.0), (0.0, 0.0, -1.0), (0.0, 0.0, -1.0), (0.13052618503570557, 0.0, -0.9914448857307434), (0.13052618503570557, 0.0, -0.9914448857307434), (0.13052618503570557, 0.0, -0.9914448857307434), (0.13052618503570557, 0.0, -0.9914448857307434), (0.258819043636322, 0.0, -0.9659258127212524), (0.258819043636322, 0.0, -0.9659258127212524), (0.258819043636322, 0.0, -0.9659258127212524), (0.258819043636322, 0.0, -0.9659258127212524), (0.3826834261417389, 0.0, -0.9238795042037964), (0.3826834261417389, 0.0, -0.9238795042037964), (0.3826834261417389, 0.0, -0.9238795042037964), (0.3826834261417389, 0.0, -0.9238795042037964), (0.5, 0.0, -0.8660253882408142), (0.5, 0.0, -0.8660253882408142), (0.5, 0.0, -0.8660253882408142), (0.5, 0.0, -0.8660253882408142), (0.6087614297866821, 0.0, -0.7933533191680908), (0.6087614297866821, 0.0, -0.7933533191680908), (0.6087614297866821, 0.0, -0.7933533191680908), (0.6087614297866821, 0.0, -0.7933533191680908), (0.7071067690849304, 0.0, -0.7071067690849304), (0.7071067690849304, 0.0, -0.7071067690849304), (0.7071067690849304, 0.0, -0.7071067690849304), (0.7071067690849304, 0.0, -0.7071067690849304), (0.7933533191680908, 0.0, -0.6087614297866821), (0.7933533191680908, 0.0, -0.6087614297866821), (0.7933533191680908, 0.0, -0.6087614297866821), (0.7933533191680908, 0.0, -0.6087614297866821), (0.8660253882408142, 0.0, -0.5), (0.8660253882408142, 0.0, -0.5), (0.8660253882408142, 0.0, -0.5), (0.8660253882408142, 0.0, -0.5), (0.9238795042037964, 0.0, -0.3826834261417389), (0.9238795042037964, 0.0, -0.3826834261417389), (0.9238795042037964, 0.0, -0.3826834261417389), (0.9238795042037964, 0.0, -0.3826834261417389), (0.9659258127212524, 0.0, -0.258819043636322), (0.9659258127212524, 0.0, -0.258819043636322), (0.9659258127212524, 0.0, -0.258819043636322), (0.9659258127212524, 0.0, -0.258819043636322), (0.9914448857307434, 0.0, -0.13052618503570557), (0.9914448857307434, 0.0, -0.13052618503570557), (0.9914448857307434, 0.0, -0.13052618503570557), (0.9914448857307434, 0.0, -0.13052618503570557), (1.0, 0.0, 0.0), (1.0, 0.0, 0.0), (0.0, 1.0, 0.0), (0.0, 1.0, 0.0), (0.0, 1.0, 0.0), (0.0, 1.0, 0.0), (0.0, 1.0, 0.0), (0.0, 1.0, 0.0), (0.0, 1.0, 0.0), (0.0, 1.0, 0.0), (0.0, 1.0, 0.0), (0.0, 1.0, 0.0), (0.0, 1.0, 0.0), (0.0, 1.0, 0.0), (0.0, 1.0, 0.0), (0.0, 1.0, 0.0), (0.0, 1.0, 0.0), (0.0, 1.0, 0.0), (0.0, 1.0, 0.0), (0.0, 1.0, 0.0), (0.0, 1.0, 0.0), (0.0, 1.0, 0.0), (0.0, 1.0, 0.0), (0.0, 1.0, 0.0), (0.0, 1.0, 0.0), (0.0, 1.0, 0.0), (0.0, 1.0, 0.0), (0.0, 1.0, 0.0), (0.0, 1.0, 0.0), (0.0, 1.0, 0.0), (0.0, 1.0, 0.0), (0.0, 1.0, 0.0), (0.0, 1.0, 0.0), (0.0, 1.0, 0.0), (0.0, 1.0, 0.0), (0.0, 1.0, 0.0), (0.0, 1.0, 0.0), (0.0, 1.0, 0.0), (0.0, 1.0, 0.0), (0.0, 1.0, 0.0), (0.0, 1.0, 0.0), (0.0, 1.0, 0.0), (0.0, 1.0, 0.0), (0.0, 1.0, 0.0), (0.0, 1.0, 0.0), (0.0, 1.0, 0.0), (0.0, 1.0, 0.0), (0.0, 1.0, 0.0), (0.0, 1.0, 0.0), (0.0, 1.0, 0.0), (0.0, 1.0, 0.0), (0.0, 1.0, 0.0), (0.0, 1.0, 0.0), (0.0, 1.0, 0.0), (0.0, 1.0, 0.0), (0.0, 1.0, 0.0), (0.0, 1.0, 0.0), (0.0, 1.0, 0.0), (0.0, 1.0, 0.0), (0.0, 1.0, 0.0), (0.0, 1.0, 0.0), (0.0, 1.0, 0.0), (0.0, 1.0, 0.0), (0.0, 1.0, 0.0), (0.0, 1.0, 0.0), (0.0, 1.0, 0.0), (0.0, 1.0, 0.0), (0.0, 1.0, 0.0), (0.0, 1.0, 0.0), (0.0, 1.0, 0.0), (0.0, 1.0, 0.0), (0.0, 1.0, 0.0), (0.0, 1.0, 0.0), (0.0, 1.0, 0.0), (0.0, 1.0, 0.0), (0.0, 1.0, 0.0), (0.0, 1.0, 0.0), (0.0, 1.0, 0.0), (0.0, 1.0, 0.0), (0.0, 1.0, 0.0), (0.0, 1.0, 0.0), (0.0, 1.0, 0.0), (0.0, 1.0, 0.0), (0.0, 1.0, 0.0), (0.0, 1.0, 0.0), (0.0, 1.0, 0.0), (0.0, 1.0, 0.0), (0.0, 1.0, 0.0), (0.0, 1.0, 0.0), (0.0, 1.0, 0.0), (0.0, 1.0, 0.0), (0.0, 1.0, 0.0), (0.0, 1.0, 0.0), (0.0, 1.0, 0.0), (0.0, 1.0, 0.0), (0.0, 1.0, 0.0), (0.0, 1.0, 0.0), (0.0, 1.0, 0.0), (0.0, 1.0, 0.0), (0.0, 1.0, 0.0), (0.0, 1.0, 0.0), (0.0, 1.0, 0.0), (0.0, 1.0, 0.0), (0.0, 1.0, 0.0), (0.0, 1.0, 0.0), (0.0, 1.0, 0.0), (0.0, 1.0, 0.0), (0.0, 1.0, 0.0), (0.0, 1.0, 0.0), (0.0, 1.0, 0.0), (0.0, 1.0, 0.0), (0.0, 1.0, 0.0), (0.0, 1.0, 0.0), (0.0, 1.0, 0.0), (0.0, 1.0, 0.0), (0.0, 1.0, 0.0), (0.0, 1.0, 0.0), (0.0, 1.0, 0.0), (0.0, 1.0, 0.0), (0.0, 1.0, 0.0), (0.0, 1.0, 0.0), (0.0, 1.0, 0.0), (0.0, 1.0, 0.0), (0.0, 1.0, 0.0), (0.0, 1.0, 0.0), (0.0, 1.0, 0.0), (0.0, 1.0, 0.0), (0.0, 1.0, 0.0), (0.0, 1.0, 0.0), (0.0, 1.0, 0.0), (0.0, 1.0, 0.0), (0.0, 1.0, 0.0), (0.0, 1.0, 0.0), (0.0, 1.0, 0.0), (0.0, 1.0, 0.0), (0.0, 1.0, 0.0), (0.0, 1.0, 0.0), (0.0, 1.0, 0.0), (0.0, 1.0, 0.0), (0.0, 1.0, 0.0), (0.0, 1.0, 0.0), (0.0, 1.0, 0.0), (0.0, 1.0, 0.0), (0.0, 1.0, 0.0), (0.0, 1.0, 0.0), (0.0, 1.0, 0.0), (0.0, 1.0, 0.0), (0.0, 1.0, 0.0), (0.0, 1.0, 0.0), (0.0, 1.0, 0.0), (0.0, 1.0, 0.0), (0.0, 1.0, 0.0), (0.0, 1.0, 0.0), (0.0, 1.0, 0.0), (0.0, 1.0, 0.0), (0.0, 1.0, 0.0), (0.0, 1.0, 0.0), (0.0, 1.0, 0.0), (0.0, 1.0, 0.0), (0.0, 1.0, 0.0), (0.0, 1.0, 0.0), (0.0, 1.0, 0.0), (0.0, 1.0, 0.0), (0.0, 1.0, 0.0), (0.0, 1.0, 0.0), (0.0, 1.0, 0.0), (0.0, 1.0, 0.0), (0.0, 1.0, 0.0), (0.0, 1.0, 0.0), (0.0, 1.0, 0.0), (0.0, 1.0, 0.0), (0.0, 1.0, 0.0), (0.0, 1.0, 0.0), (0.0, 1.0, 0.0), (0.0, 1.0, 0.0), (0.0, 1.0, 0.0), (0.0, 1.0, 0.0), (0.0, 1.0, 0.0), (0.0, 1.0, 0.0), (0.0, 1.0, 0.0), (0.0, 1.0, 0.0), (0.0, 1.0, 0.0), (0.0, 1.0, 0.0), (0.0, 1.0, 0.0), (0.0, 1.0, 0.0), (0.0, 1.0, 0.0), (0.0, 1.0, 0.0), (0.0, 1.0, 0.0), (0.0, 1.0, 0.0), (0.0, 1.0, 0.0), (0.0, 1.0, 0.0), (0.0, 1.0, 0.0), (0.0, 1.0, 0.0), (0.0, 1.0, 0.0), (-1.0, 0.0, 0.0), (-1.0, 0.0, 0.0), (-0.9914448857307434, 0.0, -0.13052618503570557), (-0.9914448857307434, 0.0, -0.13052618503570557), (-0.9914448857307434, 0.0, -0.13052618503570557), (-0.9914448857307434, 0.0, -0.13052618503570557), (-0.9659258127212524, 0.0, -0.258819043636322), (-0.9659258127212524, 0.0, -0.258819043636322), (-0.9659258127212524, 0.0, -0.258819043636322), (-0.9659258127212524, 0.0, -0.258819043636322), (-0.9238795042037964, 0.0, -0.3826834261417389), (-0.9238795042037964, 0.0, -0.3826834261417389), (-0.9238795042037964, 0.0, -0.3826834261417389), (-0.9238795042037964, 0.0, -0.3826834261417389), (-0.8660253882408142, 0.0, -0.5), (-0.8660253882408142, 0.0, -0.5), (-0.8660253882408142, 0.0, -0.5), (-0.8660253882408142, 0.0, -0.5), (-0.7933533191680908, 0.0, -0.6087614297866821), (-0.7933533191680908, 0.0, -0.6087614297866821), (-0.7933533191680908, 0.0, -0.6087614297866821), (-0.7933533191680908, 0.0, -0.6087614297866821), (-0.7071067690849304, 0.0, -0.7071067690849304), (-0.7071067690849304, 0.0, -0.7071067690849304), (-0.7071067690849304, 0.0, -0.7071067690849304), (-0.7071067690849304, 0.0, -0.7071067690849304), (-0.6087614297866821, 0.0, -0.7933533191680908), (-0.6087614297866821, 0.0, -0.7933533191680908), (-0.6087614297866821, 0.0, -0.7933533191680908), (-0.6087614297866821, 0.0, -0.7933533191680908), (-0.5, 0.0, -0.8660253882408142), (-0.5, 0.0, -0.8660253882408142), (-0.5, 0.0, -0.8660253882408142), (-0.5, 0.0, -0.8660253882408142), (-0.3826834261417389, 0.0, -0.9238795042037964), (-0.3826834261417389, 0.0, -0.9238795042037964), (-0.3826834261417389, 0.0, -0.9238795042037964), (-0.3826834261417389, 0.0, -0.9238795042037964), (-0.258819043636322, 0.0, -0.9659258127212524), (-0.258819043636322, 0.0, -0.9659258127212524), (-0.258819043636322, 0.0, -0.9659258127212524), (-0.258819043636322, 0.0, -0.9659258127212524), (-0.13052618503570557, 0.0, -0.9914448857307434), (-0.13052618503570557, 0.0, -0.9914448857307434), (-0.13052618503570557, 0.0, -0.9914448857307434), (-0.13052618503570557, 0.0, -0.9914448857307434), (0.0, 0.0, -1.0), (0.0, 0.0, -1.0), (0.0, 0.0, -1.0), (0.0, 0.0, -1.0), (0.13052618503570557, 0.0, -0.9914448857307434), (0.13052618503570557, 0.0, -0.9914448857307434), (0.13052618503570557, 0.0, -0.9914448857307434), (0.13052618503570557, 0.0, -0.9914448857307434), (0.258819043636322, 0.0, -0.9659258127212524), (0.258819043636322, 0.0, -0.9659258127212524), (0.258819043636322, 0.0, -0.9659258127212524), (0.258819043636322, 0.0, -0.9659258127212524), (0.3826834261417389, 0.0, -0.9238795042037964), (0.3826834261417389, 0.0, -0.9238795042037964), (0.3826834261417389, 0.0, -0.9238795042037964), (0.3826834261417389, 0.0, -0.9238795042037964), (0.5, 0.0, -0.8660253882408142), (0.5, 0.0, -0.8660253882408142), (0.5, 0.0, -0.8660253882408142), (0.5, 0.0, -0.8660253882408142), (0.6087614297866821, 0.0, -0.7933533191680908), (0.6087614297866821, 0.0, -0.7933533191680908), (0.6087614297866821, 0.0, -0.7933533191680908), (0.6087614297866821, 0.0, -0.7933533191680908), (0.7071067690849304, 0.0, -0.7071067690849304), (0.7071067690849304, 0.0, -0.7071067690849304), (0.7071067690849304, 0.0, -0.7071067690849304), (0.7071067690849304, 0.0, -0.7071067690849304), (0.7933533191680908, 0.0, -0.6087614297866821), (0.7933533191680908, 0.0, -0.6087614297866821), (0.7933533191680908, 0.0, -0.6087614297866821), (0.7933533191680908, 0.0, -0.6087614297866821), (0.8660253882408142, 0.0, -0.5), (0.8660253882408142, 0.0, -0.5), (0.8660253882408142, 0.0, -0.5), (0.8660253882408142, 0.0, -0.5), (0.9238795042037964, 0.0, -0.3826834261417389), (0.9238795042037964, 0.0, -0.3826834261417389), (0.9238795042037964, 0.0, -0.3826834261417389), (0.9238795042037964, 0.0, -0.3826834261417389), (0.9659258127212524, 0.0, -0.258819043636322), (0.9659258127212524, 0.0, -0.258819043636322), (0.9659258127212524, 0.0, -0.258819043636322), (0.9659258127212524, 0.0, -0.258819043636322), (0.9914448857307434, 0.0, -0.13052618503570557), (0.9914448857307434, 0.0, -0.13052618503570557), (0.9914448857307434, 0.0, -0.13052618503570557), (0.9914448857307434, 0.0, -0.13052618503570557), (1.0, 0.0, 0.0), (1.0, 0.0, 0.0), (1.0, 0.0, 0.0), (1.0, 0.0, 0.0), (0.9914448857307434, 0.0, 0.13052618503570557), (0.9914448857307434, 0.0, 0.13052618503570557), (0.9914448857307434, 0.0, 0.13052618503570557), (0.9914448857307434, 0.0, 0.13052618503570557), (0.9659258127212524, 0.0, 0.258819043636322), (0.9659258127212524, 0.0, 0.258819043636322), (0.9659258127212524, 0.0, 0.258819043636322), (0.9659258127212524, 0.0, 0.258819043636322), (0.9238795042037964, 0.0, 0.3826834261417389), (0.9238795042037964, 0.0, 0.3826834261417389), (0.9238795042037964, 0.0, 0.3826834261417389), (0.9238795042037964, 0.0, 0.3826834261417389), (0.8660253882408142, 0.0, 0.5), (0.8660253882408142, 0.0, 0.5), (0.8660253882408142, 0.0, 0.5), (0.8660253882408142, 0.0, 0.5), (0.7933533191680908, 0.0, 0.6087614297866821), (0.7933533191680908, 0.0, 0.6087614297866821), (0.7933533191680908, 0.0, 0.6087614297866821), (0.7933533191680908, 0.0, 0.6087614297866821), (0.7071067690849304, 0.0, 0.7071067690849304), (0.7071067690849304, 0.0, 0.7071067690849304), (0.7071067690849304, 0.0, 0.7071067690849304), (0.7071067690849304, 0.0, 0.7071067690849304), (0.6087614297866821, 0.0, 0.7933533191680908), (0.6087614297866821, 0.0, 0.7933533191680908), (0.6087614297866821, 0.0, 0.7933533191680908), (0.6087614297866821, 0.0, 0.7933533191680908), (0.5, 0.0, 0.8660253882408142), (0.5, 0.0, 0.8660253882408142), (0.5, 0.0, 0.8660253882408142), (0.5, 0.0, 0.8660253882408142), (0.3826834261417389, 0.0, 0.9238795042037964), (0.3826834261417389, 0.0, 0.9238795042037964), (0.3826834261417389, 0.0, 0.9238795042037964), (0.3826834261417389, 0.0, 0.9238795042037964), (0.258819043636322, 0.0, 0.9659258127212524), (0.258819043636322, 0.0, 0.9659258127212524), (0.258819043636322, 0.0, 0.9659258127212524), (0.258819043636322, 0.0, 0.9659258127212524), (0.13052618503570557, 0.0, 0.9914448857307434), (0.13052618503570557, 0.0, 0.9914448857307434), (0.13052618503570557, 0.0, 0.9914448857307434), (0.13052618503570557, 0.0, 0.9914448857307434), (0.0, 0.0, 1.0), (0.0, 0.0, 1.0), (0.0, 0.0, 1.0), (0.0, 0.0, 1.0), (-0.13052618503570557, 0.0, 0.9914448857307434), (-0.13052618503570557, 0.0, 0.9914448857307434), (-0.13052618503570557, 0.0, 0.9914448857307434), (-0.13052618503570557, 0.0, 0.9914448857307434), (-0.258819043636322, 0.0, 0.9659258127212524), (-0.258819043636322, 0.0, 0.9659258127212524), (-0.258819043636322, 0.0, 0.9659258127212524), (-0.258819043636322, 0.0, 0.9659258127212524), (-0.3826834261417389, 0.0, 0.9238795042037964), (-0.3826834261417389, 0.0, 0.9238795042037964), (-0.3826834261417389, 0.0, 0.9238795042037964), (-0.3826834261417389, 0.0, 0.9238795042037964), (-0.5, 0.0, 0.8660253882408142), (-0.5, 0.0, 0.8660253882408142), (-0.5, 0.0, 0.8660253882408142), (-0.5, 0.0, 0.8660253882408142), (-0.6087614297866821, 0.0, 0.7933533191680908), (-0.6087614297866821, 0.0, 0.7933533191680908), (-0.6087614297866821, 0.0, 0.7933533191680908), (-0.6087614297866821, 0.0, 0.7933533191680908), (-0.7071067690849304, 0.0, 0.7071067690849304), (-0.7071067690849304, 0.0, 0.7071067690849304), (-0.7071067690849304, 0.0, 0.7071067690849304), (-0.7071067690849304, 0.0, 0.7071067690849304), (-0.7933533191680908, 0.0, 0.6087614297866821), (-0.7933533191680908, 0.0, 0.6087614297866821), (-0.7933533191680908, 0.0, 0.6087614297866821), (-0.7933533191680908, 0.0, 0.6087614297866821), (-0.8660253882408142, 0.0, 0.5), (-0.8660253882408142, 0.0, 0.5), (-0.8660253882408142, 0.0, 0.5), (-0.8660253882408142, 0.0, 0.5), (-0.9238795042037964, 0.0, 0.3826834261417389), (-0.9238795042037964, 0.0, 0.3826834261417389), (-0.9238795042037964, 0.0, 0.3826834261417389), (-0.9238795042037964, 0.0, 0.3826834261417389), (-0.9659258127212524, 0.0, 0.258819043636322), (-0.9659258127212524, 0.0, 0.258819043636322), (-0.9659258127212524, 0.0, 0.258819043636322), (-0.9659258127212524, 0.0, 0.258819043636322), (-0.9914448857307434, 0.0, 0.13052618503570557), (-0.9914448857307434, 0.0, 0.13052618503570557), (-0.9914448857307434, 0.0, 0.13052618503570557), (-0.9914448857307434, 0.0, 0.13052618503570557), (-1.0, 0.0, 0.0), (-1.0, 0.0, 0.0), (0.0, -1.0, 0.0), (0.0, -1.0, 0.0), (0.0, -1.0, 0.0), (0.0, -1.0, 0.0), (0.0, -1.0, 0.0), (0.0, -1.0, 0.0), (0.0, -1.0, 0.0), (0.0, -1.0, 0.0), (0.0, -1.0, 0.0), (0.0, -1.0, 0.0), (0.0, -1.0, 0.0), (0.0, -1.0, 0.0), (0.0, -1.0, 0.0), (0.0, -1.0, 0.0), (0.0, -1.0, 0.0), (0.0, -1.0, 0.0), (0.0, -1.0, 0.0), (0.0, -1.0, 0.0), (0.0, -1.0, 0.0), (0.0, -1.0, 0.0), (0.0, -1.0, 0.0), (0.0, -1.0, 0.0), (0.0, -1.0, 0.0), (0.0, -1.0, 0.0), (0.0, -1.0, 0.0), (0.0, -1.0, 0.0), (0.0, -1.0, 0.0), (0.0, -1.0, 0.0), (0.0, -1.0, 0.0), (0.0, -1.0, 0.0), (0.0, -1.0, 0.0), (0.0, -1.0, 0.0), (0.0, -1.0, 0.0), (0.0, -1.0, 0.0), (0.0, -1.0, 0.0), (0.0, -1.0, 0.0), (0.0, -1.0, 0.0), (0.0, -1.0, 0.0), (0.0, -1.0, 0.0), (0.0, -1.0, 0.0), (0.0, -1.0, 0.0), (0.0, -1.0, 0.0), (0.0, -1.0, 0.0), (0.0, -1.0, 0.0), (0.0, -1.0, 0.0), (0.0, -1.0, 0.0), (0.0, -1.0, 0.0), (0.0, -1.0, 0.0), (0.0, -1.0, 0.0), (0.0, -1.0, 0.0), (0.0, -1.0, 0.0), (0.0, -1.0, 0.0), (0.0, -1.0, 0.0), (0.0, -1.0, 0.0), (0.0, -1.0, 0.0), (0.0, -1.0, 0.0), (0.0, -1.0, 0.0), (0.0, -1.0, 0.0), (0.0, -1.0, 0.0), (0.0, -1.0, 0.0), (0.0, -1.0, 0.0), (0.0, -1.0, 0.0), (0.0, -1.0, 0.0), (0.0, -1.0, 0.0), (0.0, -1.0, 0.0), (0.0, -1.0, 0.0), (0.0, -1.0, 0.0), (0.0, -1.0, 0.0), (0.0, -1.0, 0.0), (0.0, -1.0, 0.0), (0.0, -1.0, 0.0), (0.0, -1.0, 0.0), (0.0, -1.0, 0.0), (0.0, -1.0, 0.0), (0.0, -1.0, 0.0), (0.0, -1.0, 0.0), (0.0, -1.0, 0.0), (0.0, -1.0, 0.0), (0.0, -1.0, 0.0), (0.0, -1.0, 0.0), (0.0, -1.0, 0.0), (0.0, -1.0, 0.0), (0.0, -1.0, 0.0), (0.0, -1.0, 0.0), (0.0, -1.0, 0.0), (0.0, -1.0, 0.0), (0.0, -1.0, 0.0), (0.0, -1.0, 0.0), (0.0, -1.0, 0.0), (0.0, -1.0, 0.0), (0.0, -1.0, 0.0), (0.0, -1.0, 0.0), (0.0, -1.0, 0.0), (0.0, -1.0, 0.0), (0.0, -1.0, 0.0), (0.0, -1.0, 0.0), (0.0, -1.0, 0.0), (0.0, -1.0, 0.0), (0.0, -1.0, 0.0), (0.0, -1.0, 0.0), (0.0, -1.0, 0.0), (0.0, -1.0, 0.0), (0.0, -1.0, 0.0), (0.0, -1.0, 0.0), (0.0, -1.0, 0.0), (0.0, -1.0, 0.0), (0.0, -1.0, 0.0), (0.0, -1.0, 0.0), (0.0, -1.0, 0.0), (0.0, -1.0, 0.0), (0.0, -1.0, 0.0), (0.0, -1.0, 0.0), (0.0, -1.0, 0.0), (0.0, -1.0, 0.0), (0.0, -1.0, 0.0), (0.0, -1.0, 0.0), (0.0, -1.0, 0.0), (0.0, -1.0, 0.0), (0.0, -1.0, 0.0), (0.0, -1.0, 0.0), (0.0, -1.0, 0.0), (0.0, -1.0, 0.0), (0.0, -1.0, 0.0), (0.0, -1.0, 0.0), (0.0, -1.0, 0.0), (0.0, -1.0, 0.0), (0.0, -1.0, 0.0), (0.0, -1.0, 0.0), (0.0, -1.0, 0.0), (0.0, -1.0, 0.0), (0.0, -1.0, 0.0), (0.0, -1.0, 0.0), (0.0, -1.0, 0.0), (0.0, -1.0, 0.0), (0.0, -1.0, 0.0), (0.0, -1.0, 0.0), (0.0, -1.0, 0.0), (0.0, -1.0, 0.0), (0.0, -1.0, 0.0), (0.0, -1.0, 0.0), (0.0, -1.0, 0.0), (0.0, -1.0, 0.0), (0.0, -1.0, 0.0), (0.0, -1.0, 0.0), (0.0, -1.0, 0.0), (0.0, -1.0, 0.0), (0.0, -1.0, 0.0), (0.0, -1.0, 0.0), (0.0, -1.0, 0.0), (0.0, -1.0, 0.0), (0.0, -1.0, 0.0), (0.0, -1.0, 0.0), (0.0, -1.0, 0.0), (0.0, -1.0, 0.0), (0.0, -1.0, 0.0), (0.0, -1.0, 0.0), (0.0, -1.0, 0.0), (0.0, -1.0, 0.0), (0.0, -1.0, 0.0), (0.0, -1.0, 0.0), (0.0, -1.0, 0.0), (0.0, -1.0, 0.0), (0.0, -1.0, 0.0), (0.0, -1.0, 0.0), (0.0, -1.0, 0.0), (0.0, -1.0, 0.0), (0.0, -1.0, 0.0), (0.0, -1.0, 0.0), (0.0, -1.0, 0.0), (0.0, -1.0, 0.0), (0.0, -1.0, 0.0), (0.0, -1.0, 0.0), (0.0, -1.0, 0.0), (0.0, -1.0, 0.0), (0.0, -1.0, 0.0), (0.0, -1.0, 0.0), (0.0, -1.0, 0.0), (0.0, -1.0, 0.0), (0.0, -1.0, 0.0), (0.0, -1.0, 0.0), (0.0, -1.0, 0.0), (0.0, -1.0, 0.0), (0.0, -1.0, 0.0), (0.0, -1.0, 0.0), (0.0, -1.0, 0.0), (0.0, -1.0, 0.0), (0.0, -1.0, 0.0), (0.0, -1.0, 0.0), (0.0, -1.0, 0.0), (0.0, -1.0, 0.0), (0.0, -1.0, 0.0), (0.0, -1.0, 0.0)]
        uniform token orientation = "rightHanded"
        uniform token subdivisionScheme = "none"
        uniform bool doubleSided = false
        uniform token purpose = "render"
        bool physics:collisionEnabled = false
        color3f[] primvars:displayColor = [(0.550000011920929, 0.5799999833106995, 0.6200000047683716)]
        custom rel material:binding = </EngineBell/Looks/Nozzle_Mat>
    }
}
